{
	"__comment": "golden_shovel",
	"parent": "golden_shovel",
	"textures": {
		"golden_shovel": "item/golden_shovel"
	},
	"elements": [ 	 
		{
			"__comment": "Voxels",
			"from": [ -3.5, 6, 6.5 ],
			"to": [ -1, 11.5, 8 ],
			"faces": {
				"down": { "uv": [ 14, 13, 15.25, 13.75 ], "texture": "#golden_shovel" },
				"up": { "uv": [ 14, 12.25, 15.25, 11.5 ], "texture": "#golden_shovel" },
				"north": { "uv": [ 7.5, 11.75, 6.25, 14.5 ], "texture": "#golden_shovel" },
				"south": { "uv": [ 3.75, 8.75, 5, 11.5 ], "texture": "#golden_shovel" },
				"west": { "uv": [ 8, 9.25, 8.75, 12 ], "texture": "#golden_shovel" },
				"east": { "uv": [ 10, 11.75, 9.25, 14.5 ], "texture": "#golden_shovel" }
			}
		},
		{
			"__comment": "Voxels",
			"from": [ -3.5, 6, 8 ],
			"to": [ -1, 7.5, 14 ],
			"faces": {
				"down": { "uv": [ 3.75, 11.5, 5, 14.5 ], "texture": "#golden_shovel" },
				"up": { "uv": [ 5, 14.5, 6.25, 11.5 ], "texture": "#golden_shovel" },
				"north": { "uv": [ 15.25, 12.25, 14, 13 ], "texture": "#golden_shovel" },
				"south": { "uv": [ 11.5, 12.25, 12.75, 13 ], "texture": "#golden_shovel" },
				"west": { "uv": [ 9.25, 14.5, 12.25, 15.25 ], "texture": "#golden_shovel" },
				"east": { "uv": [ 15.25, 14.5, 12.25, 15.25 ], "texture": "#golden_shovel" }
			}
		},
		{
			"__comment": "Voxels",
			"from": [ -3.5, 7.5, 12.5 ],
			"to": [ -1, 11.5, 14 ],
			"faces": {
				"down": { "uv": [ 12.75, 13, 14, 13.75 ], "texture": "#golden_shovel" },
				"up": { "uv": [ 8, 9.25, 9.25, 8.5 ], "texture": "#golden_shovel" },
				"north": { "uv": [ 9.25, 14, 8, 16 ], "texture": "#golden_shovel" },
				"south": { "uv": [ 8, 12, 9.25, 14 ], "texture": "#golden_shovel" },
				"west": { "uv": [ 10.75, 11.75, 11.5, 13.75 ], "texture": "#golden_shovel" },
				"east": { "uv": [ 10.75, 9.75, 10, 11.75 ], "texture": "#golden_shovel" }
			}
		},
		{
			"__comment": "Voxels",
			"from": [ -3.5, 10, 8 ],
			"to": [ -1, 11.5, 12.5 ],
			"faces": {
				"down": { "uv": [ 0, 8.25, 1.25, 10.5 ], "texture": "#golden_shovel" },
				"up": { "uv": [ 1.25, 10.5, 2.5, 8.25 ], "texture": "#golden_shovel" },
				"north": { "uv": [ 5, 8, 3.75, 8.75 ], "texture": "#golden_shovel" },
				"south": { "uv": [ 12.75, 12.25, 14, 13 ], "texture": "#golden_shovel" },
				"west": { "uv": [ 10.75, 13.75, 13, 14.5 ], "texture": "#golden_shovel" },
				"east": { "uv": [ 15.25, 13.75, 13, 14.5 ], "texture": "#golden_shovel" }
			}
		},
		{
			"__comment": "Voxels",
			"from": [ -3.5, 13, 5 ],
			"to": [ -1, 14.5, 16 ],
			"faces": {
				"down": { "uv": [ 0, 10.5, 1.25, 16 ], "texture": "#golden_shovel" },
				"up": { "uv": [ 1.25, 16, 2.5, 10.5 ], "texture": "#golden_shovel" },
				"north": { "uv": [ 6.25, 8, 5, 8.75 ], "texture": "#golden_shovel" },
				"south": { "uv": [ 6.25, 8, 7.5, 8.75 ], "texture": "#golden_shovel" },
				"west": { "uv": [ 2.5, 14.5, 8, 15.25 ], "texture": "#golden_shovel" },
				"east": { "uv": [ 8, 15.25, 2.5, 16 ], "texture": "#golden_shovel" }
			}
		},
		{
			"__comment": "Voxels",
			"from": [ -3.5, 15, 6.5 ],
			"to": [ -1, 20.5, 8 ],
			"faces": {
				"down": { "uv": [ 11.5, 13, 12.75, 13.75 ], "texture": "#golden_shovel" },
				"up": { "uv": [ 11.5, 11.5, 12.75, 10.75 ], "texture": "#golden_shovel" },
				"north": { "uv": [ 7.5, 8.75, 6.25, 11.5 ], "texture": "#golden_shovel" },
				"south": { "uv": [ 5, 8.75, 6.25, 11.5 ], "texture": "#golden_shovel" },
				"west": { "uv": [ 9.25, 9, 10, 11.75 ], "texture": "#golden_shovel" },
				"east": { "uv": [ 10.75, 11.75, 10, 14.5 ], "texture": "#golden_shovel" }
			}
		},
		{
			"__comment": "Voxels",
			"from": [ -3.5, 19, 8 ],
			"to": [ -1, 20.5, 14.5 ],
			"faces": {
				"down": { "uv": [ 2.5, 8, 3.75, 11.25 ], "texture": "#golden_shovel" },
				"up": { "uv": [ 2.5, 14.5, 3.75, 11.25 ], "texture": "#golden_shovel" },
				"north": { "uv": [ 12.75, 11.5, 11.5, 12.25 ], "texture": "#golden_shovel" },
				"south": { "uv": [ 12.75, 11.5, 14, 12.25 ], "texture": "#golden_shovel" },
				"west": { "uv": [ 9.25, 15.25, 12.5, 16 ], "texture": "#golden_shovel" },
				"east": { "uv": [ 15.75, 15.25, 12.5, 16 ], "texture": "#golden_shovel" }
			}
		}
	],
	"display": {
		"gui": {
			"rotation":  [ 0, -90, 0 ],
			"translation":  [ 2.0869, -5.564, -10.43 ]
		},
		"head": {
			"rotation":  [ 0, 90, 0 ],
			"translation":  [ -3.477, 9.7391, -15.3 ],
			"scale":  [ 1.5, 1.5, 1.5 ]
		},
		"fixed": {
			"rotation":  [ 0, 90, 0 ],
			"translation":  [ -3.477, -7.65, -14.6 ],
			"scale":  [ 1.5, 1.5, 1.5 ]
		}
	}
}