{
	"__comment": "golden_carrot",
	"parent": "golden_carrot",
	"textures": {
		"golden_carrot": "item/golden_carrot"
	},
	"elements": [ 	 
		{
			"__comment": "Voxels",
			"from": [ 1, 5, 7 ],
			"to": [ 5, 6, 9 ],
			"faces": {
				"down": { "uv": [ 0.5, 10.25, 1.5, 10.75 ], "texture": "#golden_carrot" },
				"up": { "uv": [ 1, 12, 2, 11.5 ], "texture": "#golden_carrot" },
				"north": { "uv": [ 1.5, 12, 0.5, 12.25 ], "texture": "#golden_carrot" },
				"south": { "uv": [ 1, 11.25, 2, 11.5 ], "texture": "#golden_carrot" },
				"west": { "uv": [ 0, 8, 0.5, 8.25 ], "texture": "#golden_carrot" },
				"east": { "uv": [ 1, 8, 0.5, 8.25 ], "texture": "#golden_carrot" }
			}
		},
		{
			"__comment": "Voxels",
			"from": [ 1, 6, 7 ],
			"to": [ 3, 7, 9 ],
			"faces": {
				"down": { "uv": [ 3.5, 10.5, 4, 11 ], "texture": "#golden_carrot" },
				"up": { "uv": [ 3.5, 10.5, 4, 10 ], "texture": "#golden_carrot" },
				"north": { "uv": [ 4, 12.5, 3.5, 12.75 ], "texture": "#golden_carrot" },
				"south": { "uv": [ 3.5, 11.25, 4, 11.5 ], "texture": "#golden_carrot" },
				"west": { "uv": [ 3.5, 11, 4, 11.25 ], "texture": "#golden_carrot" },
				"east": { "uv": [ 3.25, 9.5, 2.75, 9.75 ], "texture": "#golden_carrot" }
			}
		},
		{
			"__comment": "Voxels",
			"from": [ 2, 1, 6 ],
			"to": [ 4, 2, 7 ],
			"faces": {
				"down": { "uv": [ 5, 10.25, 5.5, 10.5 ], "texture": "#golden_carrot" },
				"up": { "uv": [ 5, 10.25, 5.5, 10 ], "texture": "#golden_carrot" },
				"north": { "uv": [ 5.5, 9.75, 5, 10 ], "texture": "#golden_carrot" },
				"south": { "uv": [ 4.5, 8, 5, 8.25 ], "texture": "#golden_carrot" },
				"west": { "uv": [ 3.75, 9.25, 4, 9.5 ], "texture": "#golden_carrot" },
				"east": { "uv": [ 4, 9, 3.75, 9.25 ], "texture": "#golden_carrot" }
			}
		},
		{
			"__comment": "Voxels",
			"from": [ 2, 1, 9 ],
			"to": [ 4, 2, 10 ],
			"faces": {
				"down": { "uv": [ 7.25, 13.25, 7.75, 13.5 ], "texture": "#golden_carrot" },
				"up": { "uv": [ 7.25, 13.25, 7.75, 13 ], "texture": "#golden_carrot" },
				"north": { "uv": [ 7.75, 12.75, 7.25, 13 ], "texture": "#golden_carrot" },
				"south": { "uv": [ 7.25, 12.5, 7.75, 12.75 ], "texture": "#golden_carrot" },
				"west": { "uv": [ 3.75, 8.75, 4, 9 ], "texture": "#golden_carrot" },
				"east": { "uv": [ 4, 8.5, 3.75, 8.75 ], "texture": "#golden_carrot" }
			}
		},
		{
			"__comment": "Voxels",
			"from": [ 2, 4, 7 ],
			"to": [ 3, 5, 9 ],
			"faces": {
				"down": { "uv": [ 1.75, 8.25, 2, 8.75 ], "texture": "#golden_carrot" },
				"up": { "uv": [ 3.75, 12.5, 4, 12 ], "texture": "#golden_carrot" },
				"north": { "uv": [ 4, 8.25, 3.75, 8.5 ], "texture": "#golden_carrot" },
				"south": { "uv": [ 3.75, 8, 4, 8.25 ], "texture": "#golden_carrot" },
				"west": { "uv": [ 7.25, 11.25, 7.75, 11.5 ], "texture": "#golden_carrot" },
				"east": { "uv": [ 7.75, 11, 7.25, 11.25 ], "texture": "#golden_carrot" }
			}
		},
		{
			"__comment": "Voxels",
			"from": [ 2, 7, 7 ],
			"to": [ 5, 8, 9 ],
			"faces": {
				"down": { "uv": [ 1, 8.25, 1.75, 8.75 ], "texture": "#golden_carrot" },
				"up": { "uv": [ 1.25, 10.25, 2, 9.75 ], "texture": "#golden_carrot" },
				"north": { "uv": [ 8, 14.5, 7.25, 14.75 ], "texture": "#golden_carrot" },
				"south": { "uv": [ 7.25, 14.25, 8, 14.5 ], "texture": "#golden_carrot" },
				"west": { "uv": [ 7.25, 10.75, 7.75, 11 ], "texture": "#golden_carrot" },
				"east": { "uv": [ 7.75, 10.5, 7.25, 10.75 ], "texture": "#golden_carrot" }
			}
		},
		{
			"__comment": "Voxels",
			"from": [ 3, 0, 6 ],
			"to": [ 4, 1, 10 ],
			"faces": {
				"down": { "uv": [ 5.5, 11.75, 5.75, 12.75 ], "texture": "#golden_carrot" },
				"up": { "uv": [ 5.75, 12.75, 6, 11.75 ], "texture": "#golden_carrot" },
				"north": { "uv": [ 5.5, 14.25, 5.25, 14.5 ], "texture": "#golden_carrot" },
				"south": { "uv": [ 5.25, 14, 5.5, 14.25 ], "texture": "#golden_carrot" },
				"west": { "uv": [ 5.5, 11.5, 6.5, 11.75 ], "texture": "#golden_carrot" },
				"east": { "uv": [ 6.5, 11.25, 5.5, 11.5 ], "texture": "#golden_carrot" }
			}
		},
		{
			"__comment": "Voxels",
			"from": [ 3, 1, 7 ],
			"to": [ 4, 4, 9 ],
			"faces": {
				"down": { "uv": [ 3.75, 11.5, 4, 12 ], "texture": "#golden_carrot" },
				"up": { "uv": [ 6.25, 10.5, 6.5, 10 ], "texture": "#golden_carrot" },
				"north": { "uv": [ 6.75, 8.75, 6.5, 9.5 ], "texture": "#golden_carrot" },
				"south": { "uv": [ 6.5, 8, 6.75, 8.75 ], "texture": "#golden_carrot" },
				"west": { "uv": [ 3.5, 12.75, 4, 13.5 ], "texture": "#golden_carrot" },
				"east": { "uv": [ 3.25, 9.75, 2.75, 10.5 ], "texture": "#golden_carrot" }
			}
		},
		{
			"__comment": "Voxels",
			"from": [ 3, 2, 6 ],
			"to": [ 4, 3, 7 ],
			"faces": {
				"down": { "uv": [ 5.25, 13.75, 5.5, 14 ], "texture": "#golden_carrot" },
				"up": { "uv": [ 5.25, 13.75, 5.5, 13.5 ], "texture": "#golden_carrot" },
				"north": { "uv": [ 5.5, 13.25, 5.25, 13.5 ], "texture": "#golden_carrot" },
				"south": { "uv": [ 5.25, 13, 5.5, 13.25 ], "texture": "#golden_carrot" },
				"west": { "uv": [ 5.25, 12.75, 5.5, 13 ], "texture": "#golden_carrot" },
				"east": { "uv": [ 5.5, 12.5, 5.25, 12.75 ], "texture": "#golden_carrot" }
			}
		},
		{
			"__comment": "Voxels",
			"from": [ 3, 2, 9 ],
			"to": [ 4, 3, 10 ],
			"faces": {
				"down": { "uv": [ 5.25, 12.25, 5.5, 12.5 ], "texture": "#golden_carrot" },
				"up": { "uv": [ 5.25, 12.25, 5.5, 12 ], "texture": "#golden_carrot" },
				"north": { "uv": [ 5.5, 11.75, 5.25, 12 ], "texture": "#golden_carrot" },
				"south": { "uv": [ 5.25, 11.5, 5.5, 11.75 ], "texture": "#golden_carrot" },
				"west": { "uv": [ 5.25, 11.25, 5.5, 11.5 ], "texture": "#golden_carrot" },
				"east": { "uv": [ 5.5, 11, 5.25, 11.25 ], "texture": "#golden_carrot" }
			}
		},
		{
			"__comment": "Voxels",
			"from": [ 3, 4, 6 ],
			"to": [ 4, 5, 7 ],
			"faces": {
				"down": { "uv": [ 5.25, 10.75, 5.5, 11 ], "texture": "#golden_carrot" },
				"up": { "uv": [ 5.25, 10.75, 5.5, 10.5 ], "texture": "#golden_carrot" },
				"north": { "uv": [ 8, 13.25, 7.75, 13.5 ], "texture": "#golden_carrot" },
				"south": { "uv": [ 8.75, 9, 9, 9.25 ], "texture": "#golden_carrot" },
				"west": { "uv": [ 7.75, 13, 8, 13.25 ], "texture": "#golden_carrot" },
				"east": { "uv": [ 8, 12.75, 7.75, 13 ], "texture": "#golden_carrot" }
			}
		},
		{
			"__comment": "Voxels",
			"from": [ 3, 4, 9 ],
			"to": [ 4, 5, 10 ],
			"faces": {
				"down": { "uv": [ 8.5, 9, 8.75, 9.25 ], "texture": "#golden_carrot" },
				"up": { "uv": [ 7.75, 12.75, 8, 12.5 ], "texture": "#golden_carrot" },
				"north": { "uv": [ 8, 12.25, 7.75, 12.5 ], "texture": "#golden_carrot" },
				"south": { "uv": [ 7.75, 12, 8, 12.25 ], "texture": "#golden_carrot" },
				"west": { "uv": [ 7.75, 11.75, 8, 12 ], "texture": "#golden_carrot" },
				"east": { "uv": [ 8, 11.5, 7.75, 11.75 ], "texture": "#golden_carrot" }
			}
		},
		{
			"__comment": "Voxels",
			"from": [ 4, 0, 5 ],
			"to": [ 5, 8, 6 ],
			"faces": {
				"down": { "uv": [ 7.75, 11.25, 8, 11.5 ], "texture": "#golden_carrot" },
				"up": { "uv": [ 7.75, 11.25, 8, 11 ], "texture": "#golden_carrot" },
				"north": { "uv": [ 2.25, 13.5, 2, 15.5 ], "texture": "#golden_carrot" },
				"south": { "uv": [ 2.25, 13.5, 2.5, 15.5 ], "texture": "#golden_carrot" },
				"west": { "uv": [ 2.5, 13.5, 2.75, 15.5 ], "texture": "#golden_carrot" },
				"east": { "uv": [ 3, 13.5, 2.75, 15.5 ], "texture": "#golden_carrot" }
			}
		},
		{
			"__comment": "Voxels",
			"from": [ 4, 0, 10 ],
			"to": [ 5, 8, 11 ],
			"faces": {
				"down": { "uv": [ 7.75, 10.75, 8, 11 ], "texture": "#golden_carrot" },
				"up": { "uv": [ 7.75, 10.75, 8, 10.5 ], "texture": "#golden_carrot" },
				"north": { "uv": [ 3.25, 13.5, 3, 15.5 ], "texture": "#golden_carrot" },
				"south": { "uv": [ 2.75, 11.5, 3, 13.5 ], "texture": "#golden_carrot" },
				"west": { "uv": [ 3.25, 13.5, 3.5, 15.5 ], "texture": "#golden_carrot" },
				"east": { "uv": [ 3.75, 13.5, 3.5, 15.5 ], "texture": "#golden_carrot" }
			}
		},
		{
			"__comment": "Voxels",
			"from": [ 4, 1, 4 ],
			"to": [ 6, 2, 5 ],
			"faces": {
				"down": { "uv": [ 15, 15.75, 15.5, 16 ], "texture": "#golden_carrot" },
				"up": { "uv": [ 15.5, 16, 16, 15.75 ], "texture": "#golden_carrot" },
				"north": { "uv": [ 8.75, 15.5, 8.25, 15.75 ], "texture": "#golden_carrot" },
				"south": { "uv": [ 8.75, 15.5, 9.25, 15.75 ], "texture": "#golden_carrot" },
				"west": { "uv": [ 7.75, 10.25, 8, 10.5 ], "texture": "#golden_carrot" },
				"east": { "uv": [ 8, 10, 7.75, 10.25 ], "texture": "#golden_carrot" }
			}
		},
		{
			"__comment": "Voxels",
			"from": [ 4, 1, 11 ],
			"to": [ 6, 2, 12 ],
			"faces": {
				"down": { "uv": [ 9.25, 15.5, 9.75, 15.75 ], "texture": "#golden_carrot" },
				"up": { "uv": [ 9.75, 15.75, 10.25, 15.5 ], "texture": "#golden_carrot" },
				"north": { "uv": [ 10.75, 15.5, 10.25, 15.75 ], "texture": "#golden_carrot" },
				"south": { "uv": [ 10.75, 15.5, 11.25, 15.75 ], "texture": "#golden_carrot" },
				"west": { "uv": [ 7.75, 9.75, 8, 10 ], "texture": "#golden_carrot" },
				"east": { "uv": [ 8, 9.5, 7.75, 9.75 ], "texture": "#golden_carrot" }
			}
		},
		{
			"__comment": "Voxels",
			"from": [ 4, 3, 6 ],
			"to": [ 5, 4, 10 ],
			"faces": {
				"down": { "uv": [ 5.75, 14.75, 6, 15.75 ], "texture": "#golden_carrot" },
				"up": { "uv": [ 6, 15.75, 6.25, 14.75 ], "texture": "#golden_carrot" },
				"north": { "uv": [ 8, 9.25, 7.75, 9.5 ], "texture": "#golden_carrot" },
				"south": { "uv": [ 7.75, 9, 8, 9.25 ], "texture": "#golden_carrot" },
				"west": { "uv": [ 5.5, 13.25, 6.5, 13.5 ], "texture": "#golden_carrot" },
				"east": { "uv": [ 6.5, 10.5, 5.5, 10.75 ], "texture": "#golden_carrot" }
			}
		},
		{
			"__comment": "Voxels",
			"from": [ 4, 5, 6 ],
			"to": [ 5, 6, 7 ],
			"faces": {
				"down": { "uv": [ 7.75, 8.75, 8, 9 ], "texture": "#golden_carrot" },
				"up": { "uv": [ 7.75, 8.75, 8, 8.5 ], "texture": "#golden_carrot" },
				"north": { "uv": [ 8.25, 8, 8, 8.25 ], "texture": "#golden_carrot" },
				"south": { "uv": [ 15.75, 15.5, 16, 15.75 ], "texture": "#golden_carrot" },
				"west": { "uv": [ 8.5, 11.5, 8.75, 11.75 ], "texture": "#golden_carrot" },
				"east": { "uv": [ 9, 11.5, 8.75, 11.75 ], "texture": "#golden_carrot" }
			}
		},
		{
			"__comment": "Voxels",
			"from": [ 4, 5, 9 ],
			"to": [ 5, 6, 10 ],
			"faces": {
				"down": { "uv": [ 8.5, 11.25, 8.75, 11.5 ], "texture": "#golden_carrot" },
				"up": { "uv": [ 8.75, 11.5, 9, 11.25 ], "texture": "#golden_carrot" },
				"north": { "uv": [ 8.75, 11, 8.5, 11.25 ], "texture": "#golden_carrot" },
				"south": { "uv": [ 8.75, 11, 9, 11.25 ], "texture": "#golden_carrot" },
				"west": { "uv": [ 8.5, 10.75, 8.75, 11 ], "texture": "#golden_carrot" },
				"east": { "uv": [ 9, 10.75, 8.75, 11 ], "texture": "#golden_carrot" }
			}
		},
		{
			"__comment": "Voxels",
			"from": [ 4, 6, 7 ],
			"to": [ 12, 7, 9 ],
			"faces": {
				"down": { "uv": [ 0, 15.5, 2, 16 ], "texture": "#golden_carrot" },
				"up": { "uv": [ 0, 15.5, 2, 15 ], "texture": "#golden_carrot" },
				"north": { "uv": [ 4, 15.75, 2, 16 ], "texture": "#golden_carrot" },
				"south": { "uv": [ 2, 15.5, 4, 15.75 ], "texture": "#golden_carrot" },
				"west": { "uv": [ 12.25, 15.5, 12.75, 15.75 ], "texture": "#golden_carrot" },
				"east": { "uv": [ 13.25, 15.5, 12.75, 15.75 ], "texture": "#golden_carrot" }
			}
		},
		{
			"__comment": "Voxels",
			"from": [ 5, 0, 4 ],
			"to": [ 6, 1, 5 ],
			"faces": {
				"down": { "uv": [ 8.5, 10.5, 8.75, 10.75 ], "texture": "#golden_carrot" },
				"up": { "uv": [ 8.75, 10.75, 9, 10.5 ], "texture": "#golden_carrot" },
				"north": { "uv": [ 8.75, 10.25, 8.5, 10.5 ], "texture": "#golden_carrot" },
				"south": { "uv": [ 8.75, 10.25, 9, 10.5 ], "texture": "#golden_carrot" },
				"west": { "uv": [ 8.5, 10, 8.75, 10.25 ], "texture": "#golden_carrot" },
				"east": { "uv": [ 9, 10, 8.75, 10.25 ], "texture": "#golden_carrot" }
			}
		},
		{
			"__comment": "Voxels",
			"from": [ 5, 0, 11 ],
			"to": [ 6, 1, 12 ],
			"faces": {
				"down": { "uv": [ 8.5, 9.75, 8.75, 10 ], "texture": "#golden_carrot" },
				"up": { "uv": [ 8.75, 10, 9, 9.75 ], "texture": "#golden_carrot" },
				"north": { "uv": [ 8.75, 9.5, 8.5, 9.75 ], "texture": "#golden_carrot" },
				"south": { "uv": [ 8.75, 9.5, 9, 9.75 ], "texture": "#golden_carrot" },
				"west": { "uv": [ 8.5, 9.25, 8.75, 9.5 ], "texture": "#golden_carrot" },
				"east": { "uv": [ 9, 9.25, 8.75, 9.5 ], "texture": "#golden_carrot" }
			}
		},
		{
			"__comment": "Voxels",
			"from": [ 5, 2, 4 ],
			"to": [ 11, 4, 5 ],
			"faces": {
				"down": { "uv": [ 2.25, 8.75, 3.75, 9 ], "texture": "#golden_carrot" },
				"up": { "uv": [ 2, 11.5, 3.5, 11.25 ], "texture": "#golden_carrot" },
				"north": { "uv": [ 2, 10.75, 0.5, 11.25 ], "texture": "#golden_carrot" },
				"south": { "uv": [ 0.5, 13, 2, 13.5 ], "texture": "#golden_carrot" },
				"west": { "uv": [ 8, 15.25, 8.25, 15.75 ], "texture": "#golden_carrot" },
				"east": { "uv": [ 8.5, 12, 8.25, 12.5 ], "texture": "#golden_carrot" }
			}
		},
		{
			"__comment": "Voxels",
			"from": [ 5, 2, 11 ],
			"to": [ 6, 8, 12 ],
			"faces": {
				"down": { "uv": [ 8.5, 8.75, 8.75, 9 ], "texture": "#golden_carrot" },
				"up": { "uv": [ 8.75, 9, 9, 8.75 ], "texture": "#golden_carrot" },
				"north": { "uv": [ 2.25, 9.5, 2, 11 ], "texture": "#golden_carrot" },
				"south": { "uv": [ 2, 8, 2.25, 9.5 ], "texture": "#golden_carrot" },
				"west": { "uv": [ 2.25, 9.5, 2.5, 11 ], "texture": "#golden_carrot" },
				"east": { "uv": [ 2.75, 9.5, 2.5, 11 ], "texture": "#golden_carrot" }
			}
		},
		{
			"__comment": "Voxels",
			"from": [ 5, 4, 4 ],
			"to": [ 6, 8, 5 ],
			"faces": {
				"down": { "uv": [ 8.5, 8.5, 8.75, 8.75 ], "texture": "#golden_carrot" },
				"up": { "uv": [ 8.75, 8.75, 9, 8.5 ], "texture": "#golden_carrot" },
				"north": { "uv": [ 5.75, 8.5, 5.5, 9.5 ], "texture": "#golden_carrot" },
				"south": { "uv": [ 5.75, 8.5, 6, 9.5 ], "texture": "#golden_carrot" },
				"west": { "uv": [ 6, 8.5, 6.25, 9.5 ], "texture": "#golden_carrot" },
				"east": { "uv": [ 6.5, 8.5, 6.25, 9.5 ], "texture": "#golden_carrot" }
			}
		},
		{
			"__comment": "Voxels",
			"from": [ 5, 6, 6 ],
			"to": [ 11, 7, 7 ],
			"faces": {
				"down": { "uv": [ 2.25, 8.5, 3.75, 8.75 ], "texture": "#golden_carrot" },
				"up": { "uv": [ 2.25, 8.5, 3.75, 8.25 ], "texture": "#golden_carrot" },
				"north": { "uv": [ 3.75, 8, 2.25, 8.25 ], "texture": "#golden_carrot" },
				"south": { "uv": [ 4, 15.75, 5.5, 16 ], "texture": "#golden_carrot" },
				"west": { "uv": [ 8.5, 8.25, 8.75, 8.5 ], "texture": "#golden_carrot" },
				"east": { "uv": [ 9.75, 11.25, 9.5, 11.5 ], "texture": "#golden_carrot" }
			}
		},
		{
			"__comment": "Voxels",
			"from": [ 5, 6, 9 ],
			"to": [ 11, 7, 10 ],
			"faces": {
				"down": { "uv": [ 4, 15, 5.5, 15.25 ], "texture": "#golden_carrot" },
				"up": { "uv": [ 4, 15, 5.5, 14.75 ], "texture": "#golden_carrot" },
				"north": { "uv": [ 5.5, 14.5, 4, 14.75 ], "texture": "#golden_carrot" },
				"south": { "uv": [ 4, 15.5, 5.5, 15.75 ], "texture": "#golden_carrot" },
				"west": { "uv": [ 9.5, 11.5, 9.75, 11.75 ], "texture": "#golden_carrot" },
				"east": { "uv": [ 13.5, 14.25, 13.25, 14.5 ], "texture": "#golden_carrot" }
			}
		},
		{
			"__comment": "Voxels",
			"from": [ 5, 7, 5 ],
			"to": [ 7, 8, 7 ],
			"faces": {
				"down": { "uv": [ 6.75, 15, 7.25, 15.5 ], "texture": "#golden_carrot" },
				"up": { "uv": [ 6.75, 15, 7.25, 14.5 ], "texture": "#golden_carrot" },
				"north": { "uv": [ 14, 15.25, 13.5, 15.5 ], "texture": "#golden_carrot" },
				"south": { "uv": [ 14, 15.25, 14.5, 15.5 ], "texture": "#golden_carrot" },
				"west": { "uv": [ 14.5, 15.25, 15, 15.5 ], "texture": "#golden_carrot" },
				"east": { "uv": [ 15.5, 15.25, 15, 15.5 ], "texture": "#golden_carrot" }
			}
		},
		{
			"__comment": "Voxels",
			"from": [ 5, 7, 9 ],
			"to": [ 7, 8, 11 ],
			"faces": {
				"down": { "uv": [ 6.75, 12.5, 7.25, 13 ], "texture": "#golden_carrot" },
				"up": { "uv": [ 6.75, 12.5, 7.25, 12 ], "texture": "#golden_carrot" },
				"north": { "uv": [ 16, 15.25, 15.5, 15.5 ], "texture": "#golden_carrot" },
				"south": { "uv": [ 8.5, 15, 9, 15.25 ], "texture": "#golden_carrot" },
				"west": { "uv": [ 9, 15, 9.5, 15.25 ], "texture": "#golden_carrot" },
				"east": { "uv": [ 10, 15, 9.5, 15.25 ], "texture": "#golden_carrot" }
			}
		},
		{
			"__comment": "Voxels",
			"from": [ 6, 0, 3 ],
			"to": [ 10, 3, 4 ],
			"faces": {
				"down": { "uv": [ 1, 8, 2, 8.25 ], "texture": "#golden_carrot" },
				"up": { "uv": [ 4, 10.5, 5, 10.25 ], "texture": "#golden_carrot" },
				"north": { "uv": [ 2, 13.5, 1, 14.25 ], "texture": "#golden_carrot" },
				"south": { "uv": [ 1, 14.25, 2, 15 ], "texture": "#golden_carrot" },
				"west": { "uv": [ 7, 8.25, 7.25, 9 ], "texture": "#golden_carrot" },
				"east": { "uv": [ 7, 8.25, 6.75, 9 ], "texture": "#golden_carrot" }
			}
		},
		{
			"__comment": "Voxels",
			"from": [ 6, 0, 12 ],
			"to": [ 10, 3, 13 ],
			"faces": {
				"down": { "uv": [ 4, 10, 5, 10.25 ], "texture": "#golden_carrot" },
				"up": { "uv": [ 4, 10, 5, 9.75 ], "texture": "#golden_carrot" },
				"north": { "uv": [ 1, 11.25, 0, 12 ], "texture": "#golden_carrot" },
				"south": { "uv": [ 0.5, 12.25, 1.5, 13 ], "texture": "#golden_carrot" },
				"west": { "uv": [ 6.75, 9.75, 7, 10.5 ], "texture": "#golden_carrot" },
				"east": { "uv": [ 7.25, 9.75, 7, 10.5 ], "texture": "#golden_carrot" }
			}
		},
		{
			"__comment": "Voxels",
			"from": [ 6, 1, 2 ],
			"to": [ 7, 2, 3 ],
			"faces": {
				"down": { "uv": [ 13, 14.25, 13.25, 14.5 ], "texture": "#golden_carrot" },
				"up": { "uv": [ 9.25, 10.25, 9.5, 10 ], "texture": "#golden_carrot" },
				"north": { "uv": [ 9.5, 10.25, 9.25, 10.5 ], "texture": "#golden_carrot" },
				"south": { "uv": [ 9.25, 10.5, 9.5, 10.75 ], "texture": "#golden_carrot" },
				"west": { "uv": [ 9.25, 10.75, 9.5, 11 ], "texture": "#golden_carrot" },
				"east": { "uv": [ 9.5, 11.5, 9.25, 11.75 ], "texture": "#golden_carrot" }
			}
		},
		{
			"__comment": "Voxels",
			"from": [ 6, 1, 13 ],
			"to": [ 7, 2, 14 ],
			"faces": {
				"down": { "uv": [ 9.25, 12.5, 9.5, 12.75 ], "texture": "#golden_carrot" },
				"up": { "uv": [ 9.25, 13, 9.5, 12.75 ], "texture": "#golden_carrot" },
				"north": { "uv": [ 9.5, 13.5, 9.25, 13.75 ], "texture": "#golden_carrot" },
				"south": { "uv": [ 9.25, 13.75, 9.5, 14 ], "texture": "#golden_carrot" },
				"west": { "uv": [ 9.25, 14.25, 9.5, 14.5 ], "texture": "#golden_carrot" },
				"east": { "uv": [ 15.5, 14.5, 15.25, 14.75 ], "texture": "#golden_carrot" }
			}
		},
		{
			"__comment": "Voxels",
			"from": [ 6, 3, 11 ],
			"to": [ 11, 4, 12 ],
			"faces": {
				"down": { "uv": [ 4, 14.25, 5.25, 14.5 ], "texture": "#golden_carrot" },
				"up": { "uv": [ 4, 14.25, 5.25, 14 ], "texture": "#golden_carrot" },
				"north": { "uv": [ 5.25, 13.75, 4, 14 ], "texture": "#golden_carrot" },
				"south": { "uv": [ 4, 12, 5.25, 12.25 ], "texture": "#golden_carrot" },
				"west": { "uv": [ 15, 14.5, 15.25, 14.75 ], "texture": "#golden_carrot" },
				"east": { "uv": [ 15, 14.5, 14.75, 14.75 ], "texture": "#golden_carrot" }
			}
		},
		{
			"__comment": "Voxels",
			"from": [ 6, 4, 3 ],
			"to": [ 7, 5, 4 ],
			"faces": {
				"down": { "uv": [ 14.5, 14.5, 14.75, 14.75 ], "texture": "#golden_carrot" },
				"up": { "uv": [ 14.25, 14.75, 14.5, 14.5 ], "texture": "#golden_carrot" },
				"north": { "uv": [ 14.25, 14.5, 14, 14.75 ], "texture": "#golden_carrot" },
				"south": { "uv": [ 9, 12.75, 9.25, 13 ], "texture": "#golden_carrot" },
				"west": { "uv": [ 14.75, 14.75, 15, 15 ], "texture": "#golden_carrot" },
				"east": { "uv": [ 14.75, 14.75, 14.5, 15 ], "texture": "#golden_carrot" }
			}
		},
		{
			"__comment": "Voxels",
			"from": [ 6, 4, 12 ],
			"to": [ 7, 5, 13 ],
			"faces": {
				"down": { "uv": [ 14.25, 14.75, 14.5, 15 ], "texture": "#golden_carrot" },
				"up": { "uv": [ 14, 15, 14.25, 14.75 ], "texture": "#golden_carrot" },
				"north": { "uv": [ 13.5, 14.75, 13.25, 15 ], "texture": "#golden_carrot" },
				"south": { "uv": [ 10.75, 14.75, 11, 15 ], "texture": "#golden_carrot" },
				"west": { "uv": [ 9.25, 11.75, 9.5, 12 ], "texture": "#golden_carrot" },
				"east": { "uv": [ 10.75, 14.75, 10.5, 15 ], "texture": "#golden_carrot" }
			}
		},
		{
			"__comment": "Voxels",
			"from": [ 6, 5, 4 ],
			"to": [ 11, 6, 5 ],
			"faces": {
				"down": { "uv": [ 4, 13.25, 5.25, 13.5 ], "texture": "#golden_carrot" },
				"up": { "uv": [ 4, 13.25, 5.25, 13 ], "texture": "#golden_carrot" },
				"north": { "uv": [ 5.25, 12.75, 4, 13 ], "texture": "#golden_carrot" },
				"south": { "uv": [ 4, 12.5, 5.25, 12.75 ], "texture": "#golden_carrot" },
				"west": { "uv": [ 8.75, 8.25, 9, 8.5 ], "texture": "#golden_carrot" },
				"east": { "uv": [ 9.75, 10.5, 9.5, 10.75 ], "texture": "#golden_carrot" }
			}
		},
		{
			"__comment": "Voxels",
			"from": [ 6, 5, 11 ],
			"to": [ 11, 6, 12 ],
			"faces": {
				"down": { "uv": [ 4, 11.75, 5.25, 12 ], "texture": "#golden_carrot" },
				"up": { "uv": [ 4, 11.75, 5.25, 11.5 ], "texture": "#golden_carrot" },
				"north": { "uv": [ 5.25, 11.25, 4, 11.5 ], "texture": "#golden_carrot" },
				"south": { "uv": [ 4, 11, 5.25, 11.25 ], "texture": "#golden_carrot" },
				"west": { "uv": [ 9.5, 10.75, 9.75, 11 ], "texture": "#golden_carrot" },
				"east": { "uv": [ 9.75, 11, 9.5, 11.25 ], "texture": "#golden_carrot" }
			}
		},
		{
			"__comment": "Voxels",
			"from": [ 6, 6, 5 ],
			"to": [ 12, 7, 6 ],
			"faces": {
				"down": { "uv": [ 4, 15.25, 5.5, 15.5 ], "texture": "#golden_carrot" },
				"up": { "uv": [ 2, 11.25, 3.5, 11 ], "texture": "#golden_carrot" },
				"north": { "uv": [ 3.75, 9, 2.25, 9.25 ], "texture": "#golden_carrot" },
				"south": { "uv": [ 2.25, 9.25, 3.75, 9.5 ], "texture": "#golden_carrot" },
				"west": { "uv": [ 9.75, 14.75, 10, 15 ], "texture": "#golden_carrot" },
				"east": { "uv": [ 9.75, 14.75, 9.5, 15 ], "texture": "#golden_carrot" }
			}
		},
		{
			"__comment": "Voxels",
			"from": [ 6, 6, 10 ],
			"to": [ 10, 7, 11 ],
			"faces": {
				"down": { "uv": [ 5.5, 14.5, 6.5, 14.75 ], "texture": "#golden_carrot" },
				"up": { "uv": [ 5.5, 14.5, 6.5, 14.25 ], "texture": "#golden_carrot" },
				"north": { "uv": [ 6.5, 14, 5.5, 14.25 ], "texture": "#golden_carrot" },
				"south": { "uv": [ 5.5, 13.75, 6.5, 14 ], "texture": "#golden_carrot" },
				"west": { "uv": [ 9, 11.5, 9.25, 11.75 ], "texture": "#golden_carrot" },
				"east": { "uv": [ 9.25, 11.75, 9, 12 ], "texture": "#golden_carrot" }
			}
		},
		{
			"__comment": "Voxels",
			"from": [ 7, 2, 5 ],
			"to": [ 12, 3, 6 ],
			"faces": {
				"down": { "uv": [ 4, 10.75, 5.25, 11 ], "texture": "#golden_carrot" },
				"up": { "uv": [ 4, 10.75, 5.25, 10.5 ], "texture": "#golden_carrot" },
				"north": { "uv": [ 5.25, 13.5, 4, 13.75 ], "texture": "#golden_carrot" },
				"south": { "uv": [ 4, 12.25, 5.25, 12.5 ], "texture": "#golden_carrot" },
				"west": { "uv": [ 9, 10.5, 9.25, 10.75 ], "texture": "#golden_carrot" },
				"east": { "uv": [ 9.25, 11.25, 9, 11.5 ], "texture": "#golden_carrot" }
			}
		},
		{
			"__comment": "Voxels",
			"from": [ 7, 3, 3 ],
			"to": [ 9, 4, 4 ],
			"faces": {
				"down": { "uv": [ 10, 15, 10.5, 15.25 ], "texture": "#golden_carrot" },
				"up": { "uv": [ 10.5, 15.25, 11, 15 ], "texture": "#golden_carrot" },
				"north": { "uv": [ 11.5, 15, 11, 15.25 ], "texture": "#golden_carrot" },
				"south": { "uv": [ 11.5, 15, 12, 15.25 ], "texture": "#golden_carrot" },
				"west": { "uv": [ 12.75, 14.25, 13, 14.5 ], "texture": "#golden_carrot" },
				"east": { "uv": [ 12.75, 14.25, 12.5, 14.5 ], "texture": "#golden_carrot" }
			}
		},
		{
			"__comment": "Voxels",
			"from": [ 7, 3, 12 ],
			"to": [ 9, 4, 13 ],
			"faces": {
				"down": { "uv": [ 8.5, 15.25, 9, 15.5 ], "texture": "#golden_carrot" },
				"up": { "uv": [ 15.25, 15.75, 15.75, 15.5 ], "texture": "#golden_carrot" },
				"north": { "uv": [ 14.25, 15.5, 13.75, 15.75 ], "texture": "#golden_carrot" },
				"south": { "uv": [ 13.25, 15.5, 13.75, 15.75 ], "texture": "#golden_carrot" },
				"west": { "uv": [ 10.25, 14.5, 10.5, 14.75 ], "texture": "#golden_carrot" },
				"east": { "uv": [ 10.25, 14.5, 10, 14.75 ], "texture": "#golden_carrot" }
			}
		},
		{
			"__comment": "Voxels",
			"from": [ 7, 4, 2 ],
			"to": [ 9, 8, 3 ],
			"faces": {
				"down": { "uv": [ 11.75, 15.5, 12.25, 15.75 ], "texture": "#golden_carrot" },
				"up": { "uv": [ 11.25, 15.75, 11.75, 15.5 ], "texture": "#golden_carrot" },
				"north": { "uv": [ 1.5, 8.75, 1, 9.75 ], "texture": "#golden_carrot" },
				"south": { "uv": [ 3, 12.5, 3.5, 13.5 ], "texture": "#golden_carrot" },
				"west": { "uv": [ 6, 11.75, 6.25, 12.75 ], "texture": "#golden_carrot" },
				"east": { "uv": [ 6.5, 11.75, 6.25, 12.75 ], "texture": "#golden_carrot" }
			}
		},
		{
			"__comment": "Voxels",
			"from": [ 7, 4, 13 ],
			"to": [ 9, 8, 14 ],
			"faces": {
				"down": { "uv": [ 7.25, 11.5, 7.75, 11.75 ], "texture": "#golden_carrot" },
				"up": { "uv": [ 7.25, 12, 7.75, 11.75 ], "texture": "#golden_carrot" },
				"north": { "uv": [ 2, 12, 1.5, 13 ], "texture": "#golden_carrot" },
				"south": { "uv": [ 1.5, 8.75, 2, 9.75 ], "texture": "#golden_carrot" },
				"west": { "uv": [ 6.5, 15, 6.75, 16 ], "texture": "#golden_carrot" },
				"east": { "uv": [ 6.75, 14, 6.5, 15 ], "texture": "#golden_carrot" }
			}
		},
		{
			"__comment": "Voxels",
			"from": [ 7, 5, 1 ],
			"to": [ 9, 7, 2 ],
			"faces": {
				"down": { "uv": [ 12, 15, 12.5, 15.25 ], "texture": "#golden_carrot" },
				"up": { "uv": [ 12.5, 15.25, 13, 15 ], "texture": "#golden_carrot" },
				"north": { "uv": [ 7.25, 13, 6.75, 13.5 ], "texture": "#golden_carrot" },
				"south": { "uv": [ 6.75, 11.5, 7.25, 12 ], "texture": "#golden_carrot" },
				"west": { "uv": [ 8.25, 11, 8.5, 11.5 ], "texture": "#golden_carrot" },
				"east": { "uv": [ 8.5, 10.5, 8.25, 11 ], "texture": "#golden_carrot" }
			}
		},
		{
			"__comment": "Voxels",
			"from": [ 7, 5, 3 ],
			"to": [ 9, 6, 4 ],
			"faces": {
				"down": { "uv": [ 13, 15, 13.5, 15.25 ], "texture": "#golden_carrot" },
				"up": { "uv": [ 13.5, 15.25, 14, 15 ], "texture": "#golden_carrot" },
				"north": { "uv": [ 14.5, 15, 14, 15.25 ], "texture": "#golden_carrot" },
				"south": { "uv": [ 14.5, 15, 15, 15.25 ], "texture": "#golden_carrot" },
				"west": { "uv": [ 11.25, 14.75, 11.5, 15 ], "texture": "#golden_carrot" },
				"east": { "uv": [ 11.25, 14.75, 11, 15 ], "texture": "#golden_carrot" }
			}
		},
		{
			"__comment": "Voxels",
			"from": [ 7, 5, 7 ],
			"to": [ 9, 6, 9 ],
			"faces": {
				"down": { "uv": [ 6.75, 14, 7.25, 14.5 ], "texture": "#golden_carrot" },
				"up": { "uv": [ 6.75, 14, 7.25, 13.5 ], "texture": "#golden_carrot" },
				"north": { "uv": [ 15.5, 15, 15, 15.25 ], "texture": "#golden_carrot" },
				"south": { "uv": [ 15.5, 15, 16, 15.25 ], "texture": "#golden_carrot" },
				"west": { "uv": [ 8.5, 14.75, 9, 15 ], "texture": "#golden_carrot" },
				"east": { "uv": [ 9, 14.5, 8.5, 14.75 ], "texture": "#golden_carrot" }
			}
		},
		{
			"__comment": "Voxels",
			"from": [ 7, 5, 12 ],
			"to": [ 9, 6, 13 ],
			"faces": {
				"down": { "uv": [ 8.5, 14.25, 9, 14.5 ], "texture": "#golden_carrot" },
				"up": { "uv": [ 8.5, 14.25, 9, 14 ], "texture": "#golden_carrot" },
				"north": { "uv": [ 9, 13.75, 8.5, 14 ], "texture": "#golden_carrot" },
				"south": { "uv": [ 8.5, 13.5, 9, 13.75 ], "texture": "#golden_carrot" },
				"west": { "uv": [ 12.75, 14.75, 13, 15 ], "texture": "#golden_carrot" },
				"east": { "uv": [ 12.75, 14.75, 12.5, 15 ], "texture": "#golden_carrot" }
			}
		},
		{
			"__comment": "Voxels",
			"from": [ 7, 5, 14 ],
			"to": [ 9, 7, 15 ],
			"faces": {
				"down": { "uv": [ 8.5, 13.25, 9, 13.5 ], "texture": "#golden_carrot" },
				"up": { "uv": [ 8.5, 13.25, 9, 13 ], "texture": "#golden_carrot" },
				"north": { "uv": [ 7.25, 11, 6.75, 11.5 ], "texture": "#golden_carrot" },
				"south": { "uv": [ 6.75, 10.5, 7.25, 11 ], "texture": "#golden_carrot" },
				"west": { "uv": [ 8.25, 10, 8.5, 10.5 ], "texture": "#golden_carrot" },
				"east": { "uv": [ 8.5, 9.5, 8.25, 10 ], "texture": "#golden_carrot" }
			}
		},
		{
			"__comment": "Voxels",
			"from": [ 7, 6, 4 ],
			"to": [ 9, 8, 5 ],
			"faces": {
				"down": { "uv": [ 8.5, 12.75, 9, 13 ], "texture": "#golden_carrot" },
				"up": { "uv": [ 8.5, 12.75, 9, 12.5 ], "texture": "#golden_carrot" },
				"north": { "uv": [ 6, 10.75, 5.5, 11.25 ], "texture": "#golden_carrot" },
				"south": { "uv": [ 6, 10.75, 6.5, 11.25 ], "texture": "#golden_carrot" },
				"west": { "uv": [ 8.25, 9, 8.5, 9.5 ], "texture": "#golden_carrot" },
				"east": { "uv": [ 8.5, 11.5, 8.25, 12 ], "texture": "#golden_carrot" }
			}
		},
		{
			"__comment": "Voxels",
			"from": [ 7, 6, 11 ],
			"to": [ 9, 8, 12 ],
			"faces": {
				"down": { "uv": [ 8.5, 12, 9, 12.25 ], "texture": "#golden_carrot" },
				"up": { "uv": [ 8.5, 12, 9, 11.75 ], "texture": "#golden_carrot" },
				"north": { "uv": [ 5.5, 8.75, 5, 9.25 ], "texture": "#golden_carrot" },
				"south": { "uv": [ 1.5, 10.25, 2, 10.75 ], "texture": "#golden_carrot" },
				"west": { "uv": [ 8.25, 8.5, 8.5, 9 ], "texture": "#golden_carrot" },
				"east": { "uv": [ 8.5, 8, 8.25, 8.5 ], "texture": "#golden_carrot" }
			}
		},
		{
			"__comment": "Voxels",
			"from": [ 7, 7, 3 ],
			"to": [ 9, 8, 4 ],
			"faces": {
				"down": { "uv": [ 5, 8, 5.5, 8.25 ], "texture": "#golden_carrot" },
				"up": { "uv": [ 6.75, 8.25, 7.25, 8 ], "texture": "#golden_carrot" },
				"north": { "uv": [ 7.75, 12.25, 7.25, 12.5 ], "texture": "#golden_carrot" },
				"south": { "uv": [ 7.25, 12, 7.75, 12.25 ], "texture": "#golden_carrot" },
				"west": { "uv": [ 9, 14.75, 9.25, 15 ], "texture": "#golden_carrot" },
				"east": { "uv": [ 9.5, 14.75, 9.25, 15 ], "texture": "#golden_carrot" }
			}
		},
		{
			"__comment": "Voxels",
			"from": [ 7, 7, 7 ],
			"to": [ 9, 13, 9 ],
			"faces": {
				"down": { "uv": [ 5.75, 9.5, 6.25, 10 ], "texture": "#golden_carrot" },
				"up": { "uv": [ 5.75, 10.5, 6.25, 10 ], "texture": "#golden_carrot" },
				"north": { "uv": [ 0.5, 12, 0, 13.5 ], "texture": "#golden_carrot" },
				"south": { "uv": [ 0, 9.75, 0.5, 11.25 ], "texture": "#golden_carrot" },
				"west": { "uv": [ 0, 8.25, 0.5, 9.75 ], "texture": "#golden_carrot" },
				"east": { "uv": [ 1, 8.25, 0.5, 9.75 ], "texture": "#golden_carrot" }
			}
		},
		{
			"__comment": "Voxels",
			"from": [ 7, 7, 12 ],
			"to": [ 9, 8, 13 ],
			"faces": {
				"down": { "uv": [ 7.25, 10.25, 7.75, 10.5 ], "texture": "#golden_carrot" },
				"up": { "uv": [ 7.25, 10.25, 7.75, 10 ], "texture": "#golden_carrot" },
				"north": { "uv": [ 7.75, 9.75, 7.25, 10 ], "texture": "#golden_carrot" },
				"south": { "uv": [ 7.25, 9.5, 7.75, 9.75 ], "texture": "#golden_carrot" },
				"west": { "uv": [ 11.5, 14.75, 11.75, 15 ], "texture": "#golden_carrot" },
				"east": { "uv": [ 12, 14.75, 11.75, 15 ], "texture": "#golden_carrot" }
			}
		},
		{
			"__comment": "Voxels",
			"from": [ 7, 9, 5 ],
			"to": [ 9, 11, 6 ],
			"faces": {
				"down": { "uv": [ 7.25, 9.25, 7.75, 9.5 ], "texture": "#golden_carrot" },
				"up": { "uv": [ 7.25, 9.25, 7.75, 9 ], "texture": "#golden_carrot" },
				"north": { "uv": [ 6.5, 12.75, 6, 13.25 ], "texture": "#golden_carrot" },
				"south": { "uv": [ 5.5, 12.75, 6, 13.25 ], "texture": "#golden_carrot" },
				"west": { "uv": [ 6.25, 9.5, 6.5, 10 ], "texture": "#golden_carrot" },
				"east": { "uv": [ 5.75, 8, 5.5, 8.5 ], "texture": "#golden_carrot" }
			}
		},
		{
			"__comment": "Voxels",
			"from": [ 7, 9, 10 ],
			"to": [ 9, 11, 11 ],
			"faces": {
				"down": { "uv": [ 7.25, 8.75, 7.75, 9 ], "texture": "#golden_carrot" },
				"up": { "uv": [ 7.25, 8.75, 7.75, 8.5 ], "texture": "#golden_carrot" },
				"north": { "uv": [ 5.5, 8.25, 5, 8.75 ], "texture": "#golden_carrot" },
				"south": { "uv": [ 3.5, 9.5, 4, 10 ], "texture": "#golden_carrot" },
				"west": { "uv": [ 6.25, 8, 6.5, 8.5 ], "texture": "#golden_carrot" },
				"east": { "uv": [ 7.5, 8, 7.25, 8.5 ], "texture": "#golden_carrot" }
			}
		},
		{
			"__comment": "Voxels",
			"from": [ 7, 10, 6 ],
			"to": [ 9, 11, 7 ],
			"faces": {
				"down": { "uv": [ 7.5, 8.25, 8, 8.5 ], "texture": "#golden_carrot" },
				"up": { "uv": [ 7.5, 8.25, 8, 8 ], "texture": "#golden_carrot" },
				"north": { "uv": [ 8.5, 15.75, 8, 16 ], "texture": "#golden_carrot" },
				"south": { "uv": [ 8.5, 15.75, 9, 16 ], "texture": "#golden_carrot" },
				"west": { "uv": [ 13, 14.75, 13.25, 15 ], "texture": "#golden_carrot" },
				"east": { "uv": [ 9.25, 12, 9, 12.25 ], "texture": "#golden_carrot" }
			}
		},
		{
			"__comment": "Voxels",
			"from": [ 7, 10, 9 ],
			"to": [ 9, 11, 10 ],
			"faces": {
				"down": { "uv": [ 9, 15.75, 9.5, 16 ], "texture": "#golden_carrot" },
				"up": { "uv": [ 9.5, 16, 10, 15.75 ], "texture": "#golden_carrot" },
				"north": { "uv": [ 10.5, 15.75, 10, 16 ], "texture": "#golden_carrot" },
				"south": { "uv": [ 10.5, 15.75, 11, 16 ], "texture": "#golden_carrot" },
				"west": { "uv": [ 9, 10.25, 9.25, 10.5 ], "texture": "#golden_carrot" },
				"east": { "uv": [ 9.25, 10, 9, 10.25 ], "texture": "#golden_carrot" }
			}
		},
		{
			"__comment": "Voxels",
			"from": [ 9, 1, 2 ],
			"to": [ 10, 2, 3 ],
			"faces": {
				"down": { "uv": [ 9, 9.75, 9.25, 10 ], "texture": "#golden_carrot" },
				"up": { "uv": [ 9, 9.25, 9.25, 9 ], "texture": "#golden_carrot" },
				"north": { "uv": [ 9.25, 8.75, 9, 9 ], "texture": "#golden_carrot" },
				"south": { "uv": [ 9, 8.5, 9.25, 8.75 ], "texture": "#golden_carrot" },
				"west": { "uv": [ 9, 8.25, 9.25, 8.5 ], "texture": "#golden_carrot" },
				"east": { "uv": [ 9.75, 14.5, 9.5, 14.75 ], "texture": "#golden_carrot" }
			}
		},
		{
			"__comment": "Voxels",
			"from": [ 9, 1, 13 ],
			"to": [ 10, 2, 14 ],
			"faces": {
				"down": { "uv": [ 9.75, 14.5, 10, 14.75 ], "texture": "#golden_carrot" },
				"up": { "uv": [ 9.25, 14.25, 9.5, 14 ], "texture": "#golden_carrot" },
				"north": { "uv": [ 9.5, 12.25, 9.25, 12.5 ], "texture": "#golden_carrot" },
				"south": { "uv": [ 9.25, 12, 9.5, 12.25 ], "texture": "#golden_carrot" },
				"west": { "uv": [ 9.25, 11.25, 9.5, 11.5 ], "texture": "#golden_carrot" },
				"east": { "uv": [ 9.5, 11, 9.25, 11.25 ], "texture": "#golden_carrot" }
			}
		},
		{
			"__comment": "Voxels",
			"from": [ 9, 4, 3 ],
			"to": [ 10, 5, 4 ],
			"faces": {
				"down": { "uv": [ 9.25, 9.75, 9.5, 10 ], "texture": "#golden_carrot" },
				"up": { "uv": [ 9.25, 9.75, 9.5, 9.5 ], "texture": "#golden_carrot" },
				"north": { "uv": [ 9.5, 9.25, 9.25, 9.5 ], "texture": "#golden_carrot" },
				"south": { "uv": [ 9.25, 9, 9.5, 9.25 ], "texture": "#golden_carrot" },
				"west": { "uv": [ 9.25, 8.25, 9.5, 8.5 ], "texture": "#golden_carrot" },
				"east": { "uv": [ 9.5, 8, 9.25, 8.25 ], "texture": "#golden_carrot" }
			}
		},
		{
			"__comment": "Voxels",
			"from": [ 9, 4, 12 ],
			"to": [ 10, 5, 13 ],
			"faces": {
				"down": { "uv": [ 13.5, 14.25, 13.75, 14.5 ], "texture": "#golden_carrot" },
				"up": { "uv": [ 13.75, 14.5, 14, 14.25 ], "texture": "#golden_carrot" },
				"north": { "uv": [ 9.75, 13, 9.5, 13.25 ], "texture": "#golden_carrot" },
				"south": { "uv": [ 9.5, 12.75, 9.75, 13 ], "texture": "#golden_carrot" },
				"west": { "uv": [ 9.5, 12, 9.75, 12.25 ], "texture": "#golden_carrot" },
				"east": { "uv": [ 9.75, 11.75, 9.5, 12 ], "texture": "#golden_carrot" }
			}
		},
		{
			"__comment": "Voxels",
			"from": [ 9, 7, 5 ],
			"to": [ 12, 8, 6 ],
			"faces": {
				"down": { "uv": [ 7.25, 14.75, 8, 15 ], "texture": "#golden_carrot" },
				"up": { "uv": [ 7.25, 15.25, 8, 15 ], "texture": "#golden_carrot" },
				"north": { "uv": [ 8, 15.25, 7.25, 15.5 ], "texture": "#golden_carrot" },
				"south": { "uv": [ 7.25, 15.5, 8, 15.75 ], "texture": "#golden_carrot" },
				"west": { "uv": [ 8.5, 8, 8.75, 8.25 ], "texture": "#golden_carrot" },
				"east": { "uv": [ 9, 8, 8.75, 8.25 ], "texture": "#golden_carrot" }
			}
		},
		{
			"__comment": "Voxels",
			"from": [ 9, 7, 6 ],
			"to": [ 11, 8, 7 ],
			"faces": {
				"down": { "uv": [ 11, 15.75, 11.5, 16 ], "texture": "#golden_carrot" },
				"up": { "uv": [ 11.5, 16, 12, 15.75 ], "texture": "#golden_carrot" },
				"north": { "uv": [ 12.5, 15.75, 12, 16 ], "texture": "#golden_carrot" },
				"south": { "uv": [ 12.5, 15.75, 13, 16 ], "texture": "#golden_carrot" },
				"west": { "uv": [ 10, 14.75, 10.25, 15 ], "texture": "#golden_carrot" },
				"east": { "uv": [ 10.5, 14.75, 10.25, 15 ], "texture": "#golden_carrot" }
			}
		},
		{
			"__comment": "Voxels",
			"from": [ 9, 7, 9 ],
			"to": [ 11, 8, 11 ],
			"faces": {
				"down": { "uv": [ 4.5, 8.25, 5, 8.75 ], "texture": "#golden_carrot" },
				"up": { "uv": [ 4.5, 9.25, 5, 8.75 ], "texture": "#golden_carrot" },
				"north": { "uv": [ 13.5, 15.75, 13, 16 ], "texture": "#golden_carrot" },
				"south": { "uv": [ 13.5, 15.75, 14, 16 ], "texture": "#golden_carrot" },
				"west": { "uv": [ 14, 15.75, 14.5, 16 ], "texture": "#golden_carrot" },
				"east": { "uv": [ 15, 15.75, 14.5, 16 ], "texture": "#golden_carrot" }
			}
		},
		{
			"__comment": "Voxels",
			"from": [ 10, 0, 4 ],
			"to": [ 11, 2, 5 ],
			"faces": {
				"down": { "uv": [ 12, 14.75, 12.25, 15 ], "texture": "#golden_carrot" },
				"up": { "uv": [ 12.25, 15, 12.5, 14.75 ], "texture": "#golden_carrot" },
				"north": { "uv": [ 8.25, 14.75, 8, 15.25 ], "texture": "#golden_carrot" },
				"south": { "uv": [ 8, 14.25, 8.25, 14.75 ], "texture": "#golden_carrot" },
				"west": { "uv": [ 8, 13.75, 8.25, 14.25 ], "texture": "#golden_carrot" },
				"east": { "uv": [ 8.5, 14.5, 8.25, 15 ], "texture": "#golden_carrot" }
			}
		},
		{
			"__comment": "Voxels",
			"from": [ 10, 0, 11 ],
			"to": [ 11, 3, 12 ],
			"faces": {
				"down": { "uv": [ 13.5, 14.75, 13.75, 15 ], "texture": "#golden_carrot" },
				"up": { "uv": [ 13.75, 15, 14, 14.75 ], "texture": "#golden_carrot" },
				"north": { "uv": [ 6.75, 10.25, 6.5, 11 ], "texture": "#golden_carrot" },
				"south": { "uv": [ 6.5, 11, 6.75, 11.75 ], "texture": "#golden_carrot" },
				"west": { "uv": [ 6.5, 9.5, 6.75, 10.25 ], "texture": "#golden_carrot" },
				"east": { "uv": [ 6.75, 11.75, 6.5, 12.5 ], "texture": "#golden_carrot" }
			}
		},
		{
			"__comment": "Voxels",
			"from": [ 10, 4, 4 ],
			"to": [ 11, 5, 5 ],
			"faces": {
				"down": { "uv": [ 15, 14.75, 15.25, 15 ], "texture": "#golden_carrot" },
				"up": { "uv": [ 15.25, 15, 15.5, 14.75 ], "texture": "#golden_carrot" },
				"north": { "uv": [ 15.75, 14.75, 15.5, 15 ], "texture": "#golden_carrot" },
				"south": { "uv": [ 15.75, 14.75, 16, 15 ], "texture": "#golden_carrot" },
				"west": { "uv": [ 9, 14.5, 9.25, 14.75 ], "texture": "#golden_carrot" },
				"east": { "uv": [ 9.25, 14.25, 9, 14.5 ], "texture": "#golden_carrot" }
			}
		},
		{
			"__comment": "Voxels",
			"from": [ 10, 4, 11 ],
			"to": [ 11, 5, 12 ],
			"faces": {
				"down": { "uv": [ 9, 14, 9.25, 14.25 ], "texture": "#golden_carrot" },
				"up": { "uv": [ 9, 14, 9.25, 13.75 ], "texture": "#golden_carrot" },
				"north": { "uv": [ 9.25, 13.5, 9, 13.75 ], "texture": "#golden_carrot" },
				"south": { "uv": [ 9, 13.25, 9.25, 13.5 ], "texture": "#golden_carrot" },
				"west": { "uv": [ 9, 13, 9.25, 13.25 ], "texture": "#golden_carrot" },
				"east": { "uv": [ 9.75, 10.25, 9.5, 10.5 ], "texture": "#golden_carrot" }
			}
		},
		{
			"__comment": "Voxels",
			"from": [ 10, 6, 4 ],
			"to": [ 11, 8, 5 ],
			"faces": {
				"down": { "uv": [ 9, 12.5, 9.25, 12.75 ], "texture": "#golden_carrot" },
				"up": { "uv": [ 9, 12.5, 9.25, 12.25 ], "texture": "#golden_carrot" },
				"north": { "uv": [ 8.25, 13.25, 8, 13.75 ], "texture": "#golden_carrot" },
				"south": { "uv": [ 8, 12.75, 8.25, 13.25 ], "texture": "#golden_carrot" },
				"west": { "uv": [ 8, 12.25, 8.25, 12.75 ], "texture": "#golden_carrot" },
				"east": { "uv": [ 8.25, 11.75, 8, 12.25 ], "texture": "#golden_carrot" }
			}
		},
		{
			"__comment": "Voxels",
			"from": [ 10, 6, 11 ],
			"to": [ 11, 8, 12 ],
			"faces": {
				"down": { "uv": [ 9, 11, 9.25, 11.25 ], "texture": "#golden_carrot" },
				"up": { "uv": [ 9, 11, 9.25, 10.75 ], "texture": "#golden_carrot" },
				"north": { "uv": [ 8.25, 11.25, 8, 11.75 ], "texture": "#golden_carrot" },
				"south": { "uv": [ 8, 10.75, 8.25, 11.25 ], "texture": "#golden_carrot" },
				"west": { "uv": [ 8, 10.25, 8.25, 10.75 ], "texture": "#golden_carrot" },
				"east": { "uv": [ 8.25, 9.75, 8, 10.25 ], "texture": "#golden_carrot" }
			}
		},
		{
			"__comment": "Voxels",
			"from": [ 11, 0, 5 ],
			"to": [ 12, 2, 6 ],
			"faces": {
				"down": { "uv": [ 9, 9.5, 9.25, 9.75 ], "texture": "#golden_carrot" },
				"up": { "uv": [ 9, 9.5, 9.25, 9.25 ], "texture": "#golden_carrot" },
				"north": { "uv": [ 8.25, 9.25, 8, 9.75 ], "texture": "#golden_carrot" },
				"south": { "uv": [ 8, 8.75, 8.25, 9.25 ], "texture": "#golden_carrot" },
				"west": { "uv": [ 8, 8.25, 8.25, 8.75 ], "texture": "#golden_carrot" },
				"east": { "uv": [ 8.5, 15, 8.25, 15.5 ], "texture": "#golden_carrot" }
			}
		},
		{
			"__comment": "Voxels",
			"from": [ 11, 0, 10 ],
			"to": [ 12, 8, 11 ],
			"faces": {
				"down": { "uv": [ 9, 8, 9.25, 8.25 ], "texture": "#golden_carrot" },
				"up": { "uv": [ 9.25, 14.75, 9.5, 14.5 ], "texture": "#golden_carrot" },
				"north": { "uv": [ 2.75, 11.5, 2.5, 13.5 ], "texture": "#golden_carrot" },
				"south": { "uv": [ 2.25, 11.5, 2.5, 13.5 ], "texture": "#golden_carrot" },
				"west": { "uv": [ 2, 11.5, 2.25, 13.5 ], "texture": "#golden_carrot" },
				"east": { "uv": [ 4, 13.5, 3.75, 15.5 ], "texture": "#golden_carrot" }
			}
		},
		{
			"__comment": "Voxels",
			"from": [ 11, 1, 4 ],
			"to": [ 12, 2, 5 ],
			"faces": {
				"down": { "uv": [ 10.5, 14.5, 10.75, 14.75 ], "texture": "#golden_carrot" },
				"up": { "uv": [ 10.75, 14.75, 11, 14.5 ], "texture": "#golden_carrot" },
				"north": { "uv": [ 11.25, 14.5, 11, 14.75 ], "texture": "#golden_carrot" },
				"south": { "uv": [ 11.25, 14.5, 11.5, 14.75 ], "texture": "#golden_carrot" },
				"west": { "uv": [ 11.5, 14.5, 11.75, 14.75 ], "texture": "#golden_carrot" },
				"east": { "uv": [ 12, 14.5, 11.75, 14.75 ], "texture": "#golden_carrot" }
			}
		},
		{
			"__comment": "Voxels",
			"from": [ 11, 1, 11 ],
			"to": [ 12, 2, 12 ],
			"faces": {
				"down": { "uv": [ 12, 14.5, 12.25, 14.75 ], "texture": "#golden_carrot" },
				"up": { "uv": [ 12.25, 14.75, 12.5, 14.5 ], "texture": "#golden_carrot" },
				"north": { "uv": [ 12.75, 14.5, 12.5, 14.75 ], "texture": "#golden_carrot" },
				"south": { "uv": [ 12.75, 14.5, 13, 14.75 ], "texture": "#golden_carrot" },
				"west": { "uv": [ 13, 14.5, 13.25, 14.75 ], "texture": "#golden_carrot" },
				"east": { "uv": [ 13.5, 14.5, 13.25, 14.75 ], "texture": "#golden_carrot" }
			}
		},
		{
			"__comment": "Voxels",
			"from": [ 11, 3, 5 ],
			"to": [ 12, 6, 6 ],
			"faces": {
				"down": { "uv": [ 13.5, 14.5, 13.75, 14.75 ], "texture": "#golden_carrot" },
				"up": { "uv": [ 13.75, 14.75, 14, 14.5 ], "texture": "#golden_carrot" },
				"north": { "uv": [ 6.75, 12.5, 6.5, 13.25 ], "texture": "#golden_carrot" },
				"south": { "uv": [ 6.5, 13.25, 6.75, 14 ], "texture": "#golden_carrot" },
				"west": { "uv": [ 4.25, 8, 4.5, 8.75 ], "texture": "#golden_carrot" },
				"east": { "uv": [ 4.25, 8, 4, 8.75 ], "texture": "#golden_carrot" }
			}
		},
		{
			"__comment": "Voxels",
			"from": [ 11, 3, 6 ],
			"to": [ 12, 4, 10 ],
			"faces": {
				"down": { "uv": [ 3.25, 9.5, 3.5, 10.5 ], "texture": "#golden_carrot" },
				"up": { "uv": [ 5.5, 10.5, 5.75, 9.5 ], "texture": "#golden_carrot" },
				"north": { "uv": [ 15.75, 14.5, 15.5, 14.75 ], "texture": "#golden_carrot" },
				"south": { "uv": [ 15.75, 14.5, 16, 14.75 ], "texture": "#golden_carrot" },
				"west": { "uv": [ 5.5, 13.5, 6.5, 13.75 ], "texture": "#golden_carrot" },
				"east": { "uv": [ 5.5, 9.25, 4.5, 9.5 ], "texture": "#golden_carrot" }
			}
		},
		{
			"__comment": "Voxels",
			"from": [ 11, 5, 6 ],
			"to": [ 12, 6, 10 ],
			"faces": {
				"down": { "uv": [ 6.25, 14.75, 6.5, 15.75 ], "texture": "#golden_carrot" },
				"up": { "uv": [ 5.5, 15.75, 5.75, 14.75 ], "texture": "#golden_carrot" },
				"north": { "uv": [ 9.5, 13.25, 9.25, 13.5 ], "texture": "#golden_carrot" },
				"south": { "uv": [ 9.25, 13, 9.5, 13.25 ], "texture": "#golden_carrot" },
				"west": { "uv": [ 5.5, 15.75, 6.5, 16 ], "texture": "#golden_carrot" },
				"east": { "uv": [ 5.5, 9.5, 4.5, 9.75 ], "texture": "#golden_carrot" }
			}
		},
		{
			"__comment": "Voxels",
			"from": [ 11, 7, 7 ],
			"to": [ 14, 8, 9 ],
			"faces": {
				"down": { "uv": [ 3, 12, 3.75, 12.5 ], "texture": "#golden_carrot" },
				"up": { "uv": [ 0.5, 10.25, 1.25, 9.75 ], "texture": "#golden_carrot" },
				"north": { "uv": [ 8, 15.75, 7.25, 16 ], "texture": "#golden_carrot" },
				"south": { "uv": [ 7.25, 13.5, 8, 13.75 ], "texture": "#golden_carrot" },
				"west": { "uv": [ 14.25, 15.5, 14.75, 15.75 ], "texture": "#golden_carrot" },
				"east": { "uv": [ 15.25, 15.5, 14.75, 15.75 ], "texture": "#golden_carrot" }
			}
		},
		{
			"__comment": "Voxels",
			"from": [ 12, 0, 6 ],
			"to": [ 13, 3, 10 ],
			"faces": {
				"down": { "uv": [ 4.25, 8.75, 4.5, 9.75 ], "texture": "#golden_carrot" },
				"up": { "uv": [ 4, 9.75, 4.25, 8.75 ], "texture": "#golden_carrot" },
				"north": { "uv": [ 7.25, 9, 7, 9.75 ], "texture": "#golden_carrot" },
				"south": { "uv": [ 6.75, 9, 7, 9.75 ], "texture": "#golden_carrot" },
				"west": { "uv": [ 0, 13.5, 1, 14.25 ], "texture": "#golden_carrot" },
				"east": { "uv": [ 1, 14.25, 0, 15 ], "texture": "#golden_carrot" }
			}
		},
		{
			"__comment": "Voxels",
			"from": [ 12, 3, 7 ],
			"to": [ 13, 4, 9 ],
			"faces": {
				"down": { "uv": [ 8.25, 14, 8.5, 14.5 ], "texture": "#golden_carrot" },
				"up": { "uv": [ 8.25, 14, 8.5, 13.5 ], "texture": "#golden_carrot" },
				"north": { "uv": [ 9.5, 8.75, 9.25, 9 ], "texture": "#golden_carrot" },
				"south": { "uv": [ 9.25, 8.5, 9.5, 8.75 ], "texture": "#golden_carrot" },
				"west": { "uv": [ 9, 15.25, 9.5, 15.5 ], "texture": "#golden_carrot" },
				"east": { "uv": [ 10, 15.25, 9.5, 15.5 ], "texture": "#golden_carrot" }
			}
		},
		{
			"__comment": "Voxels",
			"from": [ 12, 4, 6 ],
			"to": [ 13, 5, 7 ],
			"faces": {
				"down": { "uv": [ 9.5, 14.25, 9.75, 14.5 ], "texture": "#golden_carrot" },
				"up": { "uv": [ 9.75, 14.5, 10, 14.25 ], "texture": "#golden_carrot" },
				"north": { "uv": [ 10.25, 14.25, 10, 14.5 ], "texture": "#golden_carrot" },
				"south": { "uv": [ 10.25, 14.25, 10.5, 14.5 ], "texture": "#golden_carrot" },
				"west": { "uv": [ 10.5, 14.25, 10.75, 14.5 ], "texture": "#golden_carrot" },
				"east": { "uv": [ 11, 14.25, 10.75, 14.5 ], "texture": "#golden_carrot" }
			}
		},
		{
			"__comment": "Voxels",
			"from": [ 12, 4, 9 ],
			"to": [ 13, 5, 10 ],
			"faces": {
				"down": { "uv": [ 11, 14.25, 11.25, 14.5 ], "texture": "#golden_carrot" },
				"up": { "uv": [ 11.25, 14.5, 11.5, 14.25 ], "texture": "#golden_carrot" },
				"north": { "uv": [ 11.75, 14.25, 11.5, 14.5 ], "texture": "#golden_carrot" },
				"south": { "uv": [ 11.75, 14.25, 12, 14.5 ], "texture": "#golden_carrot" },
				"west": { "uv": [ 12, 14.25, 12.25, 14.5 ], "texture": "#golden_carrot" },
				"east": { "uv": [ 12.5, 14.25, 12.25, 14.5 ], "texture": "#golden_carrot" }
			}
		},
		{
			"__comment": "Voxels",
			"from": [ 12, 5, 7 ],
			"to": [ 15, 6, 9 ],
			"faces": {
				"down": { "uv": [ 3, 11.5, 3.75, 12 ], "texture": "#golden_carrot" },
				"up": { "uv": [ 2.75, 11, 3.5, 10.5 ], "texture": "#golden_carrot" },
				"north": { "uv": [ 8, 14, 7.25, 14.25 ], "texture": "#golden_carrot" },
				"south": { "uv": [ 7.25, 13.75, 8, 14 ], "texture": "#golden_carrot" },
				"west": { "uv": [ 10, 15.25, 10.5, 15.5 ], "texture": "#golden_carrot" },
				"east": { "uv": [ 11, 15.25, 10.5, 15.5 ], "texture": "#golden_carrot" }
			}
		},
		{
			"__comment": "Voxels",
			"from": [ 13, 1, 6 ],
			"to": [ 14, 2, 7 ],
			"faces": {
				"down": { "uv": [ 14, 14.25, 14.25, 14.5 ], "texture": "#golden_carrot" },
				"up": { "uv": [ 14.25, 14.5, 14.5, 14.25 ], "texture": "#golden_carrot" },
				"north": { "uv": [ 14.75, 14.25, 14.5, 14.5 ], "texture": "#golden_carrot" },
				"south": { "uv": [ 14.75, 14.25, 15, 14.5 ], "texture": "#golden_carrot" },
				"west": { "uv": [ 15, 14.25, 15.25, 14.5 ], "texture": "#golden_carrot" },
				"east": { "uv": [ 15.5, 14.25, 15.25, 14.5 ], "texture": "#golden_carrot" }
			}
		},
		{
			"__comment": "Voxels",
			"from": [ 13, 1, 9 ],
			"to": [ 14, 2, 10 ],
			"faces": {
				"down": { "uv": [ 15.5, 14.25, 15.75, 14.5 ], "texture": "#golden_carrot" },
				"up": { "uv": [ 15.75, 14.5, 16, 14.25 ], "texture": "#golden_carrot" },
				"north": { "uv": [ 9.75, 14, 9.5, 14.25 ], "texture": "#golden_carrot" },
				"south": { "uv": [ 9.5, 13.75, 9.75, 14 ], "texture": "#golden_carrot" },
				"west": { "uv": [ 9.5, 13.5, 9.75, 13.75 ], "texture": "#golden_carrot" },
				"east": { "uv": [ 9.75, 13.25, 9.5, 13.5 ], "texture": "#golden_carrot" }
			}
		},
		{
			"__comment": "Voxels",
			"from": [ 13, 4, 7 ],
			"to": [ 14, 5, 9 ],
			"faces": {
				"down": { "uv": [ 8.25, 13, 8.5, 13.5 ], "texture": "#golden_carrot" },
				"up": { "uv": [ 8.25, 13, 8.5, 12.5 ], "texture": "#golden_carrot" },
				"north": { "uv": [ 9.75, 12.5, 9.5, 12.75 ], "texture": "#golden_carrot" },
				"south": { "uv": [ 9.5, 12.25, 9.75, 12.5 ], "texture": "#golden_carrot" },
				"west": { "uv": [ 11, 15.25, 11.5, 15.5 ], "texture": "#golden_carrot" },
				"east": { "uv": [ 12, 15.25, 11.5, 15.5 ], "texture": "#golden_carrot" }
			}
		},
		{
			"__comment": "Voxels",
			"from": [ 13, 6, 7 ],
			"to": [ 15, 7, 9 ],
			"faces": {
				"down": { "uv": [ 6.75, 15.5, 7.25, 16 ], "texture": "#golden_carrot" },
				"up": { "uv": [ 5.75, 8.5, 6.25, 8 ], "texture": "#golden_carrot" },
				"north": { "uv": [ 12.5, 15.25, 12, 15.5 ], "texture": "#golden_carrot" },
				"south": { "uv": [ 12.5, 15.25, 13, 15.5 ], "texture": "#golden_carrot" },
				"west": { "uv": [ 13, 15.25, 13.5, 15.5 ], "texture": "#golden_carrot" },
				"east": { "uv": [ 9, 12.25, 8.5, 12.5 ], "texture": "#golden_carrot" }
			}
		}
	],
	"display": {
		"thirdperson_righthand": {
			"translation":  [ 0, 4.8695, 0 ]
		},
		"thirdperson_lefthand": {
			"translation":  [ 0, 4.8695, 0 ]
		},
		"firstperson_righthand": {
			"translation":  [ 0, 5.5652, 0 ]
		},
		"firstperson_lefthand": {
			"translation":  [ 0, 5.5652, 0 ]
		},
		"head": {
			"translation":  [ 0, 14.608, 0 ]
		},
		"ground": {
			"translation":  [ 0, 4.8695, 0 ]
		}
	}
}