{
	"__comment": "iron_shovel",
	"parent": "iron_shovel",
	"textures": {
		"iron_shovel": "item/iron_shovel"
	},
	"elements": [ 	 
		{
			"__comment": "Voxels",
			"from": [ 0, 8, 8.5 ],
			"to": [ 2.5, 9.5, 14.5 ],
			"faces": {
				"down": { "uv": [ 1.25, 13, 2.5, 16 ], "texture": "#iron_shovel" },
				"up": { "uv": [ 1.25, 13, 2.5, 10 ], "texture": "#iron_shovel" },
				"north": { "uv": [ 6.25, 8, 5, 8.75 ], "texture": "#iron_shovel" },
				"south": { "uv": [ 6.25, 8, 7.5, 8.75 ], "texture": "#iron_shovel" },
				"west": { "uv": [ 5, 13.75, 8, 14.5 ], "texture": "#iron_shovel" },
				"east": { "uv": [ 8, 13, 5, 13.75 ], "texture": "#iron_shovel" }
			}
		},
		{
			"__comment": "Voxels",
			"from": [ 0, 9.5, 13 ],
			"to": [ 2.5, 11, 14.5 ],
			"faces": {
				"down": { "uv": [ 10.75, 15.25, 12, 16 ], "texture": "#iron_shovel" },
				"up": { "uv": [ 12, 16, 13.25, 15.25 ], "texture": "#iron_shovel" },
				"north": { "uv": [ 14.5, 15.25, 13.25, 16 ], "texture": "#iron_shovel" },
				"south": { "uv": [ 14.5, 15.25, 15.75, 16 ], "texture": "#iron_shovel" },
				"west": { "uv": [ 7.5, 10, 8.25, 10.75 ], "texture": "#iron_shovel" },
				"east": { "uv": [ 8.25, 12.25, 7.5, 13 ], "texture": "#iron_shovel" }
			}
		},
		{
			"__comment": "Voxels",
			"from": [ 0, 11.5, 8.5 ],
			"to": [ 2.5, 13, 15 ],
			"faces": {
				"down": { "uv": [ 0, 12.75, 1.25, 16 ], "texture": "#iron_shovel" },
				"up": { "uv": [ 0, 12.75, 1.25, 9.5 ], "texture": "#iron_shovel" },
				"north": { "uv": [ 9.5, 14.25, 8.25, 15 ], "texture": "#iron_shovel" },
				"south": { "uv": [ 8.25, 13.5, 9.5, 14.25 ], "texture": "#iron_shovel" },
				"west": { "uv": [ 5, 14.5, 8.25, 15.25 ], "texture": "#iron_shovel" },
				"east": { "uv": [ 8.25, 15.25, 5, 16 ], "texture": "#iron_shovel" }
			}
		},
		{
			"__comment": "Voxels",
			"from": [ 0, 13.5, 10.5 ],
			"to": [ 2.5, 15.5, 11 ],
			"faces": {
				"down": { "uv": [ 14.25, 14.75, 15.5, 15 ], "texture": "#iron_shovel" },
				"up": { "uv": [ 13, 14.5, 14.25, 14.25 ], "texture": "#iron_shovel" },
				"north": { "uv": [ 7.5, 8.75, 6.25, 9.75 ], "texture": "#iron_shovel" },
				"south": { "uv": [ 6.25, 9.75, 7.5, 10.75 ], "texture": "#iron_shovel" },
				"west": { "uv": [ 10.25, 8.75, 10.5, 9.75 ], "texture": "#iron_shovel" },
				"east": { "uv": [ 10.5, 10.75, 10.25, 11.75 ], "texture": "#iron_shovel" }
			}
		},
		{
			"__comment": "Voxels",
			"from": [ 0, 13.5, 11 ],
			"to": [ 2.5, 15, 13 ],
			"faces": {
				"down": { "uv": [ 6.25, 10.75, 7.5, 11.75 ], "texture": "#iron_shovel" },
				"up": { "uv": [ 5, 10.75, 6.25, 9.75 ], "texture": "#iron_shovel" },
				"north": { "uv": [ 9.5, 12, 8.25, 12.75 ], "texture": "#iron_shovel" },
				"south": { "uv": [ 8.25, 11.25, 9.5, 12 ], "texture": "#iron_shovel" },
				"west": { "uv": [ 8.25, 8.25, 9.25, 9 ], "texture": "#iron_shovel" },
				"east": { "uv": [ 10.5, 14.25, 9.5, 15 ], "texture": "#iron_shovel" }
			}
		},
		{
			"__comment": "Voxels",
			"from": [ 0, 14, 10 ],
			"to": [ 2.5, 18.5, 10.5 ],
			"faces": {
				"down": { "uv": [ 11.75, 14.25, 13, 14.5 ], "texture": "#iron_shovel" },
				"up": { "uv": [ 10.5, 14.5, 11.75, 14.25 ], "texture": "#iron_shovel" },
				"north": { "uv": [ 3.75, 13.75, 2.5, 16 ], "texture": "#iron_shovel" },
				"south": { "uv": [ 3.75, 13.75, 5, 16 ], "texture": "#iron_shovel" },
				"west": { "uv": [ 9.5, 9.75, 9.75, 12 ], "texture": "#iron_shovel" },
				"east": { "uv": [ 10, 12, 9.75, 14.25 ], "texture": "#iron_shovel" }
			}
		},
		{
			"__comment": "Voxels",
			"from": [ 0, 14, 13 ],
			"to": [ 2.5, 18.5, 13.5 ],
			"faces": {
				"down": { "uv": [ 10.5, 14.5, 11.75, 14.75 ], "texture": "#iron_shovel" },
				"up": { "uv": [ 3.75, 8.5, 5, 8.25 ], "texture": "#iron_shovel" },
				"north": { "uv": [ 3.75, 11.5, 2.5, 13.75 ], "texture": "#iron_shovel" },
				"south": { "uv": [ 2.5, 9.25, 3.75, 11.5 ], "texture": "#iron_shovel" },
				"west": { "uv": [ 9.75, 9.75, 10, 12 ], "texture": "#iron_shovel" },
				"east": { "uv": [ 9.75, 12, 9.5, 14.25 ], "texture": "#iron_shovel" }
			}
		},
		{
			"__comment": "Voxels",
			"from": [ 0, 14.5, 9.5 ],
			"to": [ 2.5, 18, 10 ],
			"faces": {
				"down": { "uv": [ 14.5, 15, 15.75, 15.25 ], "texture": "#iron_shovel" },
				"up": { "uv": [ 10.5, 14.25, 11.75, 14 ], "texture": "#iron_shovel" },
				"north": { "uv": [ 2.5, 8.25, 1.25, 10 ], "texture": "#iron_shovel" },
				"south": { "uv": [ 3.75, 12, 5, 13.75 ], "texture": "#iron_shovel" },
				"west": { "uv": [ 10, 12.5, 10.25, 14.25 ], "texture": "#iron_shovel" },
				"east": { "uv": [ 10.25, 10.75, 10, 12.5 ], "texture": "#iron_shovel" }
			}
		},
		{
			"__comment": "Voxels",
			"from": [ 0, 14.5, 13.5 ],
			"to": [ 2.5, 18, 14 ],
			"faces": {
				"down": { "uv": [ 14.25, 14.5, 15.5, 14.75 ], "texture": "#iron_shovel" },
				"up": { "uv": [ 14.25, 14.5, 15.5, 14.25 ], "texture": "#iron_shovel" },
				"north": { "uv": [ 5, 8.5, 3.75, 10.25 ], "texture": "#iron_shovel" },
				"south": { "uv": [ 3.75, 10.25, 5, 12 ], "texture": "#iron_shovel" },
				"west": { "uv": [ 9.5, 8, 9.75, 9.75 ], "texture": "#iron_shovel" },
				"east": { "uv": [ 10, 8, 9.75, 9.75 ], "texture": "#iron_shovel" }
			}
		},
		{
			"__comment": "Voxels",
			"from": [ 0, 15, 9 ],
			"to": [ 2.5, 17.5, 9.5 ],
			"faces": {
				"down": { "uv": [ 0, 8, 1.25, 8.25 ], "texture": "#iron_shovel" },
				"up": { "uv": [ 1.25, 8.25, 2.5, 8 ], "texture": "#iron_shovel" },
				"north": { "uv": [ 1.25, 8.25, 0, 9.5 ], "texture": "#iron_shovel" },
				"south": { "uv": [ 6.25, 11.75, 7.5, 13 ], "texture": "#iron_shovel" },
				"west": { "uv": [ 10, 9.5, 10.25, 10.75 ], "texture": "#iron_shovel" },
				"east": { "uv": [ 10.25, 8.25, 10, 9.5 ], "texture": "#iron_shovel" }
			}
		},
		{
			"__comment": "Voxels",
			"from": [ 0, 15, 12.5 ],
			"to": [ 2.5, 15.5, 13 ],
			"faces": {
				"down": { "uv": [ 3.75, 8, 5, 8.25 ], "texture": "#iron_shovel" },
				"up": { "uv": [ 10.75, 15.25, 12, 15 ], "texture": "#iron_shovel" },
				"north": { "uv": [ 13.25, 15, 12, 15.25 ], "texture": "#iron_shovel" },
				"south": { "uv": [ 13.25, 15, 14.5, 15.25 ], "texture": "#iron_shovel" },
				"west": { "uv": [ 8, 14.25, 8.25, 14.5 ], "texture": "#iron_shovel" },
				"east": { "uv": [ 8.25, 14, 8, 14.25 ], "texture": "#iron_shovel" }
			}
		},
		{
			"__comment": "Voxels",
			"from": [ 0, 15, 14 ],
			"to": [ 2.5, 17.5, 14.5 ],
			"faces": {
				"down": { "uv": [ 10.5, 14.75, 11.75, 15 ], "texture": "#iron_shovel" },
				"up": { "uv": [ 13, 15, 14.25, 14.75 ], "texture": "#iron_shovel" },
				"north": { "uv": [ 6.25, 11.75, 5, 13 ], "texture": "#iron_shovel" },
				"south": { "uv": [ 2.5, 8, 3.75, 9.25 ], "texture": "#iron_shovel" },
				"west": { "uv": [ 10.25, 13, 10.5, 14.25 ], "texture": "#iron_shovel" },
				"east": { "uv": [ 10.5, 11.75, 10.25, 13 ], "texture": "#iron_shovel" }
			}
		},
		{
			"__comment": "Voxels",
			"from": [ 0, 17, 10.5 ],
			"to": [ 2.5, 19, 11 ],
			"faces": {
				"down": { "uv": [ 11.75, 14.75, 13, 15 ], "texture": "#iron_shovel" },
				"up": { "uv": [ 11.75, 14.75, 13, 14.5 ], "texture": "#iron_shovel" },
				"north": { "uv": [ 6.25, 8.75, 5, 9.75 ], "texture": "#iron_shovel" },
				"south": { "uv": [ 5, 10.75, 6.25, 11.75 ], "texture": "#iron_shovel" },
				"west": { "uv": [ 10.25, 9.75, 10.5, 10.75 ], "texture": "#iron_shovel" },
				"east": { "uv": [ 10.75, 13, 10.5, 14 ], "texture": "#iron_shovel" }
			}
		},
		{
			"__comment": "Voxels",
			"from": [ 0, 17, 12.5 ],
			"to": [ 2.5, 19, 13 ],
			"faces": {
				"down": { "uv": [ 8.25, 8, 9.5, 8.25 ], "texture": "#iron_shovel" },
				"up": { "uv": [ 13, 14.75, 14.25, 14.5 ], "texture": "#iron_shovel" },
				"north": { "uv": [ 9.5, 15, 8.25, 16 ], "texture": "#iron_shovel" },
				"south": { "uv": [ 9.5, 15, 10.75, 16 ], "texture": "#iron_shovel" },
				"west": { "uv": [ 10.5, 12, 10.75, 13 ], "texture": "#iron_shovel" },
				"east": { "uv": [ 10.75, 11, 10.5, 12 ], "texture": "#iron_shovel" }
			}
		},
		{
			"__comment": "Voxels",
			"from": [ 0, 17.5, 11 ],
			"to": [ 2.5, 19, 12.5 ],
			"faces": {
				"down": { "uv": [ 8.25, 12.75, 9.5, 13.5 ], "texture": "#iron_shovel" },
				"up": { "uv": [ 8.25, 11.25, 9.5, 10.5 ], "texture": "#iron_shovel" },
				"north": { "uv": [ 9.5, 9.75, 8.25, 10.5 ], "texture": "#iron_shovel" },
				"south": { "uv": [ 8.25, 9, 9.5, 9.75 ], "texture": "#iron_shovel" },
				"west": { "uv": [ 7.5, 9, 8.25, 9.75 ], "texture": "#iron_shovel" },
				"east": { "uv": [ 8.25, 11, 7.5, 11.75 ], "texture": "#iron_shovel" }
			}
		}
	],
	"display": {
		"gui": {
			"rotation":  [ 0, -90, 0 ],
			"translation":  [ 3.4782, -4.869, 6.2656 ]
		},
		"head": {
			"rotation":  [ 0, 90, 0 ],
			"translation":  [ -4.869, 6.9565, -9.043 ],
			"scale":  [ 1.3, 1.3, 1.3 ]
		},
		"fixed": {
			"rotation":  [ 0, 90, 0 ],
			"translation":  [ -5.259, -6.259, -8.337 ],
			"scale":  [ 1.3, 1.3, 1.3 ]
		}
	}
}