{
	"__comment": "oak_sapling",
	"parent": "oak_sapling",
	"textures": {
		"oak_sapling": "item/oak_sapling"
	},
	"elements": [ 	 
		{
			"__comment": "Voxels",
			"from": [ 6, 0, 9 ],
			"to": [ 7.5, 0.5, 13.5 ],
			"faces": {
				"down": { "uv": [ 0.75, 2.5, 1.5, 4.75 ], "texture": "#oak_sapling" },
				"up": { "uv": [ 0.75, 2.5, 1.5, 0.25 ], "texture": "#oak_sapling" },
				"north": { "uv": [ 1.5, 0, 0.75, 0.25 ], "texture": "#oak_sapling" },
				"south": { "uv": [ 0, 0, 0.75, 0.25 ], "texture": "#oak_sapling" },
				"west": { "uv": [ 9, 11, 11.25, 11.25 ], "texture": "#oak_sapling" },
				"east": { "uv": [ 11.25, 10.75, 9, 11 ], "texture": "#oak_sapling" }
			}
		},
		{
			"__comment": "Voxels",
			"from": [ 7.5, 0, 7.5 ],
			"to": [ 9, 0.5, 9 ],
			"faces": {
				"down": { "uv": [ 3, 4.75, 3.75, 5.5 ], "texture": "#oak_sapling" },
				"up": { "uv": [ 3, 4.75, 3.75, 4 ], "texture": "#oak_sapling" },
				"north": { "uv": [ 10.5, 10.5, 9.75, 10.75 ], "texture": "#oak_sapling" },
				"south": { "uv": [ 3.75, 0.25, 4.5, 0.5 ], "texture": "#oak_sapling" },
				"west": { "uv": [ 3.75, 1, 4.5, 1.25 ], "texture": "#oak_sapling" },
				"east": { "uv": [ 4.5, 1.25, 3.75, 1.5 ], "texture": "#oak_sapling" }
			}
		},
		{
			"__comment": "Voxels",
			"from": [ 7.5, 0, 13.5 ],
			"to": [ 9, 0.5, 15 ],
			"faces": {
				"down": { "uv": [ 3.75, 4.75, 4.5, 5.5 ], "texture": "#oak_sapling" },
				"up": { "uv": [ 3.75, 4.75, 4.5, 4 ], "texture": "#oak_sapling" },
				"north": { "uv": [ 4.5, 1.5, 3.75, 1.75 ], "texture": "#oak_sapling" },
				"south": { "uv": [ 3.75, 1.75, 4.5, 2 ], "texture": "#oak_sapling" },
				"west": { "uv": [ 3.75, 3.25, 4.5, 3.5 ], "texture": "#oak_sapling" },
				"east": { "uv": [ 4.5, 3.5, 3.75, 3.75 ], "texture": "#oak_sapling" }
			}
		},
		{
			"__comment": "Voxels",
			"from": [ 7.5, 4.5, 9 ],
			"to": [ 15, 7.5, 13.5 ],
			"faces": {
				"down": { "uv": [ 0, 13.75, 3.75, 16 ], "texture": "#oak_sapling" },
				"up": { "uv": [ 3.75, 16, 7.5, 13.75 ], "texture": "#oak_sapling" },
				"north": { "uv": [ 15, 14.5, 11.25, 16 ], "texture": "#oak_sapling" },
				"south": { "uv": [ 7.5, 14.5, 11.25, 16 ], "texture": "#oak_sapling" },
				"west": { "uv": [ 0, 12.25, 2.25, 13.75 ], "texture": "#oak_sapling" },
				"east": { "uv": [ 2.25, 10.75, 0, 12.25 ], "texture": "#oak_sapling" }
			}
		},
		{
			"__comment": "Voxels",
			"from": [ 7.5, 4.5, 13.5 ],
			"to": [ 13.5, 6, 15 ],
			"faces": {
				"down": { "uv": [ 8.25, 13, 11.25, 13.75 ], "texture": "#oak_sapling" },
				"up": { "uv": [ 5.25, 13.75, 8.25, 13 ], "texture": "#oak_sapling" },
				"north": { "uv": [ 10.5, 13.75, 7.5, 14.5 ], "texture": "#oak_sapling" },
				"south": { "uv": [ 11.25, 13, 14.25, 13.75 ], "texture": "#oak_sapling" },
				"west": { "uv": [ 10.5, 13.75, 11.25, 14.5 ], "texture": "#oak_sapling" },
				"east": { "uv": [ 15, 13.75, 14.25, 14.5 ], "texture": "#oak_sapling" }
			}
		},
		{
			"__comment": "Voxels",
			"from": [ 9, 0, 6 ],
			"to": [ 13.5, 0.5, 7.5 ],
			"faces": {
				"down": { "uv": [ 10.5, 12.25, 12.75, 13 ], "texture": "#oak_sapling" },
				"up": { "uv": [ 12.75, 13, 15, 12.25 ], "texture": "#oak_sapling" },
				"north": { "uv": [ 9, 11.25, 6.75, 11.5 ], "texture": "#oak_sapling" },
				"south": { "uv": [ 6.75, 11, 9, 11.25 ], "texture": "#oak_sapling" },
				"west": { "uv": [ 3.75, 0.75, 4.5, 1 ], "texture": "#oak_sapling" },
				"east": { "uv": [ 4.5, 2, 3.75, 2.25 ], "texture": "#oak_sapling" }
			}
		},
		{
			"__comment": "Voxels",
			"from": [ 9, 0, 15 ],
			"to": [ 13.5, 0.5, 16.5 ],
			"faces": {
				"down": { "uv": [ 4.5, 11.5, 6.75, 12.25 ], "texture": "#oak_sapling" },
				"up": { "uv": [ 6.75, 12.25, 9, 11.5 ], "texture": "#oak_sapling" },
				"north": { "uv": [ 9, 10.75, 6.75, 11 ], "texture": "#oak_sapling" },
				"south": { "uv": [ 9, 11.25, 11.25, 11.5 ], "texture": "#oak_sapling" },
				"west": { "uv": [ 3.75, 2.5, 4.5, 2.75 ], "texture": "#oak_sapling" },
				"east": { "uv": [ 4.5, 0.5, 3.75, 0.75 ], "texture": "#oak_sapling" }
			}
		},
		{
			"__comment": "Voxels",
			"from": [ 9, 4.5, 7.5 ],
			"to": [ 13.5, 7.5, 9 ],
			"faces": {
				"down": { "uv": [ 9, 11.5, 11.25, 12.25 ], "texture": "#oak_sapling" },
				"up": { "uv": [ 11.25, 12.25, 13.5, 11.5 ], "texture": "#oak_sapling" },
				"north": { "uv": [ 2.25, 7.75, 0, 9.25 ], "texture": "#oak_sapling" },
				"south": { "uv": [ 0, 9.25, 2.25, 10.75 ], "texture": "#oak_sapling" },
				"west": { "uv": [ 2.25, 4.75, 3, 6.25 ], "texture": "#oak_sapling" },
				"east": { "uv": [ 3, 3.25, 2.25, 4.75 ], "texture": "#oak_sapling" }
			}
		},
		{
			"__comment": "Voxels",
			"from": [ 9, 6, 13.5 ],
			"to": [ 15, 7.5, 15 ],
			"faces": {
				"down": { "uv": [ 2.25, 13, 5.25, 13.75 ], "texture": "#oak_sapling" },
				"up": { "uv": [ 11.25, 14.5, 14.25, 13.75 ], "texture": "#oak_sapling" },
				"north": { "uv": [ 5.25, 12.25, 2.25, 13 ], "texture": "#oak_sapling" },
				"south": { "uv": [ 5.25, 12.25, 8.25, 13 ], "texture": "#oak_sapling" },
				"west": { "uv": [ 15, 12.25, 15.75, 13 ], "texture": "#oak_sapling" },
				"east": { "uv": [ 15.75, 11.5, 15, 12.25 ], "texture": "#oak_sapling" }
			}
		},
		{
			"__comment": "Voxels",
			"from": [ 9, 7.5, 10.5 ],
			"to": [ 13.5, 10.5, 12 ],
			"faces": {
				"down": { "uv": [ 8.25, 12.25, 10.5, 13 ], "texture": "#oak_sapling" },
				"up": { "uv": [ 2.25, 12.25, 4.5, 11.5 ], "texture": "#oak_sapling" },
				"north": { "uv": [ 2.25, 4.75, 0, 6.25 ], "texture": "#oak_sapling" },
				"south": { "uv": [ 0, 6.25, 2.25, 7.75 ], "texture": "#oak_sapling" },
				"west": { "uv": [ 2.25, 1.75, 3, 3.25 ], "texture": "#oak_sapling" },
				"east": { "uv": [ 3, 0.25, 2.25, 1.75 ], "texture": "#oak_sapling" }
			}
		},
		{
			"__comment": "Voxels",
			"from": [ 10.5, 0, 10.5 ],
			"to": [ 12, 4.5, 12 ],
			"faces": {
				"down": { "uv": [ 3, 7, 3.75, 7.75 ], "texture": "#oak_sapling" },
				"up": { "uv": [ 3, 7, 3.75, 6.25 ], "texture": "#oak_sapling" },
				"north": { "uv": [ 0.75, 0.25, 0, 2.5 ], "texture": "#oak_sapling" },
				"south": { "uv": [ 1.5, 2.5, 2.25, 4.75 ], "texture": "#oak_sapling" },
				"west": { "uv": [ 0, 2.5, 0.75, 4.75 ], "texture": "#oak_sapling" },
				"east": { "uv": [ 15.75, 13.75, 15, 16 ], "texture": "#oak_sapling" }
			}
		},
		{
			"__comment": "Voxels",
			"from": [ 10.5, 7.5, 9 ],
			"to": [ 12, 10.5, 10.5 ],
			"faces": {
				"down": { "uv": [ 3, 5.5, 3.75, 6.25 ], "texture": "#oak_sapling" },
				"up": { "uv": [ 3, 8.5, 3.75, 7.75 ], "texture": "#oak_sapling" },
				"north": { "uv": [ 3, 7.75, 2.25, 9.25 ], "texture": "#oak_sapling" },
				"south": { "uv": [ 2.25, 6.25, 3, 7.75 ], "texture": "#oak_sapling" },
				"west": { "uv": [ 3, 10, 3.75, 11.5 ], "texture": "#oak_sapling" },
				"east": { "uv": [ 3.75, 8.5, 3, 10 ], "texture": "#oak_sapling" }
			}
		},
		{
			"__comment": "Voxels",
			"from": [ 10.5, 7.5, 12 ],
			"to": [ 13.5, 9, 13.5 ],
			"faces": {
				"down": { "uv": [ 5.25, 10.75, 6.75, 11.5 ], "texture": "#oak_sapling" },
				"up": { "uv": [ 14.25, 13.75, 15.75, 13 ], "texture": "#oak_sapling" },
				"north": { "uv": [ 15, 11.5, 13.5, 12.25 ], "texture": "#oak_sapling" },
				"south": { "uv": [ 3.75, 10.75, 5.25, 11.5 ], "texture": "#oak_sapling" },
				"west": { "uv": [ 3, 3.25, 3.75, 4 ], "texture": "#oak_sapling" },
				"east": { "uv": [ 3.75, 2.5, 3, 3.25 ], "texture": "#oak_sapling" }
			}
		},
		{
			"__comment": "Voxels",
			"from": [ 10.5, 9, 12 ],
			"to": [ 12, 10.5, 13.5 ],
			"faces": {
				"down": { "uv": [ 3, 1.75, 3.75, 2.5 ], "texture": "#oak_sapling" },
				"up": { "uv": [ 3, 1.75, 3.75, 1 ], "texture": "#oak_sapling" },
				"north": { "uv": [ 3.75, 0.25, 3, 1 ], "texture": "#oak_sapling" },
				"south": { "uv": [ 11.25, 10.75, 12, 11.5 ], "texture": "#oak_sapling" },
				"west": { "uv": [ 12, 10.75, 12.75, 11.5 ], "texture": "#oak_sapling" },
				"east": { "uv": [ 13.5, 10.75, 12.75, 11.5 ], "texture": "#oak_sapling" }
			}
		},
		{
			"__comment": "Voxels",
			"from": [ 13.5, 0, 7.5 ],
			"to": [ 15, 0.5, 9 ],
			"faces": {
				"down": { "uv": [ 13.5, 10.75, 14.25, 11.5 ], "texture": "#oak_sapling" },
				"up": { "uv": [ 14.25, 11.5, 15, 10.75 ], "texture": "#oak_sapling" },
				"north": { "uv": [ 2.25, 0, 1.5, 0.25 ], "texture": "#oak_sapling" },
				"south": { "uv": [ 2.25, 0, 3, 0.25 ], "texture": "#oak_sapling" },
				"west": { "uv": [ 3, 0, 3.75, 0.25 ], "texture": "#oak_sapling" },
				"east": { "uv": [ 4.5, 3.75, 3.75, 4 ], "texture": "#oak_sapling" }
			}
		},
		{
			"__comment": "Voxels",
			"from": [ 13.5, 0, 13.5 ],
			"to": [ 15, 0.5, 15 ],
			"faces": {
				"down": { "uv": [ 15, 10.75, 15.75, 11.5 ], "texture": "#oak_sapling" },
				"up": { "uv": [ 3.75, 10.75, 4.5, 10 ], "texture": "#oak_sapling" },
				"north": { "uv": [ 4.5, 3, 3.75, 3.25 ], "texture": "#oak_sapling" },
				"south": { "uv": [ 3.75, 2.75, 4.5, 3 ], "texture": "#oak_sapling" },
				"west": { "uv": [ 10.5, 10.5, 11.25, 10.75 ], "texture": "#oak_sapling" },
				"east": { "uv": [ 4.5, 2.25, 3.75, 2.5 ], "texture": "#oak_sapling" }
			}
		},
		{
			"__comment": "Voxels",
			"from": [ 13.5, 6, 7.5 ],
			"to": [ 15, 7.5, 9 ],
			"faces": {
				"down": { "uv": [ 3.75, 9.25, 4.5, 10 ], "texture": "#oak_sapling" },
				"up": { "uv": [ 3.75, 9.25, 4.5, 8.5 ], "texture": "#oak_sapling" },
				"north": { "uv": [ 4.5, 7.75, 3.75, 8.5 ], "texture": "#oak_sapling" },
				"south": { "uv": [ 3.75, 7, 4.5, 7.75 ], "texture": "#oak_sapling" },
				"west": { "uv": [ 3.75, 6.25, 4.5, 7 ], "texture": "#oak_sapling" },
				"east": { "uv": [ 4.5, 5.5, 3.75, 6.25 ], "texture": "#oak_sapling" }
			}
		},
		{
			"__comment": "Voxels",
			"from": [ 15, 0, 9 ],
			"to": [ 16.5, 0.5, 13.5 ],
			"faces": {
				"down": { "uv": [ 2.25, 9.25, 3, 11.5 ], "texture": "#oak_sapling" },
				"up": { "uv": [ 1.5, 2.5, 2.25, 0.25 ], "texture": "#oak_sapling" },
				"north": { "uv": [ 4.5, 0, 3.75, 0.25 ], "texture": "#oak_sapling" },
				"south": { "uv": [ 9, 10.5, 9.75, 10.75 ], "texture": "#oak_sapling" },
				"west": { "uv": [ 6.75, 10.5, 9, 10.75 ], "texture": "#oak_sapling" },
				"east": { "uv": [ 6.75, 10.5, 4.5, 10.75 ], "texture": "#oak_sapling" }
			}
		}
	],
	"display": {
		"thirdperson_righthand": {
			"translation":  [ 4.1739, 6.2608, 0 ]
		},
		"thirdperson_lefthand": {
			"translation":  [ 4.1739, 6.2608, 0 ]
		},
		"gui": {
			"translation":  [ -3.478, 2.0869, 0 ]
		},
		"head": {
			"translation":  [ -2.782, 14.608, -2.782 ]
		},
		"ground": {
			"translation":  [ -4.173, 4.8695, -4.173 ]
		},
		"fixed": {
			"rotation":  [ -90, 0, 0 ],
			"translation":  [ -6.257, -6.953, -15.97 ],
			"scale":  [ 2, 2, 2 ]
		}
	}
}