{
	"textures": {
		"wooden_shovel": "item/wooden_shovel"
	},
	"elements": [ 	 
		{
			"__comment": "Voxels",
			"from": [ -2, 6, 9 ],
			"to": [ 0.5, 9.5, 10 ],
			"faces": {
				"down": { "uv": [ 11, 11.5, 12.25, 12 ], "texture": "#wooden_shovel" },
				"up": { "uv": [ 12.25, 12, 13.5, 11.5 ], "texture": "#wooden_shovel" },
				"north": { "uv": [ 15.25, 14.25, 14, 16 ], "texture": "#wooden_shovel" },
				"south": { "uv": [ 1.25, 12, 2.5, 13.75 ], "texture": "#wooden_shovel" },
				"west": { "uv": [ 3.75, 10.25, 4.25, 12 ], "texture": "#wooden_shovel" },
				"east": { "uv": [ 15.75, 14.25, 15.25, 16 ], "texture": "#wooden_shovel" }
			}
		},
		{
			"__comment": "Voxels",
			"from": [ -2, 6, 12.5 ],
			"to": [ 0.5, 7, 15.5 ],
			"faces": {
				"down": { "uv": [ 12, 13.75, 13.25, 15.25 ], "texture": "#wooden_shovel" },
				"up": { "uv": [ 10.75, 15.25, 12, 13.75 ], "texture": "#wooden_shovel" },
				"north": { "uv": [ 14.75, 11.5, 13.5, 12 ], "texture": "#wooden_shovel" },
				"south": { "uv": [ 14.75, 11.5, 16, 12 ], "texture": "#wooden_shovel" },
				"west": { "uv": [ 5.75, 11.5, 7.25, 12 ], "texture": "#wooden_shovel" },
				"east": { "uv": [ 5.75, 11.5, 4.25, 12 ], "texture": "#wooden_shovel" }
			}
		},
		{
			"__comment": "Voxels",
			"from": [ -2, 7, 15 ],
			"to": [ 0.5, 8, 15.5 ],
			"faces": {
				"down": { "uv": [ 10.75, 10.75, 12, 11 ], "texture": "#wooden_shovel" },
				"up": { "uv": [ 14.5, 11, 15.75, 10.75 ], "texture": "#wooden_shovel" },
				"north": { "uv": [ 5.5, 11, 4.25, 11.5 ], "texture": "#wooden_shovel" },
				"south": { "uv": [ 5.5, 11, 6.75, 11.5 ], "texture": "#wooden_shovel" },
				"west": { "uv": [ 15.5, 13.75, 15.75, 14.25 ], "texture": "#wooden_shovel" },
				"east": { "uv": [ 15.5, 13.75, 15.25, 14.25 ], "texture": "#wooden_shovel" }
			}
		},
		{
			"__comment": "Voxels",
			"from": [ -2, 7.5, 12.5 ],
			"to": [ 0.5, 9.5, 13 ],
			"faces": {
				"down": { "uv": [ 13.25, 10.75, 14.5, 11 ], "texture": "#wooden_shovel" },
				"up": { "uv": [ 12, 11, 13.25, 10.75 ], "texture": "#wooden_shovel" },
				"north": { "uv": [ 3.75, 2.5, 2.5, 3.5 ], "texture": "#wooden_shovel" },
				"south": { "uv": [ 2.5, 1.5, 3.75, 2.5 ], "texture": "#wooden_shovel" },
				"west": { "uv": [ 4.25, 3.75, 4.5, 4.75 ], "texture": "#wooden_shovel" },
				"east": { "uv": [ 4.5, 4.75, 4.25, 5.75 ], "texture": "#wooden_shovel" }
			}
		},
		{
			"__comment": "Voxels",
			"from": [ -2, 7.5, 13 ],
			"to": [ 0.5, 8, 15 ],
			"faces": {
				"down": { "uv": [ 2.5, 8.5, 3.75, 9.5 ], "texture": "#wooden_shovel" },
				"up": { "uv": [ 3.75, 13, 5, 12 ], "texture": "#wooden_shovel" },
				"north": { "uv": [ 10.75, 10.75, 9.5, 11 ], "texture": "#wooden_shovel" },
				"south": { "uv": [ 8.25, 10.75, 9.5, 11 ], "texture": "#wooden_shovel" },
				"west": { "uv": [ 15, 11.25, 16, 11.5 ], "texture": "#wooden_shovel" },
				"east": { "uv": [ 14.75, 12, 13.75, 12.25 ], "texture": "#wooden_shovel" }
			}
		},
		{
			"__comment": "Voxels",
			"from": [ -2, 8.5, 10 ],
			"to": [ 0.5, 9.5, 12 ],
			"faces": {
				"down": { "uv": [ 2.5, 9.5, 3.75, 10.5 ], "texture": "#wooden_shovel" },
				"up": { "uv": [ 2.5, 7.5, 3.75, 6.5 ], "texture": "#wooden_shovel" },
				"north": { "uv": [ 11, 11.5, 9.75, 12 ], "texture": "#wooden_shovel" },
				"south": { "uv": [ 6.75, 11, 8, 11.5 ], "texture": "#wooden_shovel" },
				"west": { "uv": [ 8, 11, 9, 11.5 ], "texture": "#wooden_shovel" },
				"east": { "uv": [ 10, 11, 9, 11.5 ], "texture": "#wooden_shovel" }
			}
		},
		{
			"__comment": "Voxels",
			"from": [ -2, 8.5, 13 ],
			"to": [ 0.5, 9.5, 15.5 ],
			"faces": {
				"down": { "uv": [ 1.25, 0, 2.5, 1.25 ], "texture": "#wooden_shovel" },
				"up": { "uv": [ 1.25, 3.75, 2.5, 2.5 ], "texture": "#wooden_shovel" },
				"north": { "uv": [ 15.25, 13.75, 14, 14.25 ], "texture": "#wooden_shovel" },
				"south": { "uv": [ 2.5, 0, 3.75, 0.5 ], "texture": "#wooden_shovel" },
				"west": { "uv": [ 7.25, 11.5, 8.5, 12 ], "texture": "#wooden_shovel" },
				"east": { "uv": [ 9.75, 11.5, 8.5, 12 ], "texture": "#wooden_shovel" }
			}
		},
		{
			"__comment": "Voxels",
			"from": [ -2, 10, 9 ],
			"to": [ 0.5, 11.5, 15.5 ],
			"faces": {
				"down": { "uv": [ 0, 9.5, 1.25, 12.75 ], "texture": "#wooden_shovel" },
				"up": { "uv": [ 0, 16, 1.25, 12.75 ], "texture": "#wooden_shovel" },
				"north": { "uv": [ 1.25, 0, 0, 0.75 ], "texture": "#wooden_shovel" },
				"south": { "uv": [ 7, 13, 8.25, 13.75 ], "texture": "#wooden_shovel" },
				"west": { "uv": [ 7.5, 14.5, 10.75, 15.25 ], "texture": "#wooden_shovel" },
				"east": { "uv": [ 10.75, 15.25, 7.5, 16 ], "texture": "#wooden_shovel" }
			}
		},
		{
			"__comment": "Voxels",
			"from": [ -2, 12, 11 ],
			"to": [ 0.5, 14, 11.5 ],
			"faces": {
				"down": { "uv": [ 10, 11.25, 11.25, 11.5 ], "texture": "#wooden_shovel" },
				"up": { "uv": [ 14.75, 12.25, 16, 12 ], "texture": "#wooden_shovel" },
				"north": { "uv": [ 3.75, 4.5, 2.5, 5.5 ], "texture": "#wooden_shovel" },
				"south": { "uv": [ 2.5, 3.5, 3.75, 4.5 ], "texture": "#wooden_shovel" },
				"west": { "uv": [ 3.75, 0, 4, 1 ], "texture": "#wooden_shovel" },
				"east": { "uv": [ 4.5, 6.75, 4.25, 7.75 ], "texture": "#wooden_shovel" }
			}
		},
		{
			"__comment": "Voxels",
			"from": [ -2, 12, 11.5 ],
			"to": [ 0.5, 13.5, 13.5 ],
			"faces": {
				"down": { "uv": [ 2.5, 0.5, 3.75, 1.5 ], "texture": "#wooden_shovel" },
				"up": { "uv": [ 2.5, 6.5, 3.75, 5.5 ], "texture": "#wooden_shovel" },
				"north": { "uv": [ 9.5, 13, 8.25, 13.75 ], "texture": "#wooden_shovel" },
				"south": { "uv": [ 11.25, 12.25, 12.5, 13 ], "texture": "#wooden_shovel" },
				"west": { "uv": [ 14.75, 12.25, 15.75, 13 ], "texture": "#wooden_shovel" },
				"east": { "uv": [ 14.75, 12.25, 13.75, 13 ], "texture": "#wooden_shovel" }
			}
		},
		{
			"__comment": "Voxels",
			"from": [ -2, 12.5, 10.5 ],
			"to": [ 0.5, 17, 11 ],
			"faces": {
				"down": { "uv": [ 8.25, 10.5, 9.5, 10.75 ], "texture": "#wooden_shovel" },
				"up": { "uv": [ 7, 10.75, 8.25, 10.5 ], "texture": "#wooden_shovel" },
				"north": { "uv": [ 5, 13.75, 3.75, 16 ], "texture": "#wooden_shovel" },
				"south": { "uv": [ 2.5, 13.75, 3.75, 16 ], "texture": "#wooden_shovel" },
				"west": { "uv": [ 4, 8, 4.25, 10.25 ], "texture": "#wooden_shovel" },
				"east": { "uv": [ 4, 8, 3.75, 10.25 ], "texture": "#wooden_shovel" }
			}
		},
		{
			"__comment": "Voxels",
			"from": [ -2, 12.5, 13.5 ],
			"to": [ 0.5, 17, 14 ],
			"faces": {
				"down": { "uv": [ 10, 12, 11.25, 12.25 ], "texture": "#wooden_shovel" },
				"up": { "uv": [ 5.75, 10.75, 7, 10.5 ], "texture": "#wooden_shovel" },
				"north": { "uv": [ 1.25, 0.75, 0, 3 ], "texture": "#wooden_shovel" },
				"south": { "uv": [ 1.25, 13.75, 2.5, 16 ], "texture": "#wooden_shovel" },
				"west": { "uv": [ 3.75, 5.75, 4, 8 ], "texture": "#wooden_shovel" },
				"east": { "uv": [ 4.25, 5.75, 4, 8 ], "texture": "#wooden_shovel" }
			}
		},
		{
			"__comment": "Voxels",
			"from": [ -2, 13, 10 ],
			"to": [ 0.5, 16.5, 10.5 ],
			"faces": {
				"down": { "uv": [ 10.75, 10.5, 12, 10.75 ], "texture": "#wooden_shovel" },
				"up": { "uv": [ 4.5, 10.75, 5.75, 10.5 ], "texture": "#wooden_shovel" },
				"north": { "uv": [ 2.5, 8.5, 1.25, 10.25 ], "texture": "#wooden_shovel" },
				"south": { "uv": [ 1.25, 10.25, 2.5, 12 ], "texture": "#wooden_shovel" },
				"west": { "uv": [ 3.75, 4, 4, 5.75 ], "texture": "#wooden_shovel" },
				"east": { "uv": [ 4.25, 4, 4, 5.75 ], "texture": "#wooden_shovel" }
			}
		},
		{
			"__comment": "Voxels",
			"from": [ -2, 13, 14 ],
			"to": [ 0.5, 16.5, 14.5 ],
			"faces": {
				"down": { "uv": [ 9.5, 10.5, 10.75, 10.75 ], "texture": "#wooden_shovel" },
				"up": { "uv": [ 8.75, 12.25, 10, 12 ], "texture": "#wooden_shovel" },
				"north": { "uv": [ 2.5, 5, 1.25, 6.75 ], "texture": "#wooden_shovel" },
				"south": { "uv": [ 1.25, 6.75, 2.5, 8.5 ], "texture": "#wooden_shovel" },
				"west": { "uv": [ 3.75, 2.25, 4, 4 ], "texture": "#wooden_shovel" },
				"east": { "uv": [ 16, 14.25, 15.75, 16 ], "texture": "#wooden_shovel" }
			}
		},
		{
			"__comment": "Voxels",
			"from": [ -2, 13.5, 9.5 ],
			"to": [ 0.5, 16, 10 ],
			"faces": {
				"down": { "uv": [ 11.25, 12, 12.5, 12.25 ], "texture": "#wooden_shovel" },
				"up": { "uv": [ 12.5, 12.25, 13.75, 12 ], "texture": "#wooden_shovel" },
				"north": { "uv": [ 3.75, 10.5, 2.5, 11.75 ], "texture": "#wooden_shovel" },
				"south": { "uv": [ 1.25, 3.75, 2.5, 5 ], "texture": "#wooden_shovel" },
				"west": { "uv": [ 4, 2.75, 4.25, 4 ], "texture": "#wooden_shovel" },
				"east": { "uv": [ 4, 1, 3.75, 2.25 ], "texture": "#wooden_shovel" }
			}
		},
		{
			"__comment": "Voxels",
			"from": [ -2, 13.5, 13 ],
			"to": [ 0.5, 14, 13.5 ],
			"faces": {
				"down": { "uv": [ 10, 11, 11.25, 11.25 ], "texture": "#wooden_shovel" },
				"up": { "uv": [ 11.25, 11.5, 12.5, 11.25 ], "texture": "#wooden_shovel" },
				"north": { "uv": [ 12.5, 11, 11.25, 11.25 ], "texture": "#wooden_shovel" },
				"south": { "uv": [ 12.5, 11.25, 13.75, 11.5 ], "texture": "#wooden_shovel" },
				"west": { "uv": [ 15.75, 14, 16, 14.25 ], "texture": "#wooden_shovel" },
				"east": { "uv": [ 16, 13.75, 15.75, 14 ], "texture": "#wooden_shovel" }
			}
		},
		{
			"__comment": "Voxels",
			"from": [ -2, 13.5, 14.5 ],
			"to": [ 0.5, 16, 15 ],
			"faces": {
				"down": { "uv": [ 12.5, 11, 13.75, 11.25 ], "texture": "#wooden_shovel" },
				"up": { "uv": [ 13.75, 11.5, 15, 11.25 ], "texture": "#wooden_shovel" },
				"north": { "uv": [ 3.75, 11.75, 2.5, 13 ], "texture": "#wooden_shovel" },
				"south": { "uv": [ 1.25, 1.25, 2.5, 2.5 ], "texture": "#wooden_shovel" },
				"west": { "uv": [ 4, 1, 4.25, 2.25 ], "texture": "#wooden_shovel" },
				"east": { "uv": [ 4.5, 9.75, 4.25, 11 ], "texture": "#wooden_shovel" }
			}
		},
		{
			"__comment": "Voxels",
			"from": [ -2, 15.5, 11 ],
			"to": [ 0.5, 17.5, 11.5 ],
			"faces": {
				"down": { "uv": [ 13.75, 11, 15, 11.25 ], "texture": "#wooden_shovel" },
				"up": { "uv": [ 4.5, 11, 5.75, 10.75 ], "texture": "#wooden_shovel" },
				"north": { "uv": [ 3.75, 7.5, 2.5, 8.5 ], "texture": "#wooden_shovel" },
				"south": { "uv": [ 7.5, 12, 8.75, 13 ], "texture": "#wooden_shovel" },
				"west": { "uv": [ 4, 0, 4.25, 1 ], "texture": "#wooden_shovel" },
				"east": { "uv": [ 4.5, 5.75, 4.25, 6.75 ], "texture": "#wooden_shovel" }
			}
		},
		{
			"__comment": "Voxels",
			"from": [ -2, 15.5, 13 ],
			"to": [ 0.5, 17.5, 13.5 ],
			"faces": {
				"down": { "uv": [ 5.75, 10.75, 7, 11 ], "texture": "#wooden_shovel" },
				"up": { "uv": [ 7, 11, 8.25, 10.75 ], "texture": "#wooden_shovel" },
				"north": { "uv": [ 7.5, 12, 6.25, 13 ], "texture": "#wooden_shovel" },
				"south": { "uv": [ 5, 12, 6.25, 13 ], "texture": "#wooden_shovel" },
				"west": { "uv": [ 4.25, 8.75, 4.5, 9.75 ], "texture": "#wooden_shovel" },
				"east": { "uv": [ 4.5, 7.75, 4.25, 8.75 ], "texture": "#wooden_shovel" }
			}
		},
		{
			"__comment": "Voxels",
			"from": [ -2, 16, 11.5 ],
			"to": [ 0.5, 17.5, 13 ],
			"faces": {
				"down": { "uv": [ 13.25, 13, 14.5, 13.75 ], "texture": "#wooden_shovel" },
				"up": { "uv": [ 12.5, 13, 13.75, 12.25 ], "texture": "#wooden_shovel" },
				"north": { "uv": [ 10.75, 13, 9.5, 13.75 ], "texture": "#wooden_shovel" },
				"south": { "uv": [ 10.75, 13, 12, 13.75 ], "texture": "#wooden_shovel" },
				"west": { "uv": [ 13.25, 14.5, 14, 15.25 ], "texture": "#wooden_shovel" },
				"east": { "uv": [ 14, 13.75, 13.25, 14.5 ], "texture": "#wooden_shovel" }
			}
		},
		{
			"__comment": "Voxels",
			"from": [ -2, 18.5, 9 ],
			"to": [ 0.5, 20, 15.5 ],
			"faces": {
				"down": { "uv": [ 0, 3, 1.25, 6.25 ], "texture": "#wooden_shovel" },
				"up": { "uv": [ 0, 9.5, 1.25, 6.25 ], "texture": "#wooden_shovel" },
				"north": { "uv": [ 13.25, 13, 12, 13.75 ], "texture": "#wooden_shovel" },
				"south": { "uv": [ 14.5, 13, 15.75, 13.75 ], "texture": "#wooden_shovel" },
				"west": { "uv": [ 7.5, 13.75, 10.75, 14.5 ], "texture": "#wooden_shovel" },
				"east": { "uv": [ 14, 15.25, 10.75, 16 ], "texture": "#wooden_shovel" }
			}
		},
		{
			"__comment": "Voxels",
			"from": [ -2, 20.5, 10 ],
			"to": [ 0.5, 22, 14.5 ],
			"faces": {
				"down": { "uv": [ 5, 13.75, 6.25, 16 ], "texture": "#wooden_shovel" },
				"up": { "uv": [ 6.25, 16, 7.5, 13.75 ], "texture": "#wooden_shovel" },
				"north": { "uv": [ 10, 12.25, 8.75, 13 ], "texture": "#wooden_shovel" },
				"south": { "uv": [ 10, 12.25, 11.25, 13 ], "texture": "#wooden_shovel" },
				"west": { "uv": [ 4.75, 13, 7, 13.75 ], "texture": "#wooden_shovel" },
				"east": { "uv": [ 4.75, 13, 2.5, 13.75 ], "texture": "#wooden_shovel" }
			}
		}
	],
	"display": {
		"thirdperson_righthand": {
			"rotation":  [ 36, 6, 0 ],
			"translation":  [ 7.653, 3.9714, -2.782 ]
		},
		"thirdperson_lefthand": {
			"rotation":  [ 36, 6, 0 ],
			"translation":  [ -9.042, 3.9714, -2.782 ]
		},
		"firstperson_righthand": {
			"translation":  [ 13.913, 0.6956, -7.652 ]
		},
		"firstperson_lefthand": {
			"translation":  [ -2.087, -2.783, -10.42 ]
		},
		"gui": {
			"rotation":  [ 0, -90, 0 ],
			"translation":  [ 4.1739, -6.26, 0 ]
		},
		"head": {
			"rotation":  [ 0, 90, 0 ],
			"translation":  [ -4.173, 8.8, -8.7 ]
		},
		"fixed": {
			"rotation":  [ 0, 90, 0 ],
			"translation":  [ -4.173, -4.869, -9.039 ]
		}
	}
}