{
	"__comment": "polished_tuff",
	"parent": "polished_tuff",
	"textures": {
		"polished_tuff": "block/polished_tuff"
	},
	"elements": [ 	 
		{
			"__comment": "Voxels",
			"from": [ 1, 4, 5 ],
			"to": [ 15, 14, 6 ],
			"faces": {
				"down": { "uv": [ 3, 10.5, 10, 11 ], "texture": "#polished_tuff" },
				"up": { "uv": [ 3, 10.5, 10, 10 ], "texture": "#polished_tuff" },
				"north": { "uv": [ 7, 11, 0, 16 ], "texture": "#polished_tuff" },
				"south": { "uv": [ 7, 11, 14, 16 ], "texture": "#polished_tuff" },
				"west": { "uv": [ 0, 0, 0.5, 5 ], "texture": "#polished_tuff" },
				"east": { "uv": [ 1, 0, 0.5, 5 ], "texture": "#polished_tuff" }
			}
		},
		{
			"__comment": "Voxels",
			"from": [ 5, 0, 5 ],
			"to": [ 11, 1, 11 ],
			"faces": {
				"down": { "uv": [ 0, 8, 3, 11 ], "texture": "#polished_tuff" },
				"up": { "uv": [ 0, 8, 3, 5 ], "texture": "#polished_tuff" },
				"north": { "uv": [ 13, 10.5, 10, 11 ], "texture": "#polished_tuff" },
				"south": { "uv": [ 13, 10.5, 16, 11 ], "texture": "#polished_tuff" },
				"west": { "uv": [ 10, 10, 13, 10.5 ], "texture": "#polished_tuff" },
				"east": { "uv": [ 16, 10, 13, 10.5 ], "texture": "#polished_tuff" }
			}
		},
		{
			"__comment": "Voxels",
			"from": [ 7, 1, 8 ],
			"to": [ 9, 8, 9 ],
			"faces": {
				"down": { "uv": [ 14, 11, 15, 11.5 ], "texture": "#polished_tuff" },
				"up": { "uv": [ 15, 11.5, 16, 11 ], "texture": "#polished_tuff" },
				"north": { "uv": [ 15, 12.5, 14, 16 ], "texture": "#polished_tuff" },
				"south": { "uv": [ 15, 12.5, 16, 16 ], "texture": "#polished_tuff" },
				"west": { "uv": [ 1, 1.5, 1.5, 5 ], "texture": "#polished_tuff" },
				"east": { "uv": [ 2, 1.5, 1.5, 5 ], "texture": "#polished_tuff" }
			}
		},
		{
			"__comment": "Voxels",
			"from": [ 7, 7, 7 ],
			"to": [ 9, 9, 8 ],
			"faces": {
				"down": { "uv": [ 2, 2.5, 3, 3 ], "texture": "#polished_tuff" },
				"up": { "uv": [ 2, 2.5, 3, 2 ], "texture": "#polished_tuff" },
				"north": { "uv": [ 15, 11.5, 14, 12.5 ], "texture": "#polished_tuff" },
				"south": { "uv": [ 15, 11.5, 16, 12.5 ], "texture": "#polished_tuff" },
				"west": { "uv": [ 1, 0.5, 1.5, 1.5 ], "texture": "#polished_tuff" },
				"east": { "uv": [ 2, 0.5, 1.5, 1.5 ], "texture": "#polished_tuff" }
			}
		},
		{
			"__comment": "Voxels",
			"from": [ 7, 8, 6 ],
			"to": [ 9, 10, 7 ],
			"faces": {
				"down": { "uv": [ 2, 1.5, 3, 2 ], "texture": "#polished_tuff" },
				"up": { "uv": [ 2, 1.5, 3, 1 ], "texture": "#polished_tuff" },
				"north": { "uv": [ 3, 4, 2, 5 ], "texture": "#polished_tuff" },
				"south": { "uv": [ 2, 3, 3, 4 ], "texture": "#polished_tuff" },
				"west": { "uv": [ 2, 0, 2.5, 1 ], "texture": "#polished_tuff" },
				"east": { "uv": [ 3, 0, 2.5, 1 ], "texture": "#polished_tuff" }
			}
		}
	],
	"display": {
		"head": {
			"translation":  [ 0, 14.608, 0 ]
		},
		"ground": {
			"translation":  [ 0, 4.8695, 0 ]
		}
	}
}