{
	"__comment": "red_nether_bricks",
	"parent": "red_nether_bricks",
	"textures": {
		"red_nether_bricks": "block/red_nether_bricks"
	},
	"elements": [ 	 
		{
			"__comment": "Voxels",
			"from": [ 0, 0, 0 ],
			"to": [ 16, 2, 1 ],
			"faces": {
				"down": { "uv": [ 8, 12.25, 12, 12.5 ], "texture": "#red_nether_bricks" },
				"up": { "uv": [ 12, 12.5, 16, 12.25 ], "texture": "#red_nether_bricks" },
				"north": { "uv": [ 4, 11.75, 0, 12.25 ], "texture": "#red_nether_bricks" },
				"south": { "uv": [ 0, 11.25, 4, 11.75 ], "texture": "#red_nether_bricks" },
				"west": { "uv": [ 4, 0, 4.25, 0.5 ], "texture": "#red_nether_bricks" },
				"east": { "uv": [ 5.25, 8, 5, 8.5 ], "texture": "#red_nether_bricks" }
			}
		},
		{
			"__comment": "Voxels",
			"from": [ 0, 0, 1 ],
			"to": [ 16, 1, 16 ],
			"faces": {
				"down": { "uv": [ 0, 12.25, 4, 16 ], "texture": "#red_nether_bricks" },
				"up": { "uv": [ 4, 16, 8, 12.25 ], "texture": "#red_nether_bricks" },
				"north": { "uv": [ 4, 8.75, 0, 9 ], "texture": "#red_nether_bricks" },
				"south": { "uv": [ 0, 8.5, 4, 8.75 ], "texture": "#red_nether_bricks" },
				"west": { "uv": [ 0, 6.25, 3.75, 6.5 ], "texture": "#red_nether_bricks" },
				"east": { "uv": [ 3.75, 6, 0, 6.25 ], "texture": "#red_nether_bricks" }
			}
		},
		{
			"__comment": "Voxels",
			"from": [ 0, 1, 1 ],
			"to": [ 1, 2, 16 ],
			"faces": {
				"down": { "uv": [ 0, 2.25, 0.25, 6 ], "texture": "#red_nether_bricks" },
				"up": { "uv": [ 0.25, 6, 0.5, 2.25 ], "texture": "#red_nether_bricks" },
				"north": { "uv": [ 4, 6.75, 3.75, 7 ], "texture": "#red_nether_bricks" },
				"south": { "uv": [ 3.75, 6.5, 4, 6.75 ], "texture": "#red_nether_bricks" },
				"west": { "uv": [ 11.5, 12, 15.25, 12.25 ], "texture": "#red_nether_bricks" },
				"east": { "uv": [ 7.75, 11.75, 4, 12 ], "texture": "#red_nether_bricks" }
			}
		},
		{
			"__comment": "Voxels",
			"from": [ 0, 2, 0 ],
			"to": [ 1, 16, 1 ],
			"faces": {
				"down": { "uv": [ 3.75, 6.25, 4, 6.5 ], "texture": "#red_nether_bricks" },
				"up": { "uv": [ 3.75, 6.25, 4, 6 ], "texture": "#red_nether_bricks" },
				"north": { "uv": [ 1, 1.25, 0.75, 4.75 ], "texture": "#red_nether_bricks" },
				"south": { "uv": [ 1, 1.25, 1.25, 4.75 ], "texture": "#red_nether_bricks" },
				"west": { "uv": [ 2.25, 1.25, 2.5, 4.75 ], "texture": "#red_nether_bricks" },
				"east": { "uv": [ 0.75, 1.25, 0.5, 4.75 ], "texture": "#red_nether_bricks" }
			}
		},
		{
			"__comment": "Voxels",
			"from": [ 0, 2, 15 ],
			"to": [ 1, 16, 16 ],
			"faces": {
				"down": { "uv": [ 0, 0, 0.25, 0.25 ], "texture": "#red_nether_bricks" },
				"up": { "uv": [ 0.25, 0.25, 0.5, 0 ], "texture": "#red_nether_bricks" },
				"north": { "uv": [ 1.75, 1.25, 1.5, 4.75 ], "texture": "#red_nether_bricks" },
				"south": { "uv": [ 1.75, 1.25, 2, 4.75 ], "texture": "#red_nether_bricks" },
				"west": { "uv": [ 2, 1.25, 2.25, 4.75 ], "texture": "#red_nether_bricks" },
				"east": { "uv": [ 1.5, 1.25, 1.25, 4.75 ], "texture": "#red_nether_bricks" }
			}
		},
		{
			"__comment": "Voxels",
			"from": [ 0, 15, 1 ],
			"to": [ 16, 16, 15 ],
			"faces": {
				"down": { "uv": [ 8, 12.5, 12, 16 ], "texture": "#red_nether_bricks" },
				"up": { "uv": [ 12, 16, 16, 12.5 ], "texture": "#red_nether_bricks" },
				"north": { "uv": [ 4, 8.25, 0, 8.5 ], "texture": "#red_nether_bricks" },
				"south": { "uv": [ 0, 8, 4, 8.25 ], "texture": "#red_nether_bricks" },
				"west": { "uv": [ 4, 11, 7.5, 11.25 ], "texture": "#red_nether_bricks" },
				"east": { "uv": [ 11, 11, 7.5, 11.25 ], "texture": "#red_nether_bricks" }
			}
		},
		{
			"__comment": "Voxels",
			"from": [ 1, 1, 15 ],
			"to": [ 16, 2, 16 ],
			"faces": {
				"down": { "uv": [ 4, 12, 7.75, 12.25 ], "texture": "#red_nether_bricks" },
				"up": { "uv": [ 7.75, 12.25, 11.5, 12 ], "texture": "#red_nether_bricks" },
				"north": { "uv": [ 11.5, 11.75, 7.75, 12 ], "texture": "#red_nether_bricks" },
				"south": { "uv": [ 11.5, 11.75, 15.25, 12 ], "texture": "#red_nether_bricks" },
				"west": { "uv": [ 5.25, 6.5, 5.5, 6.75 ], "texture": "#red_nether_bricks" },
				"east": { "uv": [ 5.5, 6.25, 5.25, 6.5 ], "texture": "#red_nether_bricks" }
			}
		},
		{
			"__comment": "Voxels",
			"from": [ 1, 15, 0 ],
			"to": [ 16, 16, 1 ],
			"faces": {
				"down": { "uv": [ 7.75, 11.5, 11.5, 11.75 ], "texture": "#red_nether_bricks" },
				"up": { "uv": [ 11.5, 11.75, 15.25, 11.5 ], "texture": "#red_nether_bricks" },
				"north": { "uv": [ 7.75, 11.5, 4, 11.75 ], "texture": "#red_nether_bricks" },
				"south": { "uv": [ 7.75, 11.25, 11.5, 11.5 ], "texture": "#red_nether_bricks" },
				"west": { "uv": [ 5.25, 6, 5.5, 6.25 ], "texture": "#red_nether_bricks" },
				"east": { "uv": [ 5.5, 5.75, 5.25, 6 ], "texture": "#red_nether_bricks" }
			}
		},
		{
			"__comment": "Voxels",
			"from": [ 1, 15, 15 ],
			"to": [ 16, 16, 16 ],
			"faces": {
				"down": { "uv": [ 11.5, 11.25, 15.25, 11.5 ], "texture": "#red_nether_bricks" },
				"up": { "uv": [ 0, 7, 3.75, 6.75 ], "texture": "#red_nether_bricks" },
				"north": { "uv": [ 3.75, 6.5, 0, 6.75 ], "texture": "#red_nether_bricks" },
				"south": { "uv": [ 4, 11.25, 7.75, 11.5 ], "texture": "#red_nether_bricks" },
				"west": { "uv": [ 5.25, 5.5, 5.5, 5.75 ], "texture": "#red_nether_bricks" },
				"east": { "uv": [ 5.5, 5.25, 5.25, 5.5 ], "texture": "#red_nether_bricks" }
			}
		},
		{
			"__comment": "Voxels",
			"from": [ 3, 1, 10 ],
			"to": [ 9, 2, 11 ],
			"faces": {
				"down": { "uv": [ 13.25, 10.5, 14.75, 10.75 ], "texture": "#red_nether_bricks" },
				"up": { "uv": [ 11.75, 11, 13.25, 10.75 ], "texture": "#red_nether_bricks" },
				"north": { "uv": [ 10.25, 10.25, 8.75, 10.5 ], "texture": "#red_nether_bricks" },
				"south": { "uv": [ 13.25, 10.75, 14.75, 11 ], "texture": "#red_nether_bricks" },
				"west": { "uv": [ 6.5, 4.75, 6.75, 5 ], "texture": "#red_nether_bricks" },
				"east": { "uv": [ 5.5, 5, 5.25, 5.25 ], "texture": "#red_nether_bricks" }
			}
		},
		{
			"__comment": "Voxels",
			"from": [ 3, 1, 11 ],
			"to": [ 8, 3, 13 ],
			"faces": {
				"down": { "uv": [ 4.25, 10.5, 5.5, 11 ], "texture": "#red_nether_bricks" },
				"up": { "uv": [ 5.5, 11, 6.75, 10.5 ], "texture": "#red_nether_bricks" },
				"north": { "uv": [ 3.25, 7.5, 2, 8 ], "texture": "#red_nether_bricks" },
				"south": { "uv": [ 2, 7, 3.25, 7.5 ], "texture": "#red_nether_bricks" },
				"west": { "uv": [ 3.5, 0, 4, 0.5 ], "texture": "#red_nether_bricks" },
				"east": { "uv": [ 5.5, 8.5, 5, 9 ], "texture": "#red_nether_bricks" }
			}
		},
		{
			"__comment": "Voxels",
			"from": [ 3, 2, 10 ],
			"to": [ 8, 3, 11 ],
			"faces": {
				"down": { "uv": [ 4.25, 10, 5.5, 10.25 ], "texture": "#red_nether_bricks" },
				"up": { "uv": [ 4.25, 10, 5.5, 9.75 ], "texture": "#red_nether_bricks" },
				"north": { "uv": [ 16, 10.5, 14.75, 10.75 ], "texture": "#red_nether_bricks" },
				"south": { "uv": [ 14.75, 10.75, 16, 11 ], "texture": "#red_nether_bricks" },
				"west": { "uv": [ 15.75, 9.75, 16, 10 ], "texture": "#red_nether_bricks" },
				"east": { "uv": [ 6, 4.5, 5.75, 4.75 ], "texture": "#red_nether_bricks" }
			}
		},
		{
			"__comment": "Voxels",
			"from": [ 3, 3, 10 ],
			"to": [ 4, 4, 11 ],
			"faces": {
				"down": { "uv": [ 5.75, 4.25, 6, 4.5 ], "texture": "#red_nether_bricks" },
				"up": { "uv": [ 5.5, 2.25, 5.75, 2 ], "texture": "#red_nether_bricks" },
				"north": { "uv": [ 6, 2, 5.75, 2.25 ], "texture": "#red_nether_bricks" },
				"south": { "uv": [ 5.5, 1.75, 5.75, 2 ], "texture": "#red_nether_bricks" },
				"west": { "uv": [ 5.75, 1.75, 6, 2 ], "texture": "#red_nether_bricks" },
				"east": { "uv": [ 5.75, 1.5, 5.5, 1.75 ], "texture": "#red_nether_bricks" }
			}
		},
		{
			"__comment": "Voxels",
			"from": [ 3, 3, 12 ],
			"to": [ 4, 4, 13 ],
			"faces": {
				"down": { "uv": [ 5.75, 1.5, 6, 1.75 ], "texture": "#red_nether_bricks" },
				"up": { "uv": [ 5.5, 1.5, 5.75, 1.25 ], "texture": "#red_nether_bricks" },
				"north": { "uv": [ 6, 1.25, 5.75, 1.5 ], "texture": "#red_nether_bricks" },
				"south": { "uv": [ 5.5, 1, 5.75, 1.25 ], "texture": "#red_nether_bricks" },
				"west": { "uv": [ 5.75, 1, 6, 1.25 ], "texture": "#red_nether_bricks" },
				"east": { "uv": [ 5.75, 0.75, 5.5, 1 ], "texture": "#red_nether_bricks" }
			}
		},
		{
			"__comment": "Voxels",
			"from": [ 4, 1, 1 ],
			"to": [ 5, 2, 7 ],
			"faces": {
				"down": { "uv": [ 4, 3, 4.25, 4.5 ], "texture": "#red_nether_bricks" },
				"up": { "uv": [ 4, 3, 4.25, 1.5 ], "texture": "#red_nether_bricks" },
				"north": { "uv": [ 6, 0.75, 5.75, 1 ], "texture": "#red_nether_bricks" },
				"south": { "uv": [ 5.5, 0.5, 5.75, 0.75 ], "texture": "#red_nether_bricks" },
				"west": { "uv": [ 11.75, 10.5, 13.25, 10.75 ], "texture": "#red_nether_bricks" },
				"east": { "uv": [ 11.75, 10.5, 10.25, 10.75 ], "texture": "#red_nether_bricks" }
			}
		},
		{
			"__comment": "Voxels",
			"from": [ 4, 2, 2 ],
			"to": [ 7, 3, 7 ],
			"faces": {
				"down": { "uv": [ 0.5, 4.75, 1.25, 6 ], "texture": "#red_nether_bricks" },
				"up": { "uv": [ 1.25, 6, 2, 4.75 ], "texture": "#red_nether_bricks" },
				"north": { "uv": [ 5.25, 6.25, 4.5, 6.5 ], "texture": "#red_nether_bricks" },
				"south": { "uv": [ 4.5, 5.75, 5.25, 6 ], "texture": "#red_nether_bricks" },
				"west": { "uv": [ 4.25, 9.25, 5.5, 9.5 ], "texture": "#red_nether_bricks" },
				"east": { "uv": [ 5.5, 9, 4.25, 9.25 ], "texture": "#red_nether_bricks" }
			}
		},
		{
			"__comment": "Voxels",
			"from": [ 4, 3, 2 ],
			"to": [ 5, 4, 3 ],
			"faces": {
				"down": { "uv": [ 5.75, 0.5, 6, 0.75 ], "texture": "#red_nether_bricks" },
				"up": { "uv": [ 5.5, 0.5, 5.75, 0.25 ], "texture": "#red_nether_bricks" },
				"north": { "uv": [ 6, 0.25, 5.75, 0.5 ], "texture": "#red_nether_bricks" },
				"south": { "uv": [ 5.5, 0, 5.75, 0.25 ], "texture": "#red_nether_bricks" },
				"west": { "uv": [ 5.75, 0, 6, 0.25 ], "texture": "#red_nether_bricks" },
				"east": { "uv": [ 6.75, 0, 6.5, 0.25 ], "texture": "#red_nether_bricks" }
			}
		},
		{
			"__comment": "Voxels",
			"from": [ 4, 3, 4 ],
			"to": [ 5, 4, 5 ],
			"faces": {
				"down": { "uv": [ 6.5, 0.25, 6.75, 0.5 ], "texture": "#red_nether_bricks" },
				"up": { "uv": [ 6.5, 0.75, 6.75, 0.5 ], "texture": "#red_nether_bricks" },
				"north": { "uv": [ 6.75, 1.25, 6.5, 1.5 ], "texture": "#red_nether_bricks" },
				"south": { "uv": [ 6.5, 1.5, 6.75, 1.75 ], "texture": "#red_nether_bricks" },
				"west": { "uv": [ 6.5, 1.75, 6.75, 2 ], "texture": "#red_nether_bricks" },
				"east": { "uv": [ 6.75, 2, 6.5, 2.25 ], "texture": "#red_nether_bricks" }
			}
		},
		{
			"__comment": "Voxels",
			"from": [ 4, 3, 6 ],
			"to": [ 5, 4, 7 ],
			"faces": {
				"down": { "uv": [ 6.5, 2.75, 6.75, 3 ], "texture": "#red_nether_bricks" },
				"up": { "uv": [ 6.5, 3.25, 6.75, 3 ], "texture": "#red_nether_bricks" },
				"north": { "uv": [ 6.75, 3.75, 6.5, 4 ], "texture": "#red_nether_bricks" },
				"south": { "uv": [ 6.5, 4, 6.75, 4.25 ], "texture": "#red_nether_bricks" },
				"west": { "uv": [ 6.5, 4.25, 6.75, 4.5 ], "texture": "#red_nether_bricks" },
				"east": { "uv": [ 6.75, 4.5, 6.5, 4.75 ], "texture": "#red_nether_bricks" }
			}
		},
		{
			"__comment": "Voxels",
			"from": [ 5, 1, 2 ],
			"to": [ 7, 2, 7 ],
			"faces": {
				"down": { "uv": [ 3, 0.25, 3.5, 1.5 ], "texture": "#red_nether_bricks" },
				"up": { "uv": [ 2.5, 1.5, 3, 0.25 ], "texture": "#red_nether_bricks" },
				"north": { "uv": [ 5.5, 2.5, 5, 2.75 ], "texture": "#red_nether_bricks" },
				"south": { "uv": [ 5.5, 8.25, 6, 8.5 ], "texture": "#red_nether_bricks" },
				"west": { "uv": [ 13, 10.25, 14.25, 10.5 ], "texture": "#red_nether_bricks" },
				"east": { "uv": [ 15.5, 10.25, 14.25, 10.5 ], "texture": "#red_nether_bricks" }
			}
		},
		{
			"__comment": "Voxels",
			"from": [ 5, 3, 10 ],
			"to": [ 6, 4, 11 ],
			"faces": {
				"down": { "uv": [ 6.5, 5, 6.75, 5.25 ], "texture": "#red_nether_bricks" },
				"up": { "uv": [ 6.5, 5.5, 6.75, 5.25 ], "texture": "#red_nether_bricks" },
				"north": { "uv": [ 6.75, 5.5, 6.5, 5.75 ], "texture": "#red_nether_bricks" },
				"south": { "uv": [ 6.5, 5.75, 6.75, 6 ], "texture": "#red_nether_bricks" },
				"west": { "uv": [ 6.5, 6, 6.75, 6.25 ], "texture": "#red_nether_bricks" },
				"east": { "uv": [ 6.75, 6.75, 6.5, 7 ], "texture": "#red_nether_bricks" }
			}
		},
		{
			"__comment": "Voxels",
			"from": [ 5, 3, 12 ],
			"to": [ 6, 4, 13 ],
			"faces": {
				"down": { "uv": [ 6.5, 7, 6.75, 7.25 ], "texture": "#red_nether_bricks" },
				"up": { "uv": [ 15.25, 9.75, 15.5, 9.5 ], "texture": "#red_nether_bricks" },
				"north": { "uv": [ 14.5, 9.5, 14.25, 9.75 ], "texture": "#red_nether_bricks" },
				"south": { "uv": [ 14, 9.5, 14.25, 9.75 ], "texture": "#red_nether_bricks" },
				"west": { "uv": [ 13.75, 9.5, 14, 9.75 ], "texture": "#red_nether_bricks" },
				"east": { "uv": [ 13.75, 9.5, 13.5, 9.75 ], "texture": "#red_nether_bricks" }
			}
		},
		{
			"__comment": "Voxels",
			"from": [ 6, 1, 1 ],
			"to": [ 7, 2, 2 ],
			"faces": {
				"down": { "uv": [ 12.75, 9.5, 13, 9.75 ], "texture": "#red_nether_bricks" },
				"up": { "uv": [ 12.5, 9.75, 12.75, 9.5 ], "texture": "#red_nether_bricks" },
				"north": { "uv": [ 12.5, 9.5, 12.25, 9.75 ], "texture": "#red_nether_bricks" },
				"south": { "uv": [ 12, 9.5, 12.25, 9.75 ], "texture": "#red_nether_bricks" },
				"west": { "uv": [ 11.25, 9.5, 11.5, 9.75 ], "texture": "#red_nether_bricks" },
				"east": { "uv": [ 11.25, 9.5, 11, 9.75 ], "texture": "#red_nether_bricks" }
			}
		},
		{
			"__comment": "Voxels",
			"from": [ 6, 3, 2 ],
			"to": [ 7, 4, 3 ],
			"faces": {
				"down": { "uv": [ 10.75, 9.5, 11, 9.75 ], "texture": "#red_nether_bricks" },
				"up": { "uv": [ 10.5, 9.75, 10.75, 9.5 ], "texture": "#red_nether_bricks" },
				"north": { "uv": [ 6.5, 9.5, 6.25, 9.75 ], "texture": "#red_nether_bricks" },
				"south": { "uv": [ 6, 0, 6.25, 0.25 ], "texture": "#red_nether_bricks" },
				"west": { "uv": [ 6, 0.25, 6.25, 0.5 ], "texture": "#red_nether_bricks" },
				"east": { "uv": [ 6.25, 0.5, 6, 0.75 ], "texture": "#red_nether_bricks" }
			}
		},
		{
			"__comment": "Voxels",
			"from": [ 6, 3, 4 ],
			"to": [ 7, 4, 5 ],
			"faces": {
				"down": { "uv": [ 6, 1.25, 6.25, 1.5 ], "texture": "#red_nether_bricks" },
				"up": { "uv": [ 6, 1.75, 6.25, 1.5 ], "texture": "#red_nether_bricks" },
				"north": { "uv": [ 6.25, 1.75, 6, 2 ], "texture": "#red_nether_bricks" },
				"south": { "uv": [ 6, 2, 6.25, 2.25 ], "texture": "#red_nether_bricks" },
				"west": { "uv": [ 6, 2.75, 6.25, 3 ], "texture": "#red_nether_bricks" },
				"east": { "uv": [ 6.25, 3, 6, 3.25 ], "texture": "#red_nether_bricks" }
			}
		},
		{
			"__comment": "Voxels",
			"from": [ 6, 3, 6 ],
			"to": [ 7, 4, 7 ],
			"faces": {
				"down": { "uv": [ 6, 3.25, 6.25, 3.5 ], "texture": "#red_nether_bricks" },
				"up": { "uv": [ 6, 3.75, 6.25, 3.5 ], "texture": "#red_nether_bricks" },
				"north": { "uv": [ 6.25, 4.25, 6, 4.5 ], "texture": "#red_nether_bricks" },
				"south": { "uv": [ 6, 4.5, 6.25, 4.75 ], "texture": "#red_nether_bricks" },
				"west": { "uv": [ 6, 4.75, 6.25, 5 ], "texture": "#red_nether_bricks" },
				"east": { "uv": [ 6.25, 5, 6, 5.25 ], "texture": "#red_nether_bricks" }
			}
		},
		{
			"__comment": "Voxels",
			"from": [ 7, 3, 10 ],
			"to": [ 8, 4, 11 ],
			"faces": {
				"down": { "uv": [ 6, 5.75, 6.25, 6 ], "texture": "#red_nether_bricks" },
				"up": { "uv": [ 6, 6.25, 6.25, 6 ], "texture": "#red_nether_bricks" },
				"north": { "uv": [ 6.25, 6.25, 6, 6.5 ], "texture": "#red_nether_bricks" },
				"south": { "uv": [ 6, 6.5, 6.25, 6.75 ], "texture": "#red_nether_bricks" },
				"west": { "uv": [ 6, 7.25, 6.25, 7.5 ], "texture": "#red_nether_bricks" },
				"east": { "uv": [ 6.25, 7.5, 6, 7.75 ], "texture": "#red_nether_bricks" }
			}
		},
		{
			"__comment": "Voxels",
			"from": [ 7, 3, 12 ],
			"to": [ 8, 4, 13 ],
			"faces": {
				"down": { "uv": [ 6, 7.75, 6.25, 8 ], "texture": "#red_nether_bricks" },
				"up": { "uv": [ 6, 8.25, 6.25, 8 ], "texture": "#red_nether_bricks" },
				"north": { "uv": [ 6.25, 8.75, 6, 9 ], "texture": "#red_nether_bricks" },
				"south": { "uv": [ 6, 9, 6.25, 9.25 ], "texture": "#red_nether_bricks" },
				"west": { "uv": [ 6, 9.25, 6.25, 9.5 ], "texture": "#red_nether_bricks" },
				"east": { "uv": [ 6.25, 9.5, 6, 9.75 ], "texture": "#red_nether_bricks" }
			}
		},
		{
			"__comment": "Voxels",
			"from": [ 8, 1, 12 ],
			"to": [ 9, 2, 13 ],
			"faces": {
				"down": { "uv": [ 8.25, 9.25, 8.5, 9.5 ], "texture": "#red_nether_bricks" },
				"up": { "uv": [ 8, 9.5, 8.25, 9.25 ], "texture": "#red_nether_bricks" },
				"north": { "uv": [ 8, 9.25, 7.75, 9.5 ], "texture": "#red_nether_bricks" },
				"south": { "uv": [ 7.5, 9.25, 7.75, 9.5 ], "texture": "#red_nether_bricks" },
				"west": { "uv": [ 6.25, 0, 6.5, 0.25 ], "texture": "#red_nether_bricks" },
				"east": { "uv": [ 6.5, 0.25, 6.25, 0.5 ], "texture": "#red_nether_bricks" }
			}
		},
		{
			"__comment": "Voxels",
			"from": [ 9, 1, 1 ],
			"to": [ 16, 2, 2 ],
			"faces": {
				"down": { "uv": [ 8.5, 10.5, 10.25, 10.75 ], "texture": "#red_nether_bricks" },
				"up": { "uv": [ 8.5, 11, 10.25, 10.75 ], "texture": "#red_nether_bricks" },
				"north": { "uv": [ 8.5, 10.5, 6.75, 10.75 ], "texture": "#red_nether_bricks" },
				"south": { "uv": [ 6.75, 10.75, 8.5, 11 ], "texture": "#red_nether_bricks" },
				"west": { "uv": [ 6.25, 1, 6.5, 1.25 ], "texture": "#red_nether_bricks" },
				"east": { "uv": [ 6.5, 1.25, 6.25, 1.5 ], "texture": "#red_nether_bricks" }
			}
		},
		{
			"__comment": "Voxels",
			"from": [ 9, 1, 2 ],
			"to": [ 10, 6, 7 ],
			"faces": {
				"down": { "uv": [ 0.5, 0, 0.75, 1.25 ], "texture": "#red_nether_bricks" },
				"up": { "uv": [ 0.75, 1.25, 1, 0 ], "texture": "#red_nether_bricks" },
				"north": { "uv": [ 1.25, 0, 1, 1.25 ], "texture": "#red_nether_bricks" },
				"south": { "uv": [ 1.25, 0, 1.5, 1.25 ], "texture": "#red_nether_bricks" },
				"west": { "uv": [ 0, 10, 1.25, 11.25 ], "texture": "#red_nether_bricks" },
				"east": { "uv": [ 2.5, 10, 1.25, 11.25 ], "texture": "#red_nether_bricks" }
			}
		},
		{
			"__comment": "Voxels",
			"from": [ 9, 2, 1 ],
			"to": [ 15, 6, 2 ],
			"faces": {
				"down": { "uv": [ 2.5, 10, 4, 10.25 ], "texture": "#red_nether_bricks" },
				"up": { "uv": [ 10.25, 11, 11.75, 10.75 ], "texture": "#red_nether_bricks" },
				"north": { "uv": [ 4, 10.25, 2.5, 11.25 ], "texture": "#red_nether_bricks" },
				"south": { "uv": [ 0, 9, 1.5, 10 ], "texture": "#red_nether_bricks" },
				"west": { "uv": [ 3.75, 7, 4, 8 ], "texture": "#red_nether_bricks" },
				"east": { "uv": [ 4.5, 7, 4.25, 8 ], "texture": "#red_nether_bricks" }
			}
		},
		{
			"__comment": "Voxels",
			"from": [ 9, 7, 2 ],
			"to": [ 10, 9, 3 ],
			"faces": {
				"down": { "uv": [ 6.25, 2.5, 6.5, 2.75 ], "texture": "#red_nether_bricks" },
				"up": { "uv": [ 6.25, 3, 6.5, 2.75 ], "texture": "#red_nether_bricks" },
				"north": { "uv": [ 5.5, 8, 5.25, 8.5 ], "texture": "#red_nether_bricks" },
				"south": { "uv": [ 5.5, 7.75, 5.75, 8.25 ], "texture": "#red_nether_bricks" },
				"west": { "uv": [ 5.75, 7.75, 6, 8.25 ], "texture": "#red_nether_bricks" },
				"east": { "uv": [ 5.75, 7.25, 5.5, 7.75 ], "texture": "#red_nether_bricks" }
			}
		},
		{
			"__comment": "Voxels",
			"from": [ 9, 7, 6 ],
			"to": [ 10, 9, 7 ],
			"faces": {
				"down": { "uv": [ 6.25, 3, 6.5, 3.25 ], "texture": "#red_nether_bricks" },
				"up": { "uv": [ 6.25, 3.5, 6.5, 3.25 ], "texture": "#red_nether_bricks" },
				"north": { "uv": [ 6, 7.25, 5.75, 7.75 ], "texture": "#red_nether_bricks" },
				"south": { "uv": [ 5.5, 6.75, 5.75, 7.25 ], "texture": "#red_nether_bricks" },
				"west": { "uv": [ 5.75, 6.75, 6, 7.25 ], "texture": "#red_nether_bricks" },
				"east": { "uv": [ 5.75, 6.25, 5.5, 6.75 ], "texture": "#red_nether_bricks" }
			}
		},
		{
			"__comment": "Voxels",
			"from": [ 10, 1, 6 ],
			"to": [ 16, 2, 7 ],
			"faces": {
				"down": { "uv": [ 4.25, 10.25, 5.75, 10.5 ], "texture": "#red_nether_bricks" },
				"up": { "uv": [ 5.75, 10.5, 7.25, 10.25 ], "texture": "#red_nether_bricks" },
				"north": { "uv": [ 11.75, 10.25, 10.25, 10.5 ], "texture": "#red_nether_bricks" },
				"south": { "uv": [ 7.25, 10.25, 8.75, 10.5 ], "texture": "#red_nether_bricks" },
				"west": { "uv": [ 6.25, 4.5, 6.5, 4.75 ], "texture": "#red_nether_bricks" },
				"east": { "uv": [ 6.5, 4.75, 6.25, 5 ], "texture": "#red_nether_bricks" }
			}
		},
		{
			"__comment": "Voxels",
			"from": [ 10, 2, 6 ],
			"to": [ 15, 6, 7 ],
			"faces": {
				"down": { "uv": [ 4.25, 9.5, 5.5, 9.75 ], "texture": "#red_nether_bricks" },
				"up": { "uv": [ 11.75, 10.5, 13, 10.25 ], "texture": "#red_nether_bricks" },
				"north": { "uv": [ 4, 9, 2.75, 10 ], "texture": "#red_nether_bricks" },
				"south": { "uv": [ 1.5, 9, 2.75, 10 ], "texture": "#red_nether_bricks" },
				"west": { "uv": [ 4.5, 8, 4.75, 9 ], "texture": "#red_nether_bricks" },
				"east": { "uv": [ 5, 7, 4.75, 8 ], "texture": "#red_nether_bricks" }
			}
		},
		{
			"__comment": "Voxels",
			"from": [ 10, 8, 2 ],
			"to": [ 11, 9, 4 ],
			"faces": {
				"down": { "uv": [ 5.75, 6.25, 6, 6.75 ], "texture": "#red_nether_bricks" },
				"up": { "uv": [ 5.5, 6.25, 5.75, 5.75 ], "texture": "#red_nether_bricks" },
				"north": { "uv": [ 6.5, 5.5, 6.25, 5.75 ], "texture": "#red_nether_bricks" },
				"south": { "uv": [ 6.25, 5.75, 6.5, 6 ], "texture": "#red_nether_bricks" },
				"west": { "uv": [ 5.5, 5.5, 6, 5.75 ], "texture": "#red_nether_bricks" },
				"east": { "uv": [ 6, 5.25, 5.5, 5.5 ], "texture": "#red_nether_bricks" }
			}
		},
		{
			"__comment": "Voxels",
			"from": [ 10, 8, 5 ],
			"to": [ 11, 10, 6 ],
			"faces": {
				"down": { "uv": [ 6.25, 7, 6.5, 7.25 ], "texture": "#red_nether_bricks" },
				"up": { "uv": [ 6.25, 7.5, 6.5, 7.25 ], "texture": "#red_nether_bricks" },
				"north": { "uv": [ 6, 5.75, 5.75, 6.25 ], "texture": "#red_nether_bricks" },
				"south": { "uv": [ 5.5, 4.75, 5.75, 5.25 ], "texture": "#red_nether_bricks" },
				"west": { "uv": [ 5.75, 4.75, 6, 5.25 ], "texture": "#red_nether_bricks" },
				"east": { "uv": [ 5.75, 4.25, 5.5, 4.75 ], "texture": "#red_nether_bricks" }
			}
		},
		{
			"__comment": "Voxels",
			"from": [ 10, 8, 6 ],
			"to": [ 11, 9, 7 ],
			"faces": {
				"down": { "uv": [ 6.25, 7.5, 6.5, 7.75 ], "texture": "#red_nether_bricks" },
				"up": { "uv": [ 6.25, 8, 6.5, 7.75 ], "texture": "#red_nether_bricks" },
				"north": { "uv": [ 6.5, 9, 6.25, 9.25 ], "texture": "#red_nether_bricks" },
				"south": { "uv": [ 6.25, 9.25, 6.5, 9.5 ], "texture": "#red_nether_bricks" },
				"west": { "uv": [ 15, 9.5, 15.25, 9.75 ], "texture": "#red_nether_bricks" },
				"east": { "uv": [ 15, 9.5, 14.75, 9.75 ], "texture": "#red_nether_bricks" }
			}
		},
		{
			"__comment": "Voxels",
			"from": [ 10, 9, 3 ],
			"to": [ 11, 10, 4 ],
			"faces": {
				"down": { "uv": [ 10.75, 9.25, 11, 9.5 ], "texture": "#red_nether_bricks" },
				"up": { "uv": [ 11.5, 9.75, 11.75, 9.5 ], "texture": "#red_nether_bricks" },
				"north": { "uv": [ 12, 9.5, 11.75, 9.75 ], "texture": "#red_nether_bricks" },
				"south": { "uv": [ 13, 9.5, 13.25, 9.75 ], "texture": "#red_nether_bricks" },
				"west": { "uv": [ 13.25, 9.5, 13.5, 9.75 ], "texture": "#red_nether_bricks" },
				"east": { "uv": [ 14.75, 9.5, 14.5, 9.75 ], "texture": "#red_nether_bricks" }
			}
		},
		{
			"__comment": "Voxels",
			"from": [ 10, 10, 4 ],
			"to": [ 13, 11, 5 ],
			"faces": {
				"down": { "uv": [ 4.5, 5, 5.25, 5.25 ], "texture": "#red_nether_bricks" },
				"up": { "uv": [ 4.25, 5, 5, 4.75 ], "texture": "#red_nether_bricks" },
				"north": { "uv": [ 5.25, 5.25, 4.5, 5.5 ], "texture": "#red_nether_bricks" },
				"south": { "uv": [ 4.25, 4.5, 5, 4.75 ], "texture": "#red_nether_bricks" },
				"west": { "uv": [ 6.25, 8.75, 6.5, 9 ], "texture": "#red_nether_bricks" },
				"east": { "uv": [ 6.5, 8.5, 6.25, 8.75 ], "texture": "#red_nether_bricks" }
			}
		},
		{
			"__comment": "Voxels",
			"from": [ 11, 1, 7 ],
			"to": [ 14, 2, 8 ],
			"faces": {
				"down": { "uv": [ 10, 9.75, 10.75, 10 ], "texture": "#red_nether_bricks" },
				"up": { "uv": [ 4.5, 6.75, 5.25, 6.5 ], "texture": "#red_nether_bricks" },
				"north": { "uv": [ 5, 4.25, 4.25, 4.5 ], "texture": "#red_nether_bricks" },
				"south": { "uv": [ 7.75, 9.75, 8.5, 10 ], "texture": "#red_nether_bricks" },
				"west": { "uv": [ 6.25, 6.25, 6.5, 6.5 ], "texture": "#red_nether_bricks" },
				"east": { "uv": [ 6.5, 6, 6.25, 6.25 ], "texture": "#red_nether_bricks" }
			}
		},
		{
			"__comment": "Voxels",
			"from": [ 11, 1, 9 ],
			"to": [ 14, 2, 10 ],
			"faces": {
				"down": { "uv": [ 15.25, 11.25, 16, 11.5 ], "texture": "#red_nether_bricks" },
				"up": { "uv": [ 15.25, 11.75, 16, 11.5 ], "texture": "#red_nether_bricks" },
				"north": { "uv": [ 5.25, 6, 4.5, 6.25 ], "texture": "#red_nether_bricks" },
				"south": { "uv": [ 4.5, 5.5, 5.25, 5.75 ], "texture": "#red_nether_bricks" },
				"west": { "uv": [ 6.25, 4.25, 6.5, 4.5 ], "texture": "#red_nether_bricks" },
				"east": { "uv": [ 6.5, 4, 6.25, 4.25 ], "texture": "#red_nether_bricks" }
			}
		},
		{
			"__comment": "Voxels",
			"from": [ 11, 1, 12 ],
			"to": [ 14, 2, 13 ],
			"faces": {
				"down": { "uv": [ 8.5, 9.75, 9.25, 10 ], "texture": "#red_nether_bricks" },
				"up": { "uv": [ 9.25, 10, 10, 9.75 ], "texture": "#red_nether_bricks" },
				"north": { "uv": [ 16, 11.75, 15.25, 12 ], "texture": "#red_nether_bricks" },
				"south": { "uv": [ 15.25, 12, 16, 12.25 ], "texture": "#red_nether_bricks" },
				"west": { "uv": [ 6.25, 1.75, 6.5, 2 ], "texture": "#red_nether_bricks" },
				"east": { "uv": [ 6.5, 1.5, 6.25, 1.75 ], "texture": "#red_nether_bricks" }
			}
		},
		{
			"__comment": "Voxels",
			"from": [ 11, 1, 14 ],
			"to": [ 14, 2, 15 ],
			"faces": {
				"down": { "uv": [ 11.5, 9.75, 12.25, 10 ], "texture": "#red_nether_bricks" },
				"up": { "uv": [ 10.75, 10, 11.5, 9.75 ], "texture": "#red_nether_bricks" },
				"north": { "uv": [ 7.75, 9.75, 7, 10 ], "texture": "#red_nether_bricks" },
				"south": { "uv": [ 6.25, 9.75, 7, 10 ], "texture": "#red_nether_bricks" },
				"west": { "uv": [ 6.5, 9.25, 6.75, 9.5 ], "texture": "#red_nether_bricks" },
				"east": { "uv": [ 7, 9.25, 6.75, 9.5 ], "texture": "#red_nether_bricks" }
			}
		},
		{
			"__comment": "Voxels",
			"from": [ 11, 3, 7 ],
			"to": [ 14, 4, 8 ],
			"faces": {
				"down": { "uv": [ 5.5, 9.75, 6.25, 10 ], "texture": "#red_nether_bricks" },
				"up": { "uv": [ 15.25, 10.25, 16, 10 ], "texture": "#red_nether_bricks" },
				"north": { "uv": [ 15.25, 10, 14.5, 10.25 ], "texture": "#red_nether_bricks" },
				"south": { "uv": [ 13.75, 10, 14.5, 10.25 ], "texture": "#red_nether_bricks" },
				"west": { "uv": [ 6.5, 6.5, 6.75, 6.75 ], "texture": "#red_nether_bricks" },
				"east": { "uv": [ 6.75, 6.25, 6.5, 6.5 ], "texture": "#red_nether_bricks" }
			}
		},
		{
			"__comment": "Voxels",
			"from": [ 11, 3, 9 ],
			"to": [ 14, 4, 10 ],
			"faces": {
				"down": { "uv": [ 13, 10, 13.75, 10.25 ], "texture": "#red_nether_bricks" },
				"up": { "uv": [ 12.25, 10.25, 13, 10 ], "texture": "#red_nether_bricks" },
				"north": { "uv": [ 12.25, 10, 11.5, 10.25 ], "texture": "#red_nether_bricks" },
				"south": { "uv": [ 10.75, 10, 11.5, 10.25 ], "texture": "#red_nether_bricks" },
				"west": { "uv": [ 6, 8.5, 6.25, 8.75 ], "texture": "#red_nether_bricks" },
				"east": { "uv": [ 6.25, 8.25, 6, 8.5 ], "texture": "#red_nether_bricks" }
			}
		},
		{
			"__comment": "Voxels",
			"from": [ 11, 3, 12 ],
			"to": [ 14, 4, 13 ],
			"faces": {
				"down": { "uv": [ 10, 10, 10.75, 10.25 ], "texture": "#red_nether_bricks" },
				"up": { "uv": [ 9.25, 10.25, 10, 10 ], "texture": "#red_nether_bricks" },
				"north": { "uv": [ 9.25, 10, 8.5, 10.25 ], "texture": "#red_nether_bricks" },
				"south": { "uv": [ 7.75, 10, 8.5, 10.25 ], "texture": "#red_nether_bricks" },
				"west": { "uv": [ 6, 7, 6.25, 7.25 ], "texture": "#red_nether_bricks" },
				"east": { "uv": [ 6.25, 6.75, 6, 7 ], "texture": "#red_nether_bricks" }
			}
		},
		{
			"__comment": "Voxels",
			"from": [ 11, 3, 14 ],
			"to": [ 14, 4, 15 ],
			"faces": {
				"down": { "uv": [ 7, 10, 7.75, 10.25 ], "texture": "#red_nether_bricks" },
				"up": { "uv": [ 6.25, 10.25, 7, 10 ], "texture": "#red_nether_bricks" },
				"north": { "uv": [ 6.25, 10, 5.5, 10.25 ], "texture": "#red_nether_bricks" },
				"south": { "uv": [ 4.25, 0, 5, 0.25 ], "texture": "#red_nether_bricks" },
				"west": { "uv": [ 6, 5.5, 6.25, 5.75 ], "texture": "#red_nether_bricks" },
				"east": { "uv": [ 6.25, 5.25, 6, 5.5 ], "texture": "#red_nether_bricks" }
			}
		},
		{
			"__comment": "Voxels",
			"from": [ 11, 5, 7 ],
			"to": [ 14, 6, 8 ],
			"faces": {
				"down": { "uv": [ 4.25, 0.25, 5, 0.5 ], "texture": "#red_nether_bricks" },
				"up": { "uv": [ 4.25, 0.75, 5, 0.5 ], "texture": "#red_nether_bricks" },
				"north": { "uv": [ 5, 0.75, 4.25, 1 ], "texture": "#red_nether_bricks" },
				"south": { "uv": [ 4.25, 1, 5, 1.25 ], "texture": "#red_nether_bricks" },
				"west": { "uv": [ 6, 4, 6.25, 4.25 ], "texture": "#red_nether_bricks" },
				"east": { "uv": [ 6.25, 3.75, 6, 4 ], "texture": "#red_nether_bricks" }
			}
		},
		{
			"__comment": "Voxels",
			"from": [ 11, 5, 9 ],
			"to": [ 14, 6, 10 ],
			"faces": {
				"down": { "uv": [ 4.25, 1.25, 5, 1.5 ], "texture": "#red_nether_bricks" },
				"up": { "uv": [ 4.25, 1.75, 5, 1.5 ], "texture": "#red_nether_bricks" },
				"north": { "uv": [ 5, 1.75, 4.25, 2 ], "texture": "#red_nether_bricks" },
				"south": { "uv": [ 4.25, 2, 5, 2.25 ], "texture": "#red_nether_bricks" },
				"west": { "uv": [ 6, 2.5, 6.25, 2.75 ], "texture": "#red_nether_bricks" },
				"east": { "uv": [ 6.25, 2.25, 6, 2.5 ], "texture": "#red_nether_bricks" }
			}
		},
		{
			"__comment": "Voxels",
			"from": [ 11, 5, 12 ],
			"to": [ 14, 6, 13 ],
			"faces": {
				"down": { "uv": [ 4.25, 2.25, 5, 2.5 ], "texture": "#red_nether_bricks" },
				"up": { "uv": [ 4.25, 2.75, 5, 2.5 ], "texture": "#red_nether_bricks" },
				"north": { "uv": [ 5, 2.75, 4.25, 3 ], "texture": "#red_nether_bricks" },
				"south": { "uv": [ 4.25, 3, 5, 3.25 ], "texture": "#red_nether_bricks" },
				"west": { "uv": [ 6, 1, 6.25, 1.25 ], "texture": "#red_nether_bricks" },
				"east": { "uv": [ 6.25, 0.75, 6, 1 ], "texture": "#red_nether_bricks" }
			}
		},
		{
			"__comment": "Voxels",
			"from": [ 11, 5, 14 ],
			"to": [ 14, 6, 15 ],
			"faces": {
				"down": { "uv": [ 4.25, 3.25, 5, 3.5 ], "texture": "#red_nether_bricks" },
				"up": { "uv": [ 4.25, 3.75, 5, 3.5 ], "texture": "#red_nether_bricks" },
				"north": { "uv": [ 5, 3.75, 4.25, 4 ], "texture": "#red_nether_bricks" },
				"south": { "uv": [ 4.25, 4, 5, 4.25 ], "texture": "#red_nether_bricks" },
				"west": { "uv": [ 6.5, 9.5, 6.75, 9.75 ], "texture": "#red_nether_bricks" },
				"east": { "uv": [ 7, 9.5, 6.75, 9.75 ], "texture": "#red_nether_bricks" }
			}
		},
		{
			"__comment": "Voxels",
			"from": [ 11, 10, 3 ],
			"to": [ 12, 11, 4 ],
			"faces": {
				"down": { "uv": [ 7, 9.5, 7.25, 9.75 ], "texture": "#red_nether_bricks" },
				"up": { "uv": [ 7.25, 9.75, 7.5, 9.5 ], "texture": "#red_nether_bricks" },
				"north": { "uv": [ 7.75, 9.5, 7.5, 9.75 ], "texture": "#red_nether_bricks" },
				"south": { "uv": [ 7.75, 9.5, 8, 9.75 ], "texture": "#red_nether_bricks" },
				"west": { "uv": [ 8, 9.5, 8.25, 9.75 ], "texture": "#red_nether_bricks" },
				"east": { "uv": [ 8.5, 9.5, 8.25, 9.75 ], "texture": "#red_nether_bricks" }
			}
		},
		{
			"__comment": "Voxels",
			"from": [ 11, 10, 5 ],
			"to": [ 12, 11, 6 ],
			"faces": {
				"down": { "uv": [ 8.5, 9.5, 8.75, 9.75 ], "texture": "#red_nether_bricks" },
				"up": { "uv": [ 8.75, 9.75, 9, 9.5 ], "texture": "#red_nether_bricks" },
				"north": { "uv": [ 9.25, 9.5, 9, 9.75 ], "texture": "#red_nether_bricks" },
				"south": { "uv": [ 9.25, 9.5, 9.5, 9.75 ], "texture": "#red_nether_bricks" },
				"west": { "uv": [ 9.5, 9.5, 9.75, 9.75 ], "texture": "#red_nether_bricks" },
				"east": { "uv": [ 10, 9.5, 9.75, 9.75 ], "texture": "#red_nether_bricks" }
			}
		},
		{
			"__comment": "Voxels",
			"from": [ 11, 11, 4 ],
			"to": [ 12, 15, 5 ],
			"faces": {
				"down": { "uv": [ 10, 9.5, 10.25, 9.75 ], "texture": "#red_nether_bricks" },
				"up": { "uv": [ 10.25, 9.75, 10.5, 9.5 ], "texture": "#red_nether_bricks" },
				"north": { "uv": [ 4.5, 5, 4.25, 6 ], "texture": "#red_nether_bricks" },
				"south": { "uv": [ 4.5, 7, 4.75, 8 ], "texture": "#red_nether_bricks" },
				"west": { "uv": [ 4.25, 8, 4.5, 9 ], "texture": "#red_nether_bricks" },
				"east": { "uv": [ 4.25, 0.5, 4, 1.5 ], "texture": "#red_nether_bricks" }
			}
		},
		{
			"__comment": "Voxels",
			"from": [ 12, 1, 8 ],
			"to": [ 14, 6, 9 ],
			"faces": {
				"down": { "uv": [ 5.5, 3.75, 6, 4 ], "texture": "#red_nether_bricks" },
				"up": { "uv": [ 5.5, 3.75, 6, 3.5 ], "texture": "#red_nether_bricks" },
				"north": { "uv": [ 2.5, 4.75, 2, 6 ], "texture": "#red_nether_bricks" },
				"south": { "uv": [ 2.5, 4.75, 3, 6 ], "texture": "#red_nether_bricks" },
				"west": { "uv": [ 2.25, 0, 2.5, 1.25 ], "texture": "#red_nether_bricks" },
				"east": { "uv": [ 2.25, 0, 2, 1.25 ], "texture": "#red_nether_bricks" }
			}
		},
		{
			"__comment": "Voxels",
			"from": [ 12, 1, 13 ],
			"to": [ 14, 6, 14 ],
			"faces": {
				"down": { "uv": [ 5.5, 3.25, 6, 3.5 ], "texture": "#red_nether_bricks" },
				"up": { "uv": [ 5.5, 3.25, 6, 3 ], "texture": "#red_nether_bricks" },
				"north": { "uv": [ 3.5, 4.75, 3, 6 ], "texture": "#red_nether_bricks" },
				"south": { "uv": [ 3.5, 4.75, 4, 6 ], "texture": "#red_nether_bricks" },
				"west": { "uv": [ 1.75, 0, 2, 1.25 ], "texture": "#red_nether_bricks" },
				"east": { "uv": [ 1.75, 0, 1.5, 1.25 ], "texture": "#red_nether_bricks" }
			}
		},
		{
			"__comment": "Voxels",
			"from": [ 12, 2, 7 ],
			"to": [ 14, 3, 8 ],
			"faces": {
				"down": { "uv": [ 5.5, 2.75, 6, 3 ], "texture": "#red_nether_bricks" },
				"up": { "uv": [ 5.5, 2.75, 6, 2.5 ], "texture": "#red_nether_bricks" },
				"north": { "uv": [ 6, 2.25, 5.5, 2.5 ], "texture": "#red_nether_bricks" },
				"south": { "uv": [ 5.5, 4, 6, 4.25 ], "texture": "#red_nether_bricks" },
				"west": { "uv": [ 15.5, 9.5, 15.75, 9.75 ], "texture": "#red_nether_bricks" },
				"east": { "uv": [ 16, 9.5, 15.75, 9.75 ], "texture": "#red_nether_bricks" }
			}
		},
		{
			"__comment": "Voxels",
			"from": [ 12, 2, 9 ],
			"to": [ 14, 3, 10 ],
			"faces": {
				"down": { "uv": [ 2.5, 0, 3, 0.25 ], "texture": "#red_nether_bricks" },
				"up": { "uv": [ 3, 0.25, 3.5, 0 ], "texture": "#red_nether_bricks" },
				"north": { "uv": [ 16, 10.25, 15.5, 10.5 ], "texture": "#red_nether_bricks" },
				"south": { "uv": [ 5, 4.75, 5.5, 5 ], "texture": "#red_nether_bricks" },
				"west": { "uv": [ 6.25, 8.25, 6.5, 8.5 ], "texture": "#red_nether_bricks" },
				"east": { "uv": [ 6.5, 8, 6.25, 8.25 ], "texture": "#red_nether_bricks" }
			}
		},
		{
			"__comment": "Voxels",
			"from": [ 12, 2, 12 ],
			"to": [ 14, 3, 13 ],
			"faces": {
				"down": { "uv": [ 5, 4.5, 5.5, 4.75 ], "texture": "#red_nether_bricks" },
				"up": { "uv": [ 5, 4.5, 5.5, 4.25 ], "texture": "#red_nether_bricks" },
				"north": { "uv": [ 5.5, 4, 5, 4.25 ], "texture": "#red_nether_bricks" },
				"south": { "uv": [ 5, 3.75, 5.5, 4 ], "texture": "#red_nether_bricks" },
				"west": { "uv": [ 6.25, 6.75, 6.5, 7 ], "texture": "#red_nether_bricks" },
				"east": { "uv": [ 6.5, 6.5, 6.25, 6.75 ], "texture": "#red_nether_bricks" }
			}
		},
		{
			"__comment": "Voxels",
			"from": [ 12, 2, 14 ],
			"to": [ 14, 3, 15 ],
			"faces": {
				"down": { "uv": [ 5, 3.5, 5.5, 3.75 ], "texture": "#red_nether_bricks" },
				"up": { "uv": [ 5, 3.5, 5.5, 3.25 ], "texture": "#red_nether_bricks" },
				"north": { "uv": [ 5.5, 3, 5, 3.25 ], "texture": "#red_nether_bricks" },
				"south": { "uv": [ 5, 2.75, 5.5, 3 ], "texture": "#red_nether_bricks" },
				"west": { "uv": [ 6.25, 5.25, 6.5, 5.5 ], "texture": "#red_nether_bricks" },
				"east": { "uv": [ 6.5, 5, 6.25, 5.25 ], "texture": "#red_nether_bricks" }
			}
		},
		{
			"__comment": "Voxels",
			"from": [ 12, 4, 7 ],
			"to": [ 14, 5, 8 ],
			"faces": {
				"down": { "uv": [ 5, 2.25, 5.5, 2.5 ], "texture": "#red_nether_bricks" },
				"up": { "uv": [ 5, 2.25, 5.5, 2 ], "texture": "#red_nether_bricks" },
				"north": { "uv": [ 5.5, 1.75, 5, 2 ], "texture": "#red_nether_bricks" },
				"south": { "uv": [ 5, 1.5, 5.5, 1.75 ], "texture": "#red_nether_bricks" },
				"west": { "uv": [ 6.25, 3.75, 6.5, 4 ], "texture": "#red_nether_bricks" },
				"east": { "uv": [ 6.5, 3.5, 6.25, 3.75 ], "texture": "#red_nether_bricks" }
			}
		},
		{
			"__comment": "Voxels",
			"from": [ 12, 4, 9 ],
			"to": [ 14, 5, 10 ],
			"faces": {
				"down": { "uv": [ 5, 1.25, 5.5, 1.5 ], "texture": "#red_nether_bricks" },
				"up": { "uv": [ 5, 1.25, 5.5, 1 ], "texture": "#red_nether_bricks" },
				"north": { "uv": [ 5.5, 0.75, 5, 1 ], "texture": "#red_nether_bricks" },
				"south": { "uv": [ 5, 0.5, 5.5, 0.75 ], "texture": "#red_nether_bricks" },
				"west": { "uv": [ 6.25, 2.25, 6.5, 2.5 ], "texture": "#red_nether_bricks" },
				"east": { "uv": [ 6.5, 2, 6.25, 2.25 ], "texture": "#red_nether_bricks" }
			}
		},
		{
			"__comment": "Voxels",
			"from": [ 12, 4, 12 ],
			"to": [ 14, 5, 13 ],
			"faces": {
				"down": { "uv": [ 5, 0.25, 5.5, 0.5 ], "texture": "#red_nether_bricks" },
				"up": { "uv": [ 5, 0.25, 5.5, 0 ], "texture": "#red_nether_bricks" },
				"north": { "uv": [ 12.75, 9.75, 12.25, 10 ], "texture": "#red_nether_bricks" },
				"south": { "uv": [ 12.75, 9.75, 13.25, 10 ], "texture": "#red_nether_bricks" },
				"west": { "uv": [ 6.25, 0.75, 6.5, 1 ], "texture": "#red_nether_bricks" },
				"east": { "uv": [ 6.5, 0.5, 6.25, 0.75 ], "texture": "#red_nether_bricks" }
			}
		},
		{
			"__comment": "Voxels",
			"from": [ 12, 4, 14 ],
			"to": [ 14, 5, 15 ],
			"faces": {
				"down": { "uv": [ 13.25, 9.75, 13.75, 10 ], "texture": "#red_nether_bricks" },
				"up": { "uv": [ 13.75, 10, 14.25, 9.75 ], "texture": "#red_nether_bricks" },
				"north": { "uv": [ 14.75, 9.75, 14.25, 10 ], "texture": "#red_nether_bricks" },
				"south": { "uv": [ 14.75, 9.75, 15.25, 10 ], "texture": "#red_nether_bricks" },
				"west": { "uv": [ 7, 9.25, 7.25, 9.5 ], "texture": "#red_nether_bricks" },
				"east": { "uv": [ 7.5, 9.25, 7.25, 9.5 ], "texture": "#red_nether_bricks" }
			}
		},
		{
			"__comment": "Voxels",
			"from": [ 12, 8, 4 ],
			"to": [ 14, 9, 5 ],
			"faces": {
				"down": { "uv": [ 15.25, 9.75, 15.75, 10 ], "texture": "#red_nether_bricks" },
				"up": { "uv": [ 5.5, 9.75, 6, 9.5 ], "texture": "#red_nether_bricks" },
				"north": { "uv": [ 6, 9.25, 5.5, 9.5 ], "texture": "#red_nether_bricks" },
				"south": { "uv": [ 5.5, 9, 6, 9.25 ], "texture": "#red_nether_bricks" },
				"west": { "uv": [ 8.5, 9.25, 8.75, 9.5 ], "texture": "#red_nether_bricks" },
				"east": { "uv": [ 9, 9.25, 8.75, 9.5 ], "texture": "#red_nether_bricks" }
			}
		},
		{
			"__comment": "Voxels",
			"from": [ 12, 9, 4 ],
			"to": [ 13, 10, 5 ],
			"faces": {
				"down": { "uv": [ 9, 9.25, 9.25, 9.5 ], "texture": "#red_nether_bricks" },
				"up": { "uv": [ 9.25, 9.5, 9.5, 9.25 ], "texture": "#red_nether_bricks" },
				"north": { "uv": [ 9.75, 9.25, 9.5, 9.5 ], "texture": "#red_nether_bricks" },
				"south": { "uv": [ 9.75, 9.25, 10, 9.5 ], "texture": "#red_nether_bricks" },
				"west": { "uv": [ 10, 9.25, 10.25, 9.5 ], "texture": "#red_nether_bricks" },
				"east": { "uv": [ 10.5, 9.25, 10.25, 9.5 ], "texture": "#red_nether_bricks" }
			}
		},
		{
			"__comment": "Voxels",
			"from": [ 13, 6, 7 ],
			"to": [ 14, 7, 8 ],
			"faces": {
				"down": { "uv": [ 10.5, 9.25, 10.75, 9.5 ], "texture": "#red_nether_bricks" },
				"up": { "uv": [ 6.75, 9.25, 7, 9 ], "texture": "#red_nether_bricks" },
				"north": { "uv": [ 11.25, 9.25, 11, 9.5 ], "texture": "#red_nether_bricks" },
				"south": { "uv": [ 11.25, 9.25, 11.5, 9.5 ], "texture": "#red_nether_bricks" },
				"west": { "uv": [ 11.5, 9.25, 11.75, 9.5 ], "texture": "#red_nether_bricks" },
				"east": { "uv": [ 12, 9.25, 11.75, 9.5 ], "texture": "#red_nether_bricks" }
			}
		},
		{
			"__comment": "Voxels",
			"from": [ 13, 6, 9 ],
			"to": [ 14, 7, 10 ],
			"faces": {
				"down": { "uv": [ 12, 9.25, 12.25, 9.5 ], "texture": "#red_nether_bricks" },
				"up": { "uv": [ 12.25, 9.5, 12.5, 9.25 ], "texture": "#red_nether_bricks" },
				"north": { "uv": [ 12.75, 9.25, 12.5, 9.5 ], "texture": "#red_nether_bricks" },
				"south": { "uv": [ 12.75, 9.25, 13, 9.5 ], "texture": "#red_nether_bricks" },
				"west": { "uv": [ 13, 9.25, 13.25, 9.5 ], "texture": "#red_nether_bricks" },
				"east": { "uv": [ 13.5, 9.25, 13.25, 9.5 ], "texture": "#red_nether_bricks" }
			}
		},
		{
			"__comment": "Voxels",
			"from": [ 13, 6, 12 ],
			"to": [ 14, 7, 13 ],
			"faces": {
				"down": { "uv": [ 13.5, 9.25, 13.75, 9.5 ], "texture": "#red_nether_bricks" },
				"up": { "uv": [ 13.75, 9.5, 14, 9.25 ], "texture": "#red_nether_bricks" },
				"north": { "uv": [ 14.25, 9.25, 14, 9.5 ], "texture": "#red_nether_bricks" },
				"south": { "uv": [ 14.25, 9.25, 14.5, 9.5 ], "texture": "#red_nether_bricks" },
				"west": { "uv": [ 14.5, 9.25, 14.75, 9.5 ], "texture": "#red_nether_bricks" },
				"east": { "uv": [ 15, 9.25, 14.75, 9.5 ], "texture": "#red_nether_bricks" }
			}
		},
		{
			"__comment": "Voxels",
			"from": [ 13, 6, 14 ],
			"to": [ 14, 7, 15 ],
			"faces": {
				"down": { "uv": [ 15, 9.25, 15.25, 9.5 ], "texture": "#red_nether_bricks" },
				"up": { "uv": [ 15.25, 9.5, 15.5, 9.25 ], "texture": "#red_nether_bricks" },
				"north": { "uv": [ 15.75, 9.25, 15.5, 9.5 ], "texture": "#red_nether_bricks" },
				"south": { "uv": [ 15.75, 9.25, 16, 9.5 ], "texture": "#red_nether_bricks" },
				"west": { "uv": [ 6.5, 9, 6.75, 9.25 ], "texture": "#red_nether_bricks" },
				"east": { "uv": [ 6.75, 8.75, 6.5, 9 ], "texture": "#red_nether_bricks" }
			}
		},
		{
			"__comment": "Voxels",
			"from": [ 13, 7, 4 ],
			"to": [ 14, 8, 5 ],
			"faces": {
				"down": { "uv": [ 6.5, 8.5, 6.75, 8.75 ], "texture": "#red_nether_bricks" },
				"up": { "uv": [ 6.5, 8.5, 6.75, 8.25 ], "texture": "#red_nether_bricks" },
				"north": { "uv": [ 6.75, 8, 6.5, 8.25 ], "texture": "#red_nether_bricks" },
				"south": { "uv": [ 6.5, 7.75, 6.75, 8 ], "texture": "#red_nether_bricks" },
				"west": { "uv": [ 6.5, 7.5, 6.75, 7.75 ], "texture": "#red_nether_bricks" },
				"east": { "uv": [ 6.75, 7.25, 6.5, 7.5 ], "texture": "#red_nether_bricks" }
			}
		},
		{
			"__comment": "Voxels",
			"from": [ 14, 1, 2 ],
			"to": [ 16, 2, 6 ],
			"faces": {
				"down": { "uv": [ 3.5, 0.5, 4, 1.5 ], "texture": "#red_nether_bricks" },
				"up": { "uv": [ 3.25, 8, 3.75, 7 ], "texture": "#red_nether_bricks" },
				"north": { "uv": [ 6, 8.75, 5.5, 9 ], "texture": "#red_nether_bricks" },
				"south": { "uv": [ 5.5, 8.5, 6, 8.75 ], "texture": "#red_nether_bricks" },
				"west": { "uv": [ 4.5, 6.75, 5.5, 7 ], "texture": "#red_nether_bricks" },
				"east": { "uv": [ 16, 11, 15, 11.25 ], "texture": "#red_nether_bricks" }
			}
		},
		{
			"__comment": "Voxels",
			"from": [ 14, 2, 2 ],
			"to": [ 15, 6, 6 ],
			"faces": {
				"down": { "uv": [ 4.25, 6, 4.5, 7 ], "texture": "#red_nether_bricks" },
				"up": { "uv": [ 5.25, 8, 5.5, 7 ], "texture": "#red_nether_bricks" },
				"north": { "uv": [ 5.25, 7, 5, 8 ], "texture": "#red_nether_bricks" },
				"south": { "uv": [ 4.75, 8, 5, 9 ], "texture": "#red_nether_bricks" },
				"west": { "uv": [ 1, 7, 2, 8 ], "texture": "#red_nether_bricks" },
				"east": { "uv": [ 1, 7, 0, 8 ], "texture": "#red_nether_bricks" }
			}
		},
		{
			"__comment": "Voxels",
			"from": [ 15, 1, 7 ],
			"to": [ 16, 2, 15 ],
			"faces": {
				"down": { "uv": [ 0.25, 0.25, 0.5, 2.25 ], "texture": "#red_nether_bricks" },
				"up": { "uv": [ 0, 2.25, 0.25, 0.25 ], "texture": "#red_nether_bricks" },
				"north": { "uv": [ 6.75, 3.5, 6.5, 3.75 ], "texture": "#red_nether_bricks" },
				"south": { "uv": [ 6.5, 3.25, 6.75, 3.5 ], "texture": "#red_nether_bricks" },
				"west": { "uv": [ 13, 11, 15, 11.25 ], "texture": "#red_nether_bricks" },
				"east": { "uv": [ 13, 11, 11, 11.25 ], "texture": "#red_nether_bricks" }
			}
		},
		{
			"__comment": "Voxels",
			"from": [ 15, 2, 0 ],
			"to": [ 16, 15, 1 ],
			"faces": {
				"down": { "uv": [ 6.5, 2.5, 6.75, 2.75 ], "texture": "#red_nether_bricks" },
				"up": { "uv": [ 6.5, 2.5, 6.75, 2.25 ], "texture": "#red_nether_bricks" },
				"north": { "uv": [ 4.25, 4.5, 4, 7.75 ], "texture": "#red_nether_bricks" },
				"south": { "uv": [ 2.75, 1.5, 3, 4.75 ], "texture": "#red_nether_bricks" },
				"west": { "uv": [ 3.5, 1.5, 3.75, 4.75 ], "texture": "#red_nether_bricks" },
				"east": { "uv": [ 4, 1.5, 3.75, 4.75 ], "texture": "#red_nether_bricks" }
			}
		},
		{
			"__comment": "Voxels",
			"from": [ 15, 2, 15 ],
			"to": [ 16, 15, 16 ],
			"faces": {
				"down": { "uv": [ 6.5, 1, 6.75, 1.25 ], "texture": "#red_nether_bricks" },
				"up": { "uv": [ 6.5, 1, 6.75, 0.75 ], "texture": "#red_nether_bricks" },
				"north": { "uv": [ 3.5, 1.5, 3.25, 4.75 ], "texture": "#red_nether_bricks" },
				"south": { "uv": [ 4, 7.75, 4.25, 11 ], "texture": "#red_nether_bricks" },
				"west": { "uv": [ 3, 1.5, 3.25, 4.75 ], "texture": "#red_nether_bricks" },
				"east": { "uv": [ 2.75, 1.5, 2.5, 4.75 ], "texture": "#red_nether_bricks" }
			}
		}
	],
	"display": {
		"ground": {
			"translation":  [ 0, 4.8695, 0 ]
		}
	}
}