{
  "model": {
    "type": "select",
    "property": "custom_model_data",
    "fallback": {
      "type": "model",
      "model": "item/paper"
    },
    "cases": [
      {
        "when": "1c",
        "model": {
          "type": "model",
          "model": "item/1c"
        }
      },
      {
        "when": "100c",
        "model": {
          "type": "model",
          "model": "item/100c"
        }
      },
      {
        "when": "10000c",
        "model": {
          "type": "model",
          "model": "item/10000c"
        }
      }
    ]
  }
}