{
  "model": {
    "type": "select",
    "property": "custom_model_data",
    "fallback": {
      "type": "model",
      "model": "item/carrot_on_a_stick"
    },
    "cases": [
      {
        "when": "bomb",
        "model": {
          "type": "model",
          "model": "item/bomb"
        }
      },
      {
        "when": "glow",
        "model": {
          "type": "model",
          "model": "item/glow"
		}
	  },
      {
        "when": "pos_set",
        "model": {
          "type": "model",
          "model": "item/pos_set"
		}
	  },
      {
        "when": "timebomb",
        "model": {
          "type": "model",
          "model": "item/timebomb"
		}
      },
	  {
        "when": "swap_pos",
        "model": {
          "type": "model",
          "model": "item/swap_pos"
		}
	  },
	  {
        "when": "sulae_glow",
        "model": {
          "type": "model",
          "model": "item/sulae_glow"
		}
	  },
	  {
        "when": "jumpscare",
        "model": {
          "type": "model",
          "model": "item/jumpscare"
		}
	  }
    ]
  }
}