{
	"textures": {
		"black_dye": "item/black_dye"
	},
	"elements": [ 	 
		{
			"__comment": "Voxels",
			"from": [ 0, 12, 6 ],
			"to": [ 16, 24, 10 ],
			"faces": {
				"down": { "uv": [ 0, 9, 4, 10 ], "texture": "#black_dye" },
				"up": { "uv": [ 0, 9, 4, 8 ], "texture": "#black_dye" },
				"north": { "uv": [ 4, 13, 0, 16 ], "texture": "#black_dye" },
				"south": { "uv": [ 0, 10, 4, 13 ], "texture": "#black_dye" },
				"west": { "uv": [ 8, 11, 9, 14 ], "texture": "#black_dye" },
				"east": { "uv": [ 9, 8, 8, 11 ], "texture": "#black_dye" }
			}
		},
		{
			"__comment": "Voxels",
			"from": [ 4, 0, 6 ],
			"to": [ 12, 12, 10 ],
			"faces": {
				"down": { "uv": [ 10, 15, 12, 16 ], "texture": "#black_dye" },
				"up": { "uv": [ 10, 15, 12, 14 ], "texture": "#black_dye" },
				"north": { "uv": [ 6, 13, 4, 16 ], "texture": "#black_dye" },
				"south": { "uv": [ 4, 10, 6, 13 ], "texture": "#black_dye" },
				"west": { "uv": [ 9, 11, 10, 14 ], "texture": "#black_dye" },
				"east": { "uv": [ 10, 8, 9, 11 ], "texture": "#black_dye" }
			}
		},
		{
			"__comment": "Voxels",
			"from": [ 4, 24, 4 ],
			"to": [ 12, 32, 12 ],
			"faces": {
				"down": { "uv": [ 4, 8, 6, 10 ], "texture": "#black_dye" },
				"up": { "uv": [ 6, 16, 8, 14 ], "texture": "#black_dye" },
				"north": { "uv": [ 8, 12, 6, 14 ], "texture": "#black_dye" },
				"south": { "uv": [ 6, 10, 8, 12 ], "texture": "#black_dye" },
				"west": { "uv": [ 6, 8, 8, 10 ], "texture": "#black_dye" },
				"east": { "uv": [ 10, 14, 8, 16 ], "texture": "#black_dye" }
			}
		}
	],
	"display": {
		"gui": {
			"translation":  [ 0, -15.3, 0 ]
		},
		"fixed": {
			"translation":  [ 0, 0, -20 ],
			"scale":  [ 4, 4, 4 ]
		}
	}
}