{
  "parent": "minecraft:item/hand_held",
  "textures": {
  "carrot_on_a_stick": "minecraft:item/bomb"
	},
  "elements": [ 	 
		{
			"from": [ 1.5, 11, -3.5 ],
			"to": [ 10, 13.5, -1 ],
			"faces": {
				"down": { "uv": [ 1.875, 15.375, 4, 16 ], "texture": "#carrot_on_a_stick" },
				"up": { "uv": [ 1.875, 15.375, 4, 14.75 ], "texture": "#carrot_on_a_stick" },
				"north": { "uv": [ 4, 14.125, 1.875, 14.75 ], "texture": "#carrot_on_a_stick" },
				"south": { "uv": [ 1.875, 13.5, 4, 14.125 ], "texture": "#carrot_on_a_stick" },
				"west": { "uv": [ 7.375, 11.25, 8, 11.875 ], "texture": "#carrot_on_a_stick" },
				"east": { "uv": [ 4.625, 10.375, 4, 11 ], "texture": "#carrot_on_a_stick" }
			}
		},
		{
			
			"from": [ 2, 10, -3.5 ],
			"to": [ 9.5, 11, -1 ],
			"faces": {
				"down": { "uv": [ 0, 8, 1.875, 8.625 ], "texture": "#carrot_on_a_stick" },
				"up": { "uv": [ 1.875, 13.5, 3.75, 12.875 ], "texture": "#carrot_on_a_stick" },
				"north": { "uv": [ 8.625, 15.75, 6.75, 16 ], "texture": "#carrot_on_a_stick" },
				"south": { "uv": [ 8.625, 15.75, 10.5, 16 ], "texture": "#carrot_on_a_stick" },
				"west": { "uv": [ 4, 8.25, 4.625, 8.5 ], "texture": "#carrot_on_a_stick" },
				"east": { "uv": [ 4.625, 8, 4, 8.25 ], "texture": "#carrot_on_a_stick" }
			}
		},
		{
			
			"from": [ 2, 10.5, -4 ],
			"to": [ 9.5, 14, -3.5 ],
			"faces": {
				"down": { "uv": [ 8.375, 15.625, 10.25, 15.75 ], "texture": "#carrot_on_a_stick" },
				"up": { "uv": [ 8.375, 15.625, 10.25, 15.5 ], "texture": "#carrot_on_a_stick" },
				"north": { "uv": [ 1.875, 15.125, 0, 16 ], "texture": "#carrot_on_a_stick" },
				"south": { "uv": [ 0, 14.25, 1.875, 15.125 ], "texture": "#carrot_on_a_stick" },
				"west": { "uv": [ 1.625, 11.625, 1.75, 12.5 ], "texture": "#carrot_on_a_stick" },
				"east": { "uv": [ 1.875, 11.625, 1.75, 12.5 ], "texture": "#carrot_on_a_stick" }
			}
		},
		{
			
			"from": [ 2, 10.5, -1 ],
			"to": [ 9.5, 14, -0.5 ],
			"faces": {
				"down": { "uv": [ 14, 15.5, 15.875, 15.625 ], "texture": "#carrot_on_a_stick" },
				"up": { "uv": [ 14, 15.75, 15.875, 15.625 ], "texture": "#carrot_on_a_stick" },
				"north": { "uv": [ 1.875, 13.375, 0, 14.25 ], "texture": "#carrot_on_a_stick" },
				"south": { "uv": [ 0, 12.5, 1.875, 13.375 ], "texture": "#carrot_on_a_stick" },
				"west": { "uv": [ 1.625, 10.75, 1.75, 11.625 ], "texture": "#carrot_on_a_stick" },
				"east": { "uv": [ 1.875, 10.75, 1.75, 11.625 ], "texture": "#carrot_on_a_stick" }
			}
		},
		{
			
			"from": [ 2, 11, -4.5 ],
			"to": [ 9.5, 13.5, -4 ],
			"faces": {
				"down": { "uv": [ 12.125, 15.625, 14, 15.75 ], "texture": "#carrot_on_a_stick" },
				"up": { "uv": [ 10.25, 15.75, 12.125, 15.625 ], "texture": "#carrot_on_a_stick" },
				"north": { "uv": [ 3.75, 12.25, 1.875, 12.875 ], "texture": "#carrot_on_a_stick" },
				"south": { "uv": [ 1.875, 11.625, 3.75, 12.25 ], "texture": "#carrot_on_a_stick" },
				"west": { "uv": [ 1.625, 9.375, 1.75, 10 ], "texture": "#carrot_on_a_stick" },
				"east": { "uv": [ 1.875, 9.375, 1.75, 10 ], "texture": "#carrot_on_a_stick" }
			}
		},
		{
			
			"from": [ 2, 11, -0.5 ],
			"to": [ 9.5, 13.5, 0 ],
			"faces": {
				"down": { "uv": [ 12.125, 15.5, 14, 15.625 ], "texture": "#carrot_on_a_stick" },
				"up": { "uv": [ 10.25, 15.625, 12.125, 15.5 ], "texture": "#carrot_on_a_stick" },
				"north": { "uv": [ 3.75, 9.75, 1.875, 10.375 ], "texture": "#carrot_on_a_stick" },
				"south": { "uv": [ 0, 8.625, 1.875, 9.25 ], "texture": "#carrot_on_a_stick" },
				"west": { "uv": [ 3.75, 12.875, 3.875, 13.5 ], "texture": "#carrot_on_a_stick" },
				"east": { "uv": [ 4, 12.875, 3.875, 13.5 ], "texture": "#carrot_on_a_stick" }
			}
		},
		{
			
			"from": [ 2, 13.5, -3.5 ],
			"to": [ 9.5, 14.5, -1 ],
			"faces": {
				"down": { "uv": [ 1.875, 11, 3.75, 11.625 ], "texture": "#carrot_on_a_stick" },
				"up": { "uv": [ 1.875, 11, 3.75, 10.375 ], "texture": "#carrot_on_a_stick" },
				"north": { "uv": [ 12.375, 15.75, 10.5, 16 ], "texture": "#carrot_on_a_stick" },
				"south": { "uv": [ 12.375, 15.75, 14.25, 16 ], "texture": "#carrot_on_a_stick" },
				"west": { "uv": [ 8.375, 11.625, 9, 11.875 ], "texture": "#carrot_on_a_stick" },
				"east": { "uv": [ 9.625, 11.625, 9, 11.875 ], "texture": "#carrot_on_a_stick" }
			}
		},
		{
			
			"from": [ 2.5, 9, -2.5 ],
			"to": [ 9, 10, -2 ],
			"faces": {
				"down": { "uv": [ 6.75, 10.375, 8.375, 10.5 ], "texture": "#carrot_on_a_stick" },
				"up": { "uv": [ 6.75, 10, 8.375, 9.875 ], "texture": "#carrot_on_a_stick" },
				"north": { "uv": [ 6.75, 8.375, 5.125, 8.625 ], "texture": "#carrot_on_a_stick" },
				"south": { "uv": [ 5.125, 8.125, 6.75, 8.375 ], "texture": "#carrot_on_a_stick" },
				"west": { "uv": [ 4.625, 8.875, 4.75, 9.125 ], "texture": "#carrot_on_a_stick" },
				"east": { "uv": [ 4.875, 8.875, 4.75, 9.125 ], "texture": "#carrot_on_a_stick" }
			}
		},
		{
			
			"from": [ 2.5, 9.5, -4 ],
			"to": [ 9, 10.5, -3.5 ],
			"faces": {
				"down": { "uv": [ 6.75, 9.5, 8.375, 9.625 ], "texture": "#carrot_on_a_stick" },
				"up": { "uv": [ 8.375, 15.5, 10, 15.375 ], "texture": "#carrot_on_a_stick" },
				"north": { "uv": [ 8.375, 15.5, 6.75, 15.75 ], "texture": "#carrot_on_a_stick" },
				"south": { "uv": [ 5.125, 8.625, 6.75, 8.875 ], "texture": "#carrot_on_a_stick" },
				"west": { "uv": [ 5, 8.875, 5.125, 9.125 ], "texture": "#carrot_on_a_stick" },
				"east": { "uv": [ 4.75, 8.625, 4.625, 8.875 ], "texture": "#carrot_on_a_stick" }
			}
		},
		{
			
			"from": [ 2.5, 9.5, -3.5 ],
			"to": [ 9, 10, -2.5 ],
			"faces": {
				"down": { "uv": [ 6.75, 14.75, 8.375, 15 ], "texture": "#carrot_on_a_stick" },
				"up": { "uv": [ 6.75, 14.75, 8.375, 14.5 ], "texture": "#carrot_on_a_stick" },
				"north": { "uv": [ 8.375, 9.375, 6.75, 9.5 ], "texture": "#carrot_on_a_stick" },
				"south": { "uv": [ 6.75, 8.875, 8.375, 9 ], "texture": "#carrot_on_a_stick" },
				"west": { "uv": [ 4.875, 9.75, 5.125, 9.875 ], "texture": "#carrot_on_a_stick" },
				"east": { "uv": [ 4.875, 9.125, 4.625, 9.25 ], "texture": "#carrot_on_a_stick" }
			}
		},
		{
			
			"from": [ 2.5, 9.5, -2 ],
			"to": [ 9, 10, -0.5 ],
			"faces": {
				"down": { "uv": [ 5.125, 15.625, 6.75, 16 ], "texture": "#carrot_on_a_stick" },
				"up": { "uv": [ 1.875, 8.5, 3.5, 8.125 ], "texture": "#carrot_on_a_stick" },
				"north": { "uv": [ 8.375, 10.5, 6.75, 10.625 ], "texture": "#carrot_on_a_stick" },
				"south": { "uv": [ 6.75, 8, 8.375, 8.125 ], "texture": "#carrot_on_a_stick" },
				"west": { "uv": [ 4.625, 10.625, 5, 10.75 ], "texture": "#carrot_on_a_stick" },
				"east": { "uv": [ 5, 10.875, 4.625, 11 ], "texture": "#carrot_on_a_stick" }
			}
		},
		{
			
			"from": [ 2.5, 10, -4.5 ],
			"to": [ 9, 11, -4 ],
			"faces": {
				"down": { "uv": [ 6.75, 10.25, 8.375, 10.375 ], "texture": "#carrot_on_a_stick" },
				"up": { "uv": [ 6.75, 10.25, 8.375, 10.125 ], "texture": "#carrot_on_a_stick" },
				"north": { "uv": [ 8.375, 12.75, 6.75, 13 ], "texture": "#carrot_on_a_stick" },
				"south": { "uv": [ 5.125, 9.125, 6.75, 9.375 ], "texture": "#carrot_on_a_stick" },
				"west": { "uv": [ 4.75, 8.625, 4.875, 8.875 ], "texture": "#carrot_on_a_stick" },
				"east": { "uv": [ 5, 8.625, 4.875, 8.875 ], "texture": "#carrot_on_a_stick" }
			}
		},
		{
			
			"from": [ 2.5, 10, -1 ],
			"to": [ 9, 10.5, 0 ],
			"faces": {
				"down": { "uv": [ 6.75, 15, 8.375, 15.25 ], "texture": "#carrot_on_a_stick" },
				"up": { "uv": [ 14.25, 16, 15.875, 15.75 ], "texture": "#carrot_on_a_stick" },
				"north": { "uv": [ 8.375, 8.75, 6.75, 8.875 ], "texture": "#carrot_on_a_stick" },
				"south": { "uv": [ 6.75, 8.625, 8.375, 8.75 ], "texture": "#carrot_on_a_stick" },
				"west": { "uv": [ 4.875, 9.125, 5.125, 9.25 ], "texture": "#carrot_on_a_stick" },
				"east": { "uv": [ 5.125, 8.5, 4.875, 8.625 ], "texture": "#carrot_on_a_stick" }
			}
		},
		{
			
			"from": [ 2.5, 10.5, -5 ],
			"to": [ 9, 14, -4.5 ],
			"faces": {
				"down": { "uv": [ 6.75, 8.25, 8.375, 8.375 ], "texture": "#carrot_on_a_stick" },
				"up": { "uv": [ 6.75, 8.25, 8.375, 8.125 ], "texture": "#carrot_on_a_stick" },
				"north": { "uv": [ 1.625, 10.75, 0, 11.625 ], "texture": "#carrot_on_a_stick" },
				"south": { "uv": [ 0, 11.625, 1.625, 12.5 ], "texture": "#carrot_on_a_stick" },
				"west": { "uv": [ 9.75, 12.5, 9.875, 13.375 ], "texture": "#carrot_on_a_stick" },
				"east": { "uv": [ 9.875, 11.625, 9.75, 12.5 ], "texture": "#carrot_on_a_stick" }
			}
		},
		{
			
			"from": [ 2.5, 10.5, -0.5 ],
			"to": [ 9, 11, 0.5 ],
			"faces": {
				"down": { "uv": [ 6.75, 14.25, 8.375, 14.5 ], "texture": "#carrot_on_a_stick" },
				"up": { "uv": [ 6.75, 14.25, 8.375, 14 ], "texture": "#carrot_on_a_stick" },
				"north": { "uv": [ 13.25, 15.125, 11.625, 15.25 ], "texture": "#carrot_on_a_stick" },
				"south": { "uv": [ 13.25, 15.125, 14.875, 15.25 ], "texture": "#carrot_on_a_stick" },
				"west": { "uv": [ 4.625, 8.375, 4.875, 8.5 ], "texture": "#carrot_on_a_stick" },
				"east": { "uv": [ 1.875, 9.25, 1.625, 9.375 ], "texture": "#carrot_on_a_stick" }
			}
		},
		{
			
			"from": [ 2.5, 11, 0 ],
			"to": [ 9, 14, 0.5 ],
			"faces": {
				"down": { "uv": [ 1.875, 8, 3.5, 8.125 ], "texture": "#carrot_on_a_stick" },
				"up": { "uv": [ 5.125, 8.125, 6.75, 8 ], "texture": "#carrot_on_a_stick" },
				"north": { "uv": [ 1.625, 9.25, 0, 10 ], "texture": "#carrot_on_a_stick" },
				"south": { "uv": [ 0, 10, 1.625, 10.75 ], "texture": "#carrot_on_a_stick" },
				"west": { "uv": [ 1.625, 10, 1.75, 10.75 ], "texture": "#carrot_on_a_stick" },
				"east": { "uv": [ 1.875, 10, 1.75, 10.75 ], "texture": "#carrot_on_a_stick" }
			}
		},
		{
			
			"from": [ 2.5, 12, -5.5 ],
			"to": [ 9, 12.5, -5 ],
			"faces": {
				"down": { "uv": [ 6.75, 10, 8.375, 10.125 ], "texture": "#carrot_on_a_stick" },
				"up": { "uv": [ 8.375, 15, 10, 14.875 ], "texture": "#carrot_on_a_stick" },
				"north": { "uv": [ 8.375, 9.75, 6.75, 9.875 ], "texture": "#carrot_on_a_stick" },
				"south": { "uv": [ 6.75, 9.625, 8.375, 9.75 ], "texture": "#carrot_on_a_stick" },
				"west": { "uv": [ 8.25, 12.375, 8.375, 12.5 ], "texture": "#carrot_on_a_stick" },
				"east": { "uv": [ 8.125, 12.25, 8, 12.375 ], "texture": "#carrot_on_a_stick" }
			}
		},
		{
			
			"from": [ 2.5, 12, 0.5 ],
			"to": [ 9, 12.5, 1 ],
			"faces": {
				"down": { "uv": [ 6.75, 9.25, 8.375, 9.375 ], "texture": "#carrot_on_a_stick" },
				"up": { "uv": [ 6.75, 9.25, 8.375, 9.125 ], "texture": "#carrot_on_a_stick" },
				"north": { "uv": [ 8.375, 9, 6.75, 9.125 ], "texture": "#carrot_on_a_stick" },
				"south": { "uv": [ 8.375, 15.25, 10, 15.375 ], "texture": "#carrot_on_a_stick" },
				"west": { "uv": [ 8.125, 12.25, 8.25, 12.375 ], "texture": "#carrot_on_a_stick" },
				"east": { "uv": [ 8.375, 12.25, 8.25, 12.375 ], "texture": "#carrot_on_a_stick" }
			}
		},
		{
			
			"from": [ 2.5, 13.5, -4.5 ],
			"to": [ 9, 14.5, -4 ],
			"faces": {
				"down": { "uv": [ 6.75, 8.5, 8.375, 8.625 ], "texture": "#carrot_on_a_stick" },
				"up": { "uv": [ 6.75, 8.5, 8.375, 8.375 ], "texture": "#carrot_on_a_stick" },
				"north": { "uv": [ 8.375, 13.25, 6.75, 13.5 ], "texture": "#carrot_on_a_stick" },
				"south": { "uv": [ 6.75, 13, 8.375, 13.25 ], "texture": "#carrot_on_a_stick" },
				"west": { "uv": [ 3.875, 8.25, 4, 8.5 ], "texture": "#carrot_on_a_stick" },
				"east": { "uv": [ 3.875, 9.75, 3.75, 10 ], "texture": "#carrot_on_a_stick" }
			}
		},
		{
			
			"from": [ 2.5, 13.5, -0.5 ],
			"to": [ 9, 14.5, 0 ],
			"faces": {
				"down": { "uv": [ 10, 15.375, 11.625, 15.5 ], "texture": "#carrot_on_a_stick" },
				"up": { "uv": [ 11.625, 15.5, 13.25, 15.375 ], "texture": "#carrot_on_a_stick" },
				"north": { "uv": [ 8.375, 15.25, 6.75, 15.5 ], "texture": "#carrot_on_a_stick" },
				"south": { "uv": [ 6.75, 13.5, 8.375, 13.75 ], "texture": "#carrot_on_a_stick" },
				"west": { "uv": [ 3.875, 9.75, 4, 10 ], "texture": "#carrot_on_a_stick" },
				"east": { "uv": [ 4, 9.125, 3.875, 9.375 ], "texture": "#carrot_on_a_stick" }
			}
		},
		{
			
			"from": [ 2.5, 14, -4 ],
			"to": [ 9, 15, -3.5 ],
			"faces": {
				"down": { "uv": [ 13.25, 15.25, 14.875, 15.375 ], "texture": "#carrot_on_a_stick" },
				"up": { "uv": [ 8.375, 15.25, 10, 15.125 ], "texture": "#carrot_on_a_stick" },
				"north": { "uv": [ 8.375, 12.5, 6.75, 12.75 ], "texture": "#carrot_on_a_stick" },
				"south": { "uv": [ 5.125, 9.375, 6.75, 9.625 ], "texture": "#carrot_on_a_stick" },
				"west": { "uv": [ 3.875, 8.5, 4, 8.75 ], "texture": "#carrot_on_a_stick" },
				"east": { "uv": [ 5, 8.875, 4.875, 9.125 ], "texture": "#carrot_on_a_stick" }
			}
		},
		{
			
			"from": [ 2.5, 14, -1 ],
			"to": [ 9, 15, -0.5 ],
			"faces": {
				"down": { "uv": [ 10, 15, 11.625, 15.125 ], "texture": "#carrot_on_a_stick" },
				"up": { "uv": [ 11.625, 15.125, 13.25, 15 ], "texture": "#carrot_on_a_stick" },
				"north": { "uv": [ 6.75, 8.875, 5.125, 9.125 ], "texture": "#carrot_on_a_stick" },
				"south": { "uv": [ 6.75, 13.75, 8.375, 14 ], "texture": "#carrot_on_a_stick" },
				"west": { "uv": [ 3.875, 8, 4, 8.25 ], "texture": "#carrot_on_a_stick" },
				"east": { "uv": [ 4.75, 9.75, 4.625, 10 ], "texture": "#carrot_on_a_stick" }
			}
		},
		{
			
			"from": [ 2.5, 14.5, -3.5 ],
			"to": [ 9, 15, -1 ],
			"faces": {
				"down": { "uv": [ 1.875, 9.125, 3.5, 9.75 ], "texture": "#carrot_on_a_stick" },
				"up": { "uv": [ 1.875, 9.125, 3.5, 8.5 ], "texture": "#carrot_on_a_stick" },
				"north": { "uv": [ 14.875, 15.375, 13.25, 15.5 ], "texture": "#carrot_on_a_stick" },
				"south": { "uv": [ 10, 15.25, 11.625, 15.375 ], "texture": "#carrot_on_a_stick" },
				"west": { "uv": [ 12.625, 13, 13.25, 13.125 ], "texture": "#carrot_on_a_stick" },
				"east": { "uv": [ 13.875, 13, 13.25, 13.125 ], "texture": "#carrot_on_a_stick" }
			}
		},
		{
			
			"from": [ 2.5, 15, -2.5 ],
			"to": [ 9, 15.5, -2 ],
			"faces": {
				"down": { "uv": [ 11.625, 15.25, 13.25, 15.375 ], "texture": "#carrot_on_a_stick" },
				"up": { "uv": [ 10, 15.25, 11.625, 15.125 ], "texture": "#carrot_on_a_stick" },
				"north": { "uv": [ 10, 15, 8.375, 15.125 ], "texture": "#carrot_on_a_stick" },
				"south": { "uv": [ 13.25, 15, 14.875, 15.125 ], "texture": "#carrot_on_a_stick" },
				"west": { "uv": [ 4.625, 8, 4.75, 8.125 ], "texture": "#carrot_on_a_stick" },
				"east": { "uv": [ 8.125, 11.375, 8, 11.5 ], "texture": "#carrot_on_a_stick" }
			}
		},
		{
			
			"from": [ 3, 9, -4 ],
			"to": [ 8.5, 9.5, -2.5 ],
			"faces": {
				"down": { "uv": [ 5.125, 14.125, 6.5, 14.5 ], "texture": "#carrot_on_a_stick" },
				"up": { "uv": [ 5.125, 13.75, 6.5, 13.375 ], "texture": "#carrot_on_a_stick" },
				"north": { "uv": [ 9.75, 12, 8.375, 12.125 ], "texture": "#carrot_on_a_stick" },
				"south": { "uv": [ 8.375, 11.875, 9.75, 12 ], "texture": "#carrot_on_a_stick" },
				"west": { "uv": [ 4.625, 10.5, 5, 10.625 ], "texture": "#carrot_on_a_stick" },
				"east": { "uv": [ 5, 10.75, 4.625, 10.875 ], "texture": "#carrot_on_a_stick" }
			}
		},
		{
			
			"from": [ 3, 9, -2 ],
			"to": [ 8.5, 9.5, -0.5 ],
			"faces": {
				"down": { "uv": [ 5.125, 14.875, 6.5, 15.25 ], "texture": "#carrot_on_a_stick" },
				"up": { "uv": [ 5.125, 14.875, 6.5, 14.5 ], "texture": "#carrot_on_a_stick" },
				"north": { "uv": [ 14.125, 14.875, 12.75, 15 ], "texture": "#carrot_on_a_stick" },
				"south": { "uv": [ 14.125, 14.875, 15.5, 15 ], "texture": "#carrot_on_a_stick" },
				"west": { "uv": [ 4.625, 10.375, 5, 10.5 ], "texture": "#carrot_on_a_stick" },
				"east": { "uv": [ 5.125, 10.25, 4.75, 10.375 ], "texture": "#carrot_on_a_stick" }
			}
		},
		{
			
			"from": [ 3, 9.5, -4.5 ],
			"to": [ 8.5, 10, -4 ],
			"faces": {
				"down": { "uv": [ 11.125, 14.75, 12.5, 14.875 ], "texture": "#carrot_on_a_stick" },
				"up": { "uv": [ 12.5, 14.875, 13.875, 14.75 ], "texture": "#carrot_on_a_stick" },
				"north": { "uv": [ 15.25, 14.75, 13.875, 14.875 ], "texture": "#carrot_on_a_stick" },
				"south": { "uv": [ 8.375, 14.625, 9.75, 14.75 ], "texture": "#carrot_on_a_stick" },
				"west": { "uv": [ 6.625, 15.125, 6.75, 15.25 ], "texture": "#carrot_on_a_stick" },
				"east": { "uv": [ 8.125, 11.25, 8, 11.375 ], "texture": "#carrot_on_a_stick" }
			}
		},
		{
			
			"from": [ 3, 9.5, -0.5 ],
			"to": [ 8.5, 10, 0 ],
			"faces": {
				"down": { "uv": [ 12.5, 14.625, 13.875, 14.75 ], "texture": "#carrot_on_a_stick" },
				"up": { "uv": [ 13.875, 14.75, 15.25, 14.625 ], "texture": "#carrot_on_a_stick" },
				"north": { "uv": [ 9.75, 14.5, 8.375, 14.625 ], "texture": "#carrot_on_a_stick" },
				"south": { "uv": [ 9.75, 14.5, 11.125, 14.625 ], "texture": "#carrot_on_a_stick" },
				"west": { "uv": [ 8.125, 11.375, 8.25, 11.5 ], "texture": "#carrot_on_a_stick" },
				"east": { "uv": [ 8.375, 11.375, 8.25, 11.5 ], "texture": "#carrot_on_a_stick" }
			}
		},
		{
			
			"from": [ 3, 10, -5 ],
			"to": [ 8.5, 10.5, -4.5 ],
			"faces": {
				"down": { "uv": [ 13.875, 14.5, 15.25, 14.625 ], "texture": "#carrot_on_a_stick" },
				"up": { "uv": [ 8.375, 14.5, 9.75, 14.375 ], "texture": "#carrot_on_a_stick" },
				"north": { "uv": [ 11.125, 14.375, 9.75, 14.5 ], "texture": "#carrot_on_a_stick" },
				"south": { "uv": [ 11.125, 14.375, 12.5, 14.5 ], "texture": "#carrot_on_a_stick" },
				"west": { "uv": [ 5, 10.875, 5.125, 11 ], "texture": "#carrot_on_a_stick" },
				"east": { "uv": [ 5.125, 10.75, 5, 10.875 ], "texture": "#carrot_on_a_stick" }
			}
		},
		{
			
			"from": [ 3, 10, 0 ],
			"to": [ 8.5, 10.5, 0.5 ],
			"faces": {
				"down": { "uv": [ 8.375, 14.25, 9.75, 14.375 ], "texture": "#carrot_on_a_stick" },
				"up": { "uv": [ 9.75, 14.375, 11.125, 14.25 ], "texture": "#carrot_on_a_stick" },
				"north": { "uv": [ 12.5, 14.25, 11.125, 14.375 ], "texture": "#carrot_on_a_stick" },
				"south": { "uv": [ 12.5, 14.25, 13.875, 14.375 ], "texture": "#carrot_on_a_stick" },
				"west": { "uv": [ 5, 10.625, 5.125, 10.75 ], "texture": "#carrot_on_a_stick" },
				"east": { "uv": [ 5.125, 10.5, 5, 10.625 ], "texture": "#carrot_on_a_stick" }
			}
		},
		{
			
			"from": [ 3, 10.5, -5.5 ],
			"to": [ 8.5, 12, -5 ],
			"faces": {
				"down": { "uv": [ 8.375, 14, 9.75, 14.125 ], "texture": "#carrot_on_a_stick" },
				"up": { "uv": [ 8.375, 14, 9.75, 13.875 ], "texture": "#carrot_on_a_stick" },
				"north": { "uv": [ 6.5, 9.625, 5.125, 10 ], "texture": "#carrot_on_a_stick" },
				"south": { "uv": [ 5.125, 10, 6.5, 10.375 ], "texture": "#carrot_on_a_stick" },
				"west": { "uv": [ 3.75, 10, 3.875, 10.375 ], "texture": "#carrot_on_a_stick" },
				"east": { "uv": [ 4, 10, 3.875, 10.375 ], "texture": "#carrot_on_a_stick" }
			}
		},
		{
			
			"from": [ 3, 10.5, 0.5 ],
			"to": [ 8.5, 12, 1 ],
			"faces": {
				"down": { "uv": [ 8.375, 13.5, 9.75, 13.625 ], "texture": "#carrot_on_a_stick" },
				"up": { "uv": [ 8.375, 13.5, 9.75, 13.375 ], "texture": "#carrot_on_a_stick" },
				"north": { "uv": [ 6.5, 10.375, 5.125, 10.75 ], "texture": "#carrot_on_a_stick" },
				"south": { "uv": [ 5.125, 10.75, 6.5, 11.125 ], "texture": "#carrot_on_a_stick" },
				"west": { "uv": [ 3.875, 9.375, 4, 9.75 ], "texture": "#carrot_on_a_stick" },
				"east": { "uv": [ 4, 8.75, 3.875, 9.125 ], "texture": "#carrot_on_a_stick" }
			}
		},
		{
			
			"from": [ 3, 12.5, -5.5 ],
			"to": [ 8.5, 14, -5 ],
			"faces": {
				"down": { "uv": [ 8.375, 13, 9.75, 13.125 ], "texture": "#carrot_on_a_stick" },
				"up": { "uv": [ 8.375, 13, 9.75, 12.875 ], "texture": "#carrot_on_a_stick" },
				"north": { "uv": [ 6.5, 13, 5.125, 13.375 ], "texture": "#carrot_on_a_stick" },
				"south": { "uv": [ 5.125, 13.75, 6.5, 14.125 ], "texture": "#carrot_on_a_stick" },
				"west": { "uv": [ 4.625, 10, 4.75, 10.375 ], "texture": "#carrot_on_a_stick" },
				"east": { "uv": [ 4.875, 9.875, 4.75, 10.25 ], "texture": "#carrot_on_a_stick" }
			}
		},
		{
			
			"from": [ 3, 12.5, 0.5 ],
			"to": [ 8.5, 14, 1 ],
			"faces": {
				"down": { "uv": [ 8.375, 12.5, 9.75, 12.625 ], "texture": "#carrot_on_a_stick" },
				"up": { "uv": [ 8.375, 12.5, 9.75, 12.375 ], "texture": "#carrot_on_a_stick" },
				"north": { "uv": [ 6.5, 11.125, 5.125, 11.5 ], "texture": "#carrot_on_a_stick" },
				"south": { "uv": [ 5.125, 15.25, 6.5, 15.625 ], "texture": "#carrot_on_a_stick" },
				"west": { "uv": [ 4.875, 9.875, 5, 10.25 ], "texture": "#carrot_on_a_stick" },
				"east": { "uv": [ 5.125, 9.875, 5, 10.25 ], "texture": "#carrot_on_a_stick" }
			}
		},
		{
			
			"from": [ 3, 14, -5 ],
			"to": [ 8.5, 14.5, -4.5 ],
			"faces": {
				"down": { "uv": [ 10, 14.875, 11.375, 15 ], "texture": "#carrot_on_a_stick" },
				"up": { "uv": [ 11.375, 15, 12.75, 14.875 ], "texture": "#carrot_on_a_stick" },
				"north": { "uv": [ 9.75, 14.75, 8.375, 14.875 ], "texture": "#carrot_on_a_stick" },
				"south": { "uv": [ 9.75, 14.75, 11.125, 14.875 ], "texture": "#carrot_on_a_stick" },
				"west": { "uv": [ 5, 10.375, 5.125, 10.5 ], "texture": "#carrot_on_a_stick" },
				"east": { "uv": [ 4.875, 9.75, 4.75, 9.875 ], "texture": "#carrot_on_a_stick" }
			}
		},
		{
			
			"from": [ 3, 14, 0 ],
			"to": [ 8.5, 14.5, 0.5 ],
			"faces": {
				"down": { "uv": [ 11.125, 14.5, 12.5, 14.625 ], "texture": "#carrot_on_a_stick" },
				"up": { "uv": [ 12.5, 14.625, 13.875, 14.5 ], "texture": "#carrot_on_a_stick" },
				"north": { "uv": [ 13.875, 14.375, 12.5, 14.5 ], "texture": "#carrot_on_a_stick" },
				"south": { "uv": [ 13.875, 14.375, 15.25, 14.5 ], "texture": "#carrot_on_a_stick" },
				"west": { "uv": [ 5, 9.625, 5.125, 9.75 ], "texture": "#carrot_on_a_stick" },
				"east": { "uv": [ 5.125, 9.5, 5, 9.625 ], "texture": "#carrot_on_a_stick" }
			}
		},
		{
			
			"from": [ 3, 14.5, -4.5 ],
			"to": [ 8.5, 15, -4 ],
			"faces": {
				"down": { "uv": [ 8.375, 13.75, 9.75, 13.875 ], "texture": "#carrot_on_a_stick" },
				"up": { "uv": [ 8.375, 13.75, 9.75, 13.625 ], "texture": "#carrot_on_a_stick" },
				"north": { "uv": [ 9.75, 13.25, 8.375, 13.375 ], "texture": "#carrot_on_a_stick" },
				"south": { "uv": [ 11.125, 14.625, 12.5, 14.75 ], "texture": "#carrot_on_a_stick" },
				"west": { "uv": [ 5, 9.375, 5.125, 9.5 ], "texture": "#carrot_on_a_stick" },
				"east": { "uv": [ 5.125, 9.25, 5, 9.375 ], "texture": "#carrot_on_a_stick" }
			}
		},
		{
			
			"from": [ 3, 14.5, -0.5 ],
			"to": [ 8.5, 15, 0 ],
			"faces": {
				"down": { "uv": [ 8.375, 12.625, 9.75, 12.75 ], "texture": "#carrot_on_a_stick" },
				"up": { "uv": [ 8.375, 12.375, 9.75, 12.25 ], "texture": "#carrot_on_a_stick" },
				"north": { "uv": [ 9.75, 12.125, 8.375, 12.25 ], "texture": "#carrot_on_a_stick" },
				"south": { "uv": [ 9.75, 14.625, 11.125, 14.75 ], "texture": "#carrot_on_a_stick" },
				"west": { "uv": [ 4.625, 8.5, 4.75, 8.625 ], "texture": "#carrot_on_a_stick" },
				"east": { "uv": [ 4.875, 8.5, 4.75, 8.625 ], "texture": "#carrot_on_a_stick" }
			}
		},
		{
			
			"from": [ 3, 15, -4 ],
			"to": [ 8.5, 15.5, -2.5 ],
			"faces": {
				"down": { "uv": [ 5.125, 12.625, 6.5, 13 ], "texture": "#carrot_on_a_stick" },
				"up": { "uv": [ 5.125, 12.625, 6.5, 12.25 ], "texture": "#carrot_on_a_stick" },
				"north": { "uv": [ 9.75, 14.125, 8.375, 14.25 ], "texture": "#carrot_on_a_stick" },
				"south": { "uv": [ 8.375, 13.125, 9.75, 13.25 ], "texture": "#carrot_on_a_stick" },
				"west": { "uv": [ 4.625, 9.625, 5, 9.75 ], "texture": "#carrot_on_a_stick" },
				"east": { "uv": [ 5, 9.5, 4.625, 9.625 ], "texture": "#carrot_on_a_stick" }
			}
		},
		{
			
			"from": [ 3, 15, -2 ],
			"to": [ 8.5, 15.5, -0.5 ],
			"faces": {
				"down": { "uv": [ 5.125, 11.5, 6.5, 11.875 ], "texture": "#carrot_on_a_stick" },
				"up": { "uv": [ 5.125, 12.25, 6.5, 11.875 ], "texture": "#carrot_on_a_stick" },
				"north": { "uv": [ 15.25, 14.25, 13.875, 14.375 ], "texture": "#carrot_on_a_stick" },
				"south": { "uv": [ 8.375, 12.75, 9.75, 12.875 ], "texture": "#carrot_on_a_stick" },
				"west": { "uv": [ 4.625, 9.375, 5, 9.5 ], "texture": "#carrot_on_a_stick" },
				"east": { "uv": [ 5, 9.25, 4.625, 9.375 ], "texture": "#carrot_on_a_stick" }
			}
		},
		{
			
			"from": [ 3.5, 8.5, -3.5 ],
			"to": [ 8, 9, -1 ],
			"faces": {
				"down": { "uv": [ 4, 12.25, 5.125, 12.875 ], "texture": "#carrot_on_a_stick" },
				"up": { "uv": [ 4, 11.625, 5.125, 11 ], "texture": "#carrot_on_a_stick" },
				"north": { "uv": [ 9.5, 10, 8.375, 10.125 ], "texture": "#carrot_on_a_stick" },
				"south": { "uv": [ 8.375, 9.875, 9.5, 10 ], "texture": "#carrot_on_a_stick" },
				"west": { "uv": [ 15.25, 14.5, 15.875, 14.625 ], "texture": "#carrot_on_a_stick" },
				"east": { "uv": [ 14.5, 13, 13.875, 13.125 ], "texture": "#carrot_on_a_stick" }
			}
		},
		{
			
			"from": [ 3.5, 9, -4.5 ],
			"to": [ 8, 9.5, -4 ],
			"faces": {
				"down": { "uv": [ 8.375, 9.5, 9.5, 9.625 ], "texture": "#carrot_on_a_stick" },
				"up": { "uv": [ 8.375, 9.5, 9.5, 9.375 ], "texture": "#carrot_on_a_stick" },
				"north": { "uv": [ 9.5, 9.25, 8.375, 9.375 ], "texture": "#carrot_on_a_stick" },
				"south": { "uv": [ 8.375, 9.125, 9.5, 9.25 ], "texture": "#carrot_on_a_stick" },
				"west": { "uv": [ 4.75, 8, 4.875, 8.125 ], "texture": "#carrot_on_a_stick" },
				"east": { "uv": [ 5.125, 8.25, 5, 8.375 ], "texture": "#carrot_on_a_stick" }
			}
		},
		{
			
			"from": [ 3.5, 9, -0.5 ],
			"to": [ 8, 9.5, 0 ],
			"faces": {
				"down": { "uv": [ 8.375, 8.875, 9.5, 9 ], "texture": "#carrot_on_a_stick" },
				"up": { "uv": [ 8.375, 8.875, 9.5, 8.75 ], "texture": "#carrot_on_a_stick" },
				"north": { "uv": [ 9.5, 8.625, 8.375, 8.75 ], "texture": "#carrot_on_a_stick" },
				"south": { "uv": [ 8.375, 8.5, 9.5, 8.625 ], "texture": "#carrot_on_a_stick" },
				"west": { "uv": [ 5, 8.125, 5.125, 8.25 ], "texture": "#carrot_on_a_stick" },
				"east": { "uv": [ 6.625, 15.25, 6.5, 15.375 ], "texture": "#carrot_on_a_stick" }
			}
		},
		{
			
			"from": [ 3.5, 9.5, -5 ],
			"to": [ 8, 10, -4.5 ],
			"faces": {
				"down": { "uv": [ 8.375, 8.25, 9.5, 8.375 ], "texture": "#carrot_on_a_stick" },
				"up": { "uv": [ 8.375, 8.25, 9.5, 8.125 ], "texture": "#carrot_on_a_stick" },
				"north": { "uv": [ 9.5, 8, 8.375, 8.125 ], "texture": "#carrot_on_a_stick" },
				"south": { "uv": [ 9.75, 14.125, 10.875, 14.25 ], "texture": "#carrot_on_a_stick" },
				"west": { "uv": [ 6.625, 15.25, 6.75, 15.375 ], "texture": "#carrot_on_a_stick" },
				"east": { "uv": [ 6.625, 15.125, 6.5, 15.25 ], "texture": "#carrot_on_a_stick" }
			}
		},
		{
			
			"from": [ 3.5, 9.5, 0 ],
			"to": [ 8, 10, 0.5 ],
			"faces": {
				"down": { "uv": [ 10.875, 13.875, 12, 14 ], "texture": "#carrot_on_a_stick" },
				"up": { "uv": [ 14.25, 14.25, 15.375, 14.125 ], "texture": "#carrot_on_a_stick" },
				"north": { "uv": [ 10.875, 14, 9.75, 14.125 ], "texture": "#carrot_on_a_stick" },
				"south": { "uv": [ 10.875, 14, 12, 14.125 ], "texture": "#carrot_on_a_stick" },
				"west": { "uv": [ 6.5, 15, 6.625, 15.125 ], "texture": "#carrot_on_a_stick" },
				"east": { "uv": [ 6.75, 15, 6.625, 15.125 ], "texture": "#carrot_on_a_stick" }
			}
		},
		{
			
			"from": [ 3.5, 10, -5.5 ],
			"to": [ 8, 10.5, -5 ],
			"faces": {
				"down": { "uv": [ 14.25, 14, 15.375, 14.125 ], "texture": "#carrot_on_a_stick" },
				"up": { "uv": [ 9.75, 14, 10.875, 13.875 ], "texture": "#carrot_on_a_stick" },
				"north": { "uv": [ 13.125, 13.875, 12, 14 ], "texture": "#carrot_on_a_stick" },
				"south": { "uv": [ 13.125, 13.875, 14.25, 14 ], "texture": "#carrot_on_a_stick" },
				"west": { "uv": [ 6.5, 14.875, 6.625, 15 ], "texture": "#carrot_on_a_stick" },
				"east": { "uv": [ 6.75, 14.875, 6.625, 15 ], "texture": "#carrot_on_a_stick" }
			}
		},
		{
			
			"from": [ 3.5, 10, 0.5 ],
			"to": [ 8, 10.5, 1 ],
			"faces": {
				"down": { "uv": [ 10.875, 13.75, 12, 13.875 ], "texture": "#carrot_on_a_stick" },
				"up": { "uv": [ 12, 13.875, 13.125, 13.75 ], "texture": "#carrot_on_a_stick" },
				"north": { "uv": [ 13.125, 14, 12, 14.125 ], "texture": "#carrot_on_a_stick" },
				"south": { "uv": [ 13.125, 14, 14.25, 14.125 ], "texture": "#carrot_on_a_stick" },
				"west": { "uv": [ 6.5, 12.375, 6.625, 12.5 ], "texture": "#carrot_on_a_stick" },
				"east": { "uv": [ 6.75, 11, 6.625, 11.125 ], "texture": "#carrot_on_a_stick" }
			}
		},
		{
			
			"from": [ 3.5, 11, -6 ],
			"to": [ 8, 13.5, -5.5 ],
			"faces": {
				"down": { "uv": [ 14.875, 15.25, 16, 15.375 ], "texture": "#carrot_on_a_stick" },
				"up": { "uv": [ 14.875, 15.25, 16, 15.125 ], "texture": "#carrot_on_a_stick" },
				"north": { "uv": [ 5.125, 14.75, 4, 15.375 ], "texture": "#carrot_on_a_stick" },
				"south": { "uv": [ 4, 14.125, 5.125, 14.75 ], "texture": "#carrot_on_a_stick" },
				"west": { "uv": [ 3.875, 12.25, 4, 12.875 ], "texture": "#carrot_on_a_stick" },
				"east": { "uv": [ 3.875, 12.25, 3.75, 12.875 ], "texture": "#carrot_on_a_stick" }
			}
		},
		{
			
			"from": [ 3.5, 11, 1 ],
			"to": [ 8, 13.5, 1.5 ],
			"faces": {
				"down": { "uv": [ 8.375, 11, 9.5, 11.125 ], "texture": "#carrot_on_a_stick" },
				"up": { "uv": [ 8.375, 11.25, 9.5, 11.125 ], "texture": "#carrot_on_a_stick" },
				"north": { "uv": [ 5.125, 11.625, 4, 12.25 ], "texture": "#carrot_on_a_stick" },
				"south": { "uv": [ 4, 15.375, 5.125, 16 ], "texture": "#carrot_on_a_stick" },
				"west": { "uv": [ 3.75, 11.625, 3.875, 12.25 ], "texture": "#carrot_on_a_stick" },
				"east": { "uv": [ 4, 11.625, 3.875, 12.25 ], "texture": "#carrot_on_a_stick" }
			}
		},
		{
			
			"from": [ 3.5, 14, -5.5 ],
			"to": [ 8, 14.5, -5 ],
			"faces": {
				"down": { "uv": [ 9.75, 13.625, 10.875, 13.75 ], "texture": "#carrot_on_a_stick" },
				"up": { "uv": [ 10.875, 13.75, 12, 13.625 ], "texture": "#carrot_on_a_stick" },
				"north": { "uv": [ 13.125, 13.625, 12, 13.75 ], "texture": "#carrot_on_a_stick" },
				"south": { "uv": [ 14.875, 15.375, 16, 15.5 ], "texture": "#carrot_on_a_stick" },
				"west": { "uv": [ 6.5, 14.75, 6.625, 14.875 ], "texture": "#carrot_on_a_stick" },
				"east": { "uv": [ 6.75, 14.75, 6.625, 14.875 ], "texture": "#carrot_on_a_stick" }
			}
		},
		{
			
			"from": [ 3.5, 14, 0.5 ],
			"to": [ 8, 14.5, 1 ],
			"faces": {
				"down": { "uv": [ 14.875, 15, 16, 15.125 ], "texture": "#carrot_on_a_stick" },
				"up": { "uv": [ 8.375, 11.625, 9.5, 11.5 ], "texture": "#carrot_on_a_stick" },
				"north": { "uv": [ 9.5, 11.375, 8.375, 11.5 ], "texture": "#carrot_on_a_stick" },
				"south": { "uv": [ 8.375, 11.25, 9.5, 11.375 ], "texture": "#carrot_on_a_stick" },
				"west": { "uv": [ 6.5, 14.625, 6.625, 14.75 ], "texture": "#carrot_on_a_stick" },
				"east": { "uv": [ 6.75, 14.625, 6.625, 14.75 ], "texture": "#carrot_on_a_stick" }
			}
		},
		{
			
			"from": [ 3.5, 14.5, -5 ],
			"to": [ 8, 15, -4.5 ],
			"faces": {
				"down": { "uv": [ 8.375, 10.875, 9.5, 11 ], "texture": "#carrot_on_a_stick" },
				"up": { "uv": [ 8.375, 10.875, 9.5, 10.75 ], "texture": "#carrot_on_a_stick" },
				"north": { "uv": [ 9.5, 10.625, 8.375, 10.75 ], "texture": "#carrot_on_a_stick" },
				"south": { "uv": [ 8.375, 10.5, 9.5, 10.625 ], "texture": "#carrot_on_a_stick" },
				"west": { "uv": [ 6.5, 14.5, 6.625, 14.625 ], "texture": "#carrot_on_a_stick" },
				"east": { "uv": [ 6.75, 14.5, 6.625, 14.625 ], "texture": "#carrot_on_a_stick" }
			}
		},
		{
			
			"from": [ 3.5, 14.5, 0 ],
			"to": [ 8, 15, 0.5 ],
			"faces": {
				"down": { "uv": [ 8.375, 10.125, 9.5, 10.25 ], "texture": "#carrot_on_a_stick" },
				"up": { "uv": [ 8.375, 9.875, 9.5, 9.75 ], "texture": "#carrot_on_a_stick" },
				"north": { "uv": [ 9.5, 9.625, 8.375, 9.75 ], "texture": "#carrot_on_a_stick" },
				"south": { "uv": [ 8.375, 9, 9.5, 9.125 ], "texture": "#carrot_on_a_stick" },
				"west": { "uv": [ 6.5, 14.375, 6.625, 14.5 ], "texture": "#carrot_on_a_stick" },
				"east": { "uv": [ 6.75, 14.375, 6.625, 14.5 ], "texture": "#carrot_on_a_stick" }
			}
		},
		{
			
			"from": [ 3.5, 15, -4.5 ],
			"to": [ 8, 15.5, -4 ],
			"faces": {
				"down": { "uv": [ 8.375, 8.375, 9.5, 8.5 ], "texture": "#carrot_on_a_stick" },
				"up": { "uv": [ 10.875, 14.25, 12, 14.125 ], "texture": "#carrot_on_a_stick" },
				"north": { "uv": [ 13.125, 14.125, 12, 14.25 ], "texture": "#carrot_on_a_stick" },
				"south": { "uv": [ 13.125, 14.125, 14.25, 14.25 ], "texture": "#carrot_on_a_stick" },
				"west": { "uv": [ 6.5, 14.25, 6.625, 14.375 ], "texture": "#carrot_on_a_stick" },
				"east": { "uv": [ 6.75, 14.25, 6.625, 14.375 ], "texture": "#carrot_on_a_stick" }
			}
		},
		{
			
			"from": [ 3.5, 15, -0.5 ],
			"to": [ 8, 15.5, 0 ],
			"faces": {
				"down": { "uv": [ 14.25, 13.875, 15.375, 14 ], "texture": "#carrot_on_a_stick" },
				"up": { "uv": [ 9.75, 13.875, 10.875, 13.75 ], "texture": "#carrot_on_a_stick" },
				"north": { "uv": [ 14.25, 13.75, 13.125, 13.875 ], "texture": "#carrot_on_a_stick" },
				"south": { "uv": [ 14.25, 13.75, 15.375, 13.875 ], "texture": "#carrot_on_a_stick" },
				"west": { "uv": [ 6.5, 14.125, 6.625, 14.25 ], "texture": "#carrot_on_a_stick" },
				"east": { "uv": [ 6.75, 14.125, 6.625, 14.25 ], "texture": "#carrot_on_a_stick" }
			}
		},
		{
			
			"from": [ 3.5, 15.5, -3.5 ],
			"to": [ 8, 16, -1 ],
			"faces": {
				"down": { "uv": [ 4, 12.875, 5.125, 13.5 ], "texture": "#carrot_on_a_stick" },
				"up": { "uv": [ 4, 14.125, 5.125, 13.5 ], "texture": "#carrot_on_a_stick" },
				"north": { "uv": [ 9.5, 10.375, 8.375, 10.5 ], "texture": "#carrot_on_a_stick" },
				"south": { "uv": [ 8.375, 10.25, 9.5, 10.375 ], "texture": "#carrot_on_a_stick" },
				"west": { "uv": [ 10.75, 12.875, 11.375, 13 ], "texture": "#carrot_on_a_stick" },
				"east": { "uv": [ 12, 12.875, 11.375, 13 ], "texture": "#carrot_on_a_stick" }
			}
		},
		{
			
			"from": [ 4, 8.5, -4 ],
			"to": [ 7.5, 9, -3.5 ],
			"faces": {
				"down": { "uv": [ 9.875, 12.125, 10.75, 12.25 ], "texture": "#carrot_on_a_stick" },
				"up": { "uv": [ 9.875, 12.125, 10.75, 12 ], "texture": "#carrot_on_a_stick" },
				"north": { "uv": [ 10.75, 11.875, 9.875, 12 ], "texture": "#carrot_on_a_stick" },
				"south": { "uv": [ 9.875, 11.75, 10.75, 11.875 ], "texture": "#carrot_on_a_stick" },
				"west": { "uv": [ 6.5, 14, 6.625, 14.125 ], "texture": "#carrot_on_a_stick" },
				"east": { "uv": [ 6.75, 14, 6.625, 14.125 ], "texture": "#carrot_on_a_stick" }
			}
		},
		{
			
			"from": [ 4, 8.5, -1 ],
			"to": [ 7.5, 9, -0.5 ],
			"faces": {
				"down": { "uv": [ 9.875, 11.375, 10.75, 11.5 ], "texture": "#carrot_on_a_stick" },
				"up": { "uv": [ 9.875, 11.375, 10.75, 11.25 ], "texture": "#carrot_on_a_stick" },
				"north": { "uv": [ 10.75, 11.125, 9.875, 11.25 ], "texture": "#carrot_on_a_stick" },
				"south": { "uv": [ 9.875, 11, 10.75, 11.125 ], "texture": "#carrot_on_a_stick" },
				"west": { "uv": [ 6.5, 13.875, 6.625, 14 ], "texture": "#carrot_on_a_stick" },
				"east": { "uv": [ 6.75, 13.875, 6.625, 14 ], "texture": "#carrot_on_a_stick" }
			}
		},
		{
			
			"from": [ 4, 9, -5 ],
			"to": [ 7.5, 9.5, -4.5 ],
			"faces": {
				"down": { "uv": [ 9.875, 10.625, 10.75, 10.75 ], "texture": "#carrot_on_a_stick" },
				"up": { "uv": [ 9.875, 10.625, 10.75, 10.5 ], "texture": "#carrot_on_a_stick" },
				"north": { "uv": [ 10.75, 10.375, 9.875, 10.5 ], "texture": "#carrot_on_a_stick" },
				"south": { "uv": [ 9.875, 10.25, 10.75, 10.375 ], "texture": "#carrot_on_a_stick" },
				"west": { "uv": [ 6.5, 13.75, 6.625, 13.875 ], "texture": "#carrot_on_a_stick" },
				"east": { "uv": [ 6.75, 13.75, 6.625, 13.875 ], "texture": "#carrot_on_a_stick" }
			}
		},
		{
			
			"from": [ 4, 9, 0 ],
			"to": [ 7.5, 9.5, 0.5 ],
			"faces": {
				"down": { "uv": [ 9.875, 9.875, 10.75, 10 ], "texture": "#carrot_on_a_stick" },
				"up": { "uv": [ 9.875, 9.875, 10.75, 9.75 ], "texture": "#carrot_on_a_stick" },
				"north": { "uv": [ 10.75, 9.625, 9.875, 9.75 ], "texture": "#carrot_on_a_stick" },
				"south": { "uv": [ 9.875, 9.5, 10.75, 9.625 ], "texture": "#carrot_on_a_stick" },
				"west": { "uv": [ 6.625, 11.5, 6.75, 11.625 ], "texture": "#carrot_on_a_stick" },
				"east": { "uv": [ 6.625, 13.625, 6.5, 13.75 ], "texture": "#carrot_on_a_stick" }
			}
		},
		{
			
			"from": [ 4, 9.5, -5.5 ],
			"to": [ 7.5, 10, -5 ],
			"faces": {
				"down": { "uv": [ 9.875, 9.125, 10.75, 9.25 ], "texture": "#carrot_on_a_stick" },
				"up": { "uv": [ 9.875, 9.125, 10.75, 9 ], "texture": "#carrot_on_a_stick" },
				"north": { "uv": [ 10.75, 8.875, 9.875, 9 ], "texture": "#carrot_on_a_stick" },
				"south": { "uv": [ 9.875, 8.75, 10.75, 8.875 ], "texture": "#carrot_on_a_stick" },
				"west": { "uv": [ 6.625, 11.25, 6.75, 11.375 ], "texture": "#carrot_on_a_stick" },
				"east": { "uv": [ 6.625, 11.25, 6.5, 11.375 ], "texture": "#carrot_on_a_stick" }
			}
		},
		{
			
			"from": [ 4, 9.5, 0.5 ],
			"to": [ 7.5, 10, 1 ],
			"faces": {
				"down": { "uv": [ 9.875, 8.625, 10.75, 8.75 ], "texture": "#carrot_on_a_stick" },
				"up": { "uv": [ 9.875, 8.625, 10.75, 8.5 ], "texture": "#carrot_on_a_stick" },
				"north": { "uv": [ 10.75, 8.375, 9.875, 8.5 ], "texture": "#carrot_on_a_stick" },
				"south": { "uv": [ 9.875, 8.25, 10.75, 8.375 ], "texture": "#carrot_on_a_stick" },
				"west": { "uv": [ 6.625, 11.625, 6.75, 11.75 ], "texture": "#carrot_on_a_stick" },
				"east": { "uv": [ 6.625, 11.625, 6.5, 11.75 ], "texture": "#carrot_on_a_stick" }
			}
		},
		{
			
			"from": [ 4, 10.5, -6 ],
			"to": [ 7.5, 11, -5.5 ],
			"faces": {
				"down": { "uv": [ 13.125, 13.625, 14, 13.75 ], "texture": "#carrot_on_a_stick" },
				"up": { "uv": [ 14, 13.75, 14.875, 13.625 ], "texture": "#carrot_on_a_stick" },
				"north": { "uv": [ 15.75, 13.625, 14.875, 13.75 ], "texture": "#carrot_on_a_stick" },
				"south": { "uv": [ 9.75, 13.5, 10.625, 13.625 ], "texture": "#carrot_on_a_stick" },
				"west": { "uv": [ 6.5, 12, 6.625, 12.125 ], "texture": "#carrot_on_a_stick" },
				"east": { "uv": [ 6.75, 12.25, 6.625, 12.375 ], "texture": "#carrot_on_a_stick" }
			}
		},
		{
			
			"from": [ 4, 10.5, 1 ],
			"to": [ 7.5, 11, 1.5 ],
			"faces": {
				"down": { "uv": [ 10.625, 13.5, 11.5, 13.625 ], "texture": "#carrot_on_a_stick" },
				"up": { "uv": [ 11.5, 13.625, 12.375, 13.5 ], "texture": "#carrot_on_a_stick" },
				"north": { "uv": [ 13.25, 13.5, 12.375, 13.625 ], "texture": "#carrot_on_a_stick" },
				"south": { "uv": [ 13.25, 13.5, 14.125, 13.625 ], "texture": "#carrot_on_a_stick" },
				"west": { "uv": [ 6.625, 13.5, 6.75, 13.625 ], "texture": "#carrot_on_a_stick" },
				"east": { "uv": [ 6.625, 13.375, 6.5, 13.5 ], "texture": "#carrot_on_a_stick" }
			}
		},
		{
			
			"from": [ 4, 13.5, -6 ],
			"to": [ 7.5, 14, -5.5 ],
			"faces": {
				"down": { "uv": [ 14.125, 13.5, 15, 13.625 ], "texture": "#carrot_on_a_stick" },
				"up": { "uv": [ 15, 13.625, 15.875, 13.5 ], "texture": "#carrot_on_a_stick" },
				"north": { "uv": [ 10.625, 13.375, 9.75, 13.5 ], "texture": "#carrot_on_a_stick" },
				"south": { "uv": [ 10.625, 13.375, 11.5, 13.5 ], "texture": "#carrot_on_a_stick" },
				"west": { "uv": [ 6.625, 13.125, 6.75, 13.25 ], "texture": "#carrot_on_a_stick" },
				"east": { "uv": [ 6.625, 13, 6.5, 13.125 ], "texture": "#carrot_on_a_stick" }
			}
		},
		{
			
			"from": [ 4, 13.5, 1 ],
			"to": [ 7.5, 14, 1.5 ],
			"faces": {
				"down": { "uv": [ 11.5, 13.375, 12.375, 13.5 ], "texture": "#carrot_on_a_stick" },
				"up": { "uv": [ 12.375, 13.5, 13.25, 13.375 ], "texture": "#carrot_on_a_stick" },
				"north": { "uv": [ 14.125, 13.375, 13.25, 13.5 ], "texture": "#carrot_on_a_stick" },
				"south": { "uv": [ 14.125, 13.375, 15, 13.5 ], "texture": "#carrot_on_a_stick" },
				"west": { "uv": [ 6.625, 13.625, 6.75, 13.75 ], "texture": "#carrot_on_a_stick" },
				"east": { "uv": [ 6.625, 13.5, 6.5, 13.625 ], "texture": "#carrot_on_a_stick" }
			}
		},
		{
			
			"from": [ 4, 14.5, -5.5 ],
			"to": [ 7.5, 15, -5 ],
			"faces": {
				"down": { "uv": [ 15, 13.375, 15.875, 13.5 ], "texture": "#carrot_on_a_stick" },
				"up": { "uv": [ 9.875, 13.375, 10.75, 13.25 ], "texture": "#carrot_on_a_stick" },
				"north": { "uv": [ 11.625, 13.25, 10.75, 13.375 ], "texture": "#carrot_on_a_stick" },
				"south": { "uv": [ 11.625, 13.25, 12.5, 13.375 ], "texture": "#carrot_on_a_stick" },
				"west": { "uv": [ 6.625, 12.875, 6.75, 13 ], "texture": "#carrot_on_a_stick" },
				"east": { "uv": [ 6.625, 12.75, 6.5, 12.875 ], "texture": "#carrot_on_a_stick" }
			}
		},
		{
			
			"from": [ 4, 14.5, 0.5 ],
			"to": [ 7.5, 15, 1 ],
			"faces": {
				"down": { "uv": [ 12.5, 13.25, 13.375, 13.375 ], "texture": "#carrot_on_a_stick" },
				"up": { "uv": [ 13.375, 13.375, 14.25, 13.25 ], "texture": "#carrot_on_a_stick" },
				"north": { "uv": [ 15.125, 13.25, 14.25, 13.375 ], "texture": "#carrot_on_a_stick" },
				"south": { "uv": [ 15.125, 13.25, 16, 13.375 ], "texture": "#carrot_on_a_stick" },
				"west": { "uv": [ 6.625, 13.25, 6.75, 13.375 ], "texture": "#carrot_on_a_stick" },
				"east": { "uv": [ 6.625, 13.125, 6.5, 13.25 ], "texture": "#carrot_on_a_stick" }
			}
		},
		{
			
			"from": [ 4, 15, -5 ],
			"to": [ 7.5, 15.5, -4.5 ],
			"faces": {
				"down": { "uv": [ 9.875, 13.125, 10.75, 13.25 ], "texture": "#carrot_on_a_stick" },
				"up": { "uv": [ 9.875, 13.125, 10.75, 13 ], "texture": "#carrot_on_a_stick" },
				"north": { "uv": [ 10.75, 12.875, 9.875, 13 ], "texture": "#carrot_on_a_stick" },
				"south": { "uv": [ 9.875, 12.75, 10.75, 12.875 ], "texture": "#carrot_on_a_stick" },
				"west": { "uv": [ 6.625, 12.75, 6.75, 12.875 ], "texture": "#carrot_on_a_stick" },
				"east": { "uv": [ 6.625, 12.625, 6.5, 12.75 ], "texture": "#carrot_on_a_stick" }
			}
		},
		{
			
			"from": [ 4, 15, 0 ],
			"to": [ 7.5, 15.5, 0.5 ],
			"faces": {
				"down": { "uv": [ 9.875, 12.625, 10.75, 12.75 ], "texture": "#carrot_on_a_stick" },
				"up": { "uv": [ 9.875, 12.625, 10.75, 12.5 ], "texture": "#carrot_on_a_stick" },
				"north": { "uv": [ 10.75, 12.375, 9.875, 12.5 ], "texture": "#carrot_on_a_stick" },
				"south": { "uv": [ 9.875, 12.25, 10.75, 12.375 ], "texture": "#carrot_on_a_stick" },
				"west": { "uv": [ 6.625, 13.375, 6.75, 13.5 ], "texture": "#carrot_on_a_stick" },
				"east": { "uv": [ 6.625, 13.25, 6.5, 13.375 ], "texture": "#carrot_on_a_stick" }
			}
		},
		{
			
			"from": [ 4, 15.5, -4 ],
			"to": [ 7.5, 16, -3.5 ],
			"faces": {
				"down": { "uv": [ 9.875, 11.625, 10.75, 11.75 ], "texture": "#carrot_on_a_stick" },
				"up": { "uv": [ 9.875, 11.625, 10.75, 11.5 ], "texture": "#carrot_on_a_stick" },
				"north": { "uv": [ 10.75, 10.875, 9.875, 11 ], "texture": "#carrot_on_a_stick" },
				"south": { "uv": [ 9.875, 10.75, 10.75, 10.875 ], "texture": "#carrot_on_a_stick" },
				"west": { "uv": [ 6.625, 13, 6.75, 13.125 ], "texture": "#carrot_on_a_stick" },
				"east": { "uv": [ 6.625, 12.875, 6.5, 13 ], "texture": "#carrot_on_a_stick" }
			}
		},
		{
			
			"from": [ 4, 15.5, -1 ],
			"to": [ 7.5, 16, -0.5 ],
			"faces": {
				"down": { "uv": [ 9.875, 10.125, 10.75, 10.25 ], "texture": "#carrot_on_a_stick" },
				"up": { "uv": [ 9.875, 10.125, 10.75, 10 ], "texture": "#carrot_on_a_stick" },
				"north": { "uv": [ 10.75, 9.375, 9.875, 9.5 ], "texture": "#carrot_on_a_stick" },
				"south": { "uv": [ 9.875, 9.25, 10.75, 9.375 ], "texture": "#carrot_on_a_stick" },
				"west": { "uv": [ 6.625, 12.625, 6.75, 12.75 ], "texture": "#carrot_on_a_stick" },
				"east": { "uv": [ 6.625, 11, 6.5, 11.125 ], "texture": "#carrot_on_a_stick" }
			}
		},
		{
			
			"from": [ 4.5, 8, -3.5 ],
			"to": [ 7, 8.5, -1 ],
			"faces": {
				"down": { "uv": [ 7.375, 11.875, 8, 12.5 ], "texture": "#carrot_on_a_stick" },
				"up": { "uv": [ 6.75, 12.5, 7.375, 11.875 ], "texture": "#carrot_on_a_stick" },
				"north": { "uv": [ 15.875, 14.375, 15.25, 14.5 ], "texture": "#carrot_on_a_stick" },
				"south": { "uv": [ 15.25, 14.25, 15.875, 14.375 ], "texture": "#carrot_on_a_stick" },
				"west": { "uv": [ 15.375, 14.125, 16, 14.25 ], "texture": "#carrot_on_a_stick" },
				"east": { "uv": [ 15.875, 14.625, 15.25, 14.75 ], "texture": "#carrot_on_a_stick" }
			}
		},
		{
			
			"from": [ 4.5, 8.5, -4.5 ],
			"to": [ 7, 9, -4 ],
			"faces": {
				"down": { "uv": [ 15.375, 14, 16, 14.125 ], "texture": "#carrot_on_a_stick" },
				"up": { "uv": [ 15.375, 14, 16, 13.875 ], "texture": "#carrot_on_a_stick" },
				"north": { "uv": [ 16, 13.75, 15.375, 13.875 ], "texture": "#carrot_on_a_stick" },
				"south": { "uv": [ 9.875, 8.125, 10.5, 8.25 ], "texture": "#carrot_on_a_stick" },
				"west": { "uv": [ 6.625, 11.125, 6.75, 11.25 ], "texture": "#carrot_on_a_stick" },
				"east": { "uv": [ 6.625, 11.125, 6.5, 11.25 ], "texture": "#carrot_on_a_stick" }
			}
		},
		{
			
			"from": [ 4.5, 8.5, -0.5 ],
			"to": [ 7, 9, 0 ],
			"faces": {
				"down": { "uv": [ 9.875, 8, 10.5, 8.125 ], "texture": "#carrot_on_a_stick" },
				"up": { "uv": [ 10.75, 13.25, 11.375, 13.125 ], "texture": "#carrot_on_a_stick" },
				"north": { "uv": [ 15.125, 12.875, 14.5, 13 ], "texture": "#carrot_on_a_stick" },
				"south": { "uv": [ 12, 13.125, 12.625, 13.25 ], "texture": "#carrot_on_a_stick" },
				"west": { "uv": [ 6.625, 12.375, 6.75, 12.5 ], "texture": "#carrot_on_a_stick" },
				"east": { "uv": [ 6.625, 12.25, 6.5, 12.375 ], "texture": "#carrot_on_a_stick" }
			}
		},
		{
			
			"from": [ 4.5, 10, -6 ],
			"to": [ 7, 10.5, -5.5 ],
			"faces": {
				"down": { "uv": [ 12.625, 13.125, 13.25, 13.25 ], "texture": "#carrot_on_a_stick" },
				"up": { "uv": [ 13.25, 13.25, 13.875, 13.125 ], "texture": "#carrot_on_a_stick" },
				"north": { "uv": [ 14.5, 13.125, 13.875, 13.25 ], "texture": "#carrot_on_a_stick" },
				"south": { "uv": [ 14.5, 13.125, 15.125, 13.25 ], "texture": "#carrot_on_a_stick" },
				"west": { "uv": [ 6.625, 12, 6.75, 12.125 ], "texture": "#carrot_on_a_stick" },
				"east": { "uv": [ 6.625, 11.875, 6.5, 12 ], "texture": "#carrot_on_a_stick" }
			}
		},
		{
			
			"from": [ 4.5, 10, 1 ],
			"to": [ 7, 10.5, 1.5 ],
			"faces": {
				"down": { "uv": [ 15.125, 13.125, 15.75, 13.25 ], "texture": "#carrot_on_a_stick" },
				"up": { "uv": [ 10.75, 13.125, 11.375, 13 ], "texture": "#carrot_on_a_stick" },
				"north": { "uv": [ 12, 13, 11.375, 13.125 ], "texture": "#carrot_on_a_stick" },
				"south": { "uv": [ 12, 13, 12.625, 13.125 ], "texture": "#carrot_on_a_stick" },
				"west": { "uv": [ 6.5, 11.375, 6.625, 11.5 ], "texture": "#carrot_on_a_stick" },
				"east": { "uv": [ 6.75, 11.375, 6.625, 11.5 ], "texture": "#carrot_on_a_stick" }
			}
		},
		{
			
			"from": [ 4.5, 11, -6.5 ],
			"to": [ 7, 13.5, -6 ],
			"faces": {
				"down": { "uv": [ 14.5, 13, 15.125, 13.125 ], "texture": "#carrot_on_a_stick" },
				"up": { "uv": [ 15.125, 13.125, 15.75, 13 ], "texture": "#carrot_on_a_stick" },
				"north": { "uv": [ 4.625, 8.5, 4, 9.125 ], "texture": "#carrot_on_a_stick" },
				"south": { "uv": [ 6.75, 10.625, 7.375, 11.25 ], "texture": "#carrot_on_a_stick" },
				"west": { "uv": [ 3.75, 11, 3.875, 11.625 ], "texture": "#carrot_on_a_stick" },
				"east": { "uv": [ 4, 11, 3.875, 11.625 ], "texture": "#carrot_on_a_stick" }
			}
		},
		{
			
			"from": [ 4.5, 11, 1.5 ],
			"to": [ 7, 13.5, 2 ],
			"faces": {
				"down": { "uv": [ 12, 12.875, 12.625, 13 ], "texture": "#carrot_on_a_stick" },
				"up": { "uv": [ 12.625, 13, 13.25, 12.875 ], "texture": "#carrot_on_a_stick" },
				"north": { "uv": [ 4.625, 9.125, 4, 9.75 ], "texture": "#carrot_on_a_stick" },
				"south": { "uv": [ 4, 9.75, 4.625, 10.375 ], "texture": "#carrot_on_a_stick" },
				"west": { "uv": [ 3.75, 10.375, 3.875, 11 ], "texture": "#carrot_on_a_stick" },
				"east": { "uv": [ 4, 10.375, 3.875, 11 ], "texture": "#carrot_on_a_stick" }
			}
		},
		{
			
			"from": [ 4.5, 14, -6 ],
			"to": [ 7, 14.5, -5.5 ],
			"faces": {
				"down": { "uv": [ 13.25, 12.875, 13.875, 13 ], "texture": "#carrot_on_a_stick" },
				"up": { "uv": [ 13.875, 13, 14.5, 12.875 ], "texture": "#carrot_on_a_stick" },
				"north": { "uv": [ 15.75, 12.875, 15.125, 13 ], "texture": "#carrot_on_a_stick" },
				"south": { "uv": [ 10.75, 12.75, 11.375, 12.875 ], "texture": "#carrot_on_a_stick" },
				"west": { "uv": [ 6.625, 11.875, 6.75, 12 ], "texture": "#carrot_on_a_stick" },
				"east": { "uv": [ 6.625, 11.5, 6.5, 11.625 ], "texture": "#carrot_on_a_stick" }
			}
		},
		{
			
			"from": [ 4.5, 14, 1 ],
			"to": [ 7, 14.5, 1.5 ],
			"faces": {
				"down": { "uv": [ 11.375, 13.125, 12, 13.25 ], "texture": "#carrot_on_a_stick" },
				"up": { "uv": [ 11.375, 12.875, 12, 12.75 ], "texture": "#carrot_on_a_stick" },
				"north": { "uv": [ 12.625, 12.75, 12, 12.875 ], "texture": "#carrot_on_a_stick" },
				"south": { "uv": [ 12.625, 12.75, 13.25, 12.875 ], "texture": "#carrot_on_a_stick" },
				"west": { "uv": [ 6.5, 12.5, 6.625, 12.625 ], "texture": "#carrot_on_a_stick" },
				"east": { "uv": [ 6.75, 12.5, 6.625, 12.625 ], "texture": "#carrot_on_a_stick" }
			}
		},
		{
			
			"from": [ 4.5, 15.5, -4.5 ],
			"to": [ 7, 16, -4 ],
			"faces": {
				"down": { "uv": [ 13.25, 12.75, 13.875, 12.875 ], "texture": "#carrot_on_a_stick" },
				"up": { "uv": [ 13.875, 12.875, 14.5, 12.75 ], "texture": "#carrot_on_a_stick" },
				"north": { "uv": [ 15.125, 12.75, 14.5, 12.875 ], "texture": "#carrot_on_a_stick" },
				"south": { "uv": [ 15.125, 12.75, 15.75, 12.875 ], "texture": "#carrot_on_a_stick" },
				"west": { "uv": [ 6.5, 12.125, 6.625, 12.25 ], "texture": "#carrot_on_a_stick" },
				"east": { "uv": [ 6.75, 12.125, 6.625, 12.25 ], "texture": "#carrot_on_a_stick" }
			}
		},
		{
			
			"from": [ 4.5, 15.5, -0.5 ],
			"to": [ 7, 16, 0 ],
			"faces": {
				"down": { "uv": [ 10.75, 12.625, 11.375, 12.75 ], "texture": "#carrot_on_a_stick" },
				"up": { "uv": [ 11.375, 12.75, 12, 12.625 ], "texture": "#carrot_on_a_stick" },
				"north": { "uv": [ 12.625, 12.625, 12, 12.75 ], "texture": "#carrot_on_a_stick" },
				"south": { "uv": [ 12.625, 12.625, 13.25, 12.75 ], "texture": "#carrot_on_a_stick" },
				"west": { "uv": [ 6.5, 11.75, 6.625, 11.875 ], "texture": "#carrot_on_a_stick" },
				"east": { "uv": [ 6.75, 11.75, 6.625, 11.875 ], "texture": "#carrot_on_a_stick" }
			}
		},
		{
			
			"from": [ 4.5, 16, -3.5 ],
			"to": [ 7, 16.5, -1 ],
			"faces": {
				"down": { "uv": [ 7.375, 10.625, 8, 11.25 ], "texture": "#carrot_on_a_stick" },
				"up": { "uv": [ 6.75, 11.875, 7.375, 11.25 ], "texture": "#carrot_on_a_stick" },
				"north": { "uv": [ 13.875, 12.625, 13.25, 12.75 ], "texture": "#carrot_on_a_stick" },
				"south": { "uv": [ 13.875, 12.625, 14.5, 12.75 ], "texture": "#carrot_on_a_stick" },
				"west": { "uv": [ 14.5, 12.625, 15.125, 12.75 ], "texture": "#carrot_on_a_stick" },
				"east": { "uv": [ 15.875, 14.75, 15.25, 14.875 ], "texture": "#carrot_on_a_stick" }
			}
		},
		{
			
			"from": [ 5, 16.5, -3 ],
			"to": [ 6.5, 17.5, -1.5 ],
			"faces": {
				"down": { "uv": [ 3.5, 8.75, 3.875, 9.125 ], "texture": "#carrot_on_a_stick" },
				"up": { "uv": [ 3.5, 9.75, 3.875, 9.375 ], "texture": "#carrot_on_a_stick" },
				"north": { "uv": [ 3.875, 8, 3.5, 8.25 ], "texture": "#carrot_on_a_stick" },
				"south": { "uv": [ 3.5, 8.25, 3.875, 8.5 ], "texture": "#carrot_on_a_stick" },
				"west": { "uv": [ 3.5, 8.5, 3.875, 8.75 ], "texture": "#carrot_on_a_stick" },
				"east": { "uv": [ 3.875, 9.125, 3.5, 9.375 ], "texture": "#carrot_on_a_stick" }
			}
		},
		{
			
			"from": [ 5.5, 9, -5.5 ],
			"to": [ 6, 9.5, -5 ],
			"faces": {
				"down": { "uv": [ 6.5, 10.875, 6.625, 11 ], "texture": "#carrot_on_a_stick" },
				"up": { "uv": [ 6.625, 11, 6.75, 10.875 ], "texture": "#carrot_on_a_stick" },
				"north": { "uv": [ 6.625, 10.75, 6.5, 10.875 ], "texture": "#carrot_on_a_stick" },
				"south": { "uv": [ 6.625, 10.75, 6.75, 10.875 ], "texture": "#carrot_on_a_stick" },
				"west": { "uv": [ 6.5, 10.625, 6.625, 10.75 ], "texture": "#carrot_on_a_stick" },
				"east": { "uv": [ 6.75, 10.625, 6.625, 10.75 ], "texture": "#carrot_on_a_stick" }
			}
		},
		{
			
			"from": [ 5.5, 9, 0.5 ],
			"to": [ 6, 9.5, 1 ],
			"faces": {
				"down": { "uv": [ 6.5, 10.5, 6.625, 10.625 ], "texture": "#carrot_on_a_stick" },
				"up": { "uv": [ 6.625, 10.625, 6.75, 10.5 ], "texture": "#carrot_on_a_stick" },
				"north": { "uv": [ 6.625, 10.375, 6.5, 10.5 ], "texture": "#carrot_on_a_stick" },
				"south": { "uv": [ 6.625, 10.375, 6.75, 10.5 ], "texture": "#carrot_on_a_stick" },
				"west": { "uv": [ 6.5, 10.25, 6.625, 10.375 ], "texture": "#carrot_on_a_stick" },
				"east": { "uv": [ 6.75, 10.25, 6.625, 10.375 ], "texture": "#carrot_on_a_stick" }
			}
		},
		{
			
			"from": [ 5.5, 15, -5.5 ],
			"to": [ 6, 15.5, -5 ],
			"faces": {
				"down": { "uv": [ 6.5, 10.125, 6.625, 10.25 ], "texture": "#carrot_on_a_stick" },
				"up": { "uv": [ 6.625, 10.25, 6.75, 10.125 ], "texture": "#carrot_on_a_stick" },
				"north": { "uv": [ 6.625, 10, 6.5, 10.125 ], "texture": "#carrot_on_a_stick" },
				"south": { "uv": [ 6.625, 10, 6.75, 10.125 ], "texture": "#carrot_on_a_stick" },
				"west": { "uv": [ 6.5, 9.875, 6.625, 10 ], "texture": "#carrot_on_a_stick" },
				"east": { "uv": [ 6.75, 9.875, 6.625, 10 ], "texture": "#carrot_on_a_stick" }
			}
		},
		{
			
			"from": [ 5.5, 15, 0.5 ],
			"to": [ 6, 15.5, 1 ],
			"faces": {
				"down": { "uv": [ 6.5, 9.75, 6.625, 9.875 ], "texture": "#carrot_on_a_stick" },
				"up": { "uv": [ 6.625, 9.875, 6.75, 9.75 ], "texture": "#carrot_on_a_stick" },
				"north": { "uv": [ 6.625, 9.625, 6.5, 9.75 ], "texture": "#carrot_on_a_stick" },
				"south": { "uv": [ 6.625, 9.625, 6.75, 9.75 ], "texture": "#carrot_on_a_stick" },
				"west": { "uv": [ 15.875, 15.875, 16, 16 ], "texture": "#carrot_on_a_stick" },
				"east": { "uv": [ 16, 15.75, 15.875, 15.875 ], "texture": "#carrot_on_a_stick" }
			}
		},
		{
			
			"from": [ 5.5, 17.5, -2.5 ],
			"to": [ 6, 18.5, -2 ],
			"faces": {
				"down": { "uv": [ 8, 12.375, 8.125, 12.5 ], "texture": "#carrot_on_a_stick" },
				"up": { "uv": [ 8.125, 12.5, 8.25, 12.375 ], "texture": "#carrot_on_a_stick" },
				"north": { "uv": [ 5.125, 8.625, 5, 8.875 ], "texture": "#carrot_on_a_stick" },
				"south": { "uv": [ 4.625, 8.125, 4.75, 8.375 ], "texture": "#carrot_on_a_stick" },
				"west": { "uv": [ 4.75, 8.125, 4.875, 8.375 ], "texture": "#carrot_on_a_stick" },
				"east": { "uv": [ 5, 8.125, 4.875, 8.375 ], "texture": "#carrot_on_a_stick" }
			}
		},
		{
			
			"from": [ 6, 18.5, -2.5 ],
			"to": [ 6.5, 19, -2 ],
			"faces": {
				"down": { "uv": [ 8, 12.125, 8.125, 12.25 ], "texture": "#carrot_on_a_stick" },
				"up": { "uv": [ 8.125, 12.25, 8.25, 12.125 ], "texture": "#carrot_on_a_stick" },
				"north": { "uv": [ 8.375, 12.125, 8.25, 12.25 ], "texture": "#carrot_on_a_stick" },
				"south": { "uv": [ 8, 12, 8.125, 12.125 ], "texture": "#carrot_on_a_stick" },
				"west": { "uv": [ 8, 11.875, 8.125, 12 ], "texture": "#carrot_on_a_stick" },
				"east": { "uv": [ 8.25, 12, 8.125, 12.125 ], "texture": "#carrot_on_a_stick" }
			}
		},
		{
			
			"from": [ 6, 19, -3 ],
			"to": [ 6.5, 19.5, -2.5 ],
			"faces": {
				"down": { "uv": [ 8.25, 12, 8.375, 12.125 ], "texture": "#carrot_on_a_stick" },
				"up": { "uv": [ 8.125, 12, 8.25, 11.875 ], "texture": "#carrot_on_a_stick" },
				"north": { "uv": [ 8.375, 11.875, 8.25, 12 ], "texture": "#carrot_on_a_stick" },
				"south": { "uv": [ 8, 11.75, 8.125, 11.875 ], "texture": "#carrot_on_a_stick" },
				"west": { "uv": [ 8.125, 11.75, 8.25, 11.875 ], "texture": "#carrot_on_a_stick" },
				"east": { "uv": [ 8.375, 11.75, 8.25, 11.875 ], "texture": "#carrot_on_a_stick" }
			}
		},
		{
			
			"from": [ 6.5, 19.5, -3 ],
			"to": [ 7, 20, -2.5 ],
			"faces": {
				"down": { "uv": [ 8, 11.625, 8.125, 11.75 ], "texture": "#carrot_on_a_stick" },
				"up": { "uv": [ 8.125, 11.75, 8.25, 11.625 ], "texture": "#carrot_on_a_stick" },
				"north": { "uv": [ 8.375, 11.625, 8.25, 11.75 ], "texture": "#carrot_on_a_stick" },
				"south": { "uv": [ 8, 11.5, 8.125, 11.625 ], "texture": "#carrot_on_a_stick" },
				"west": { "uv": [ 8.125, 11.5, 8.25, 11.625 ], "texture": "#carrot_on_a_stick" },
				"east": { "uv": [ 8.375, 11.5, 8.25, 11.625 ], "texture": "#carrot_on_a_stick" }
			}
		},
		{
			
			"from": [ 6.5, 20, -3.5 ],
			"to": [ 7.5, 20.5, -3 ],
			"faces": {
				"down": { "uv": [ 4.875, 8.375, 5.125, 8.5 ], "texture": "#carrot_on_a_stick" },
				"up": { "uv": [ 4.875, 8.125, 5.125, 8 ], "texture": "#carrot_on_a_stick" },
				"north": { "uv": [ 6.75, 15.5, 6.5, 15.625 ], "texture": "#carrot_on_a_stick" },
				"south": { "uv": [ 6.5, 15.375, 6.75, 15.5 ], "texture": "#carrot_on_a_stick" },
				"west": { "uv": [ 8.125, 11.25, 8.25, 11.375 ], "texture": "#carrot_on_a_stick" },
				"east": { "uv": [ 8.375, 11.25, 8.25, 11.375 ], "texture": "#carrot_on_a_stick" }
			}
		},
		{
			
			"from": [ 7.5, 20, -4 ],
			"to": [ 8, 20.5, -3.5 ],
			"faces": {
				"down": { "uv": [ 8, 11.125, 8.125, 11.25 ], "texture": "#carrot_on_a_stick" },
				"up": { "uv": [ 8.125, 11.25, 8.25, 11.125 ], "texture": "#carrot_on_a_stick" },
				"north": { "uv": [ 8.375, 11.125, 8.25, 11.25 ], "texture": "#carrot_on_a_stick" },
				"south": { "uv": [ 8, 11, 8.125, 11.125 ], "texture": "#carrot_on_a_stick" },
				"west": { "uv": [ 8.125, 11, 8.25, 11.125 ], "texture": "#carrot_on_a_stick" },
				"east": { "uv": [ 8.375, 11, 8.25, 11.125 ], "texture": "#carrot_on_a_stick" }
			}
		},
		{
			
			"from": [ 8, 19.5, -4.5 ],
			"to": [ 8.5, 20, -4 ],
			"faces": {
				"down": { "uv": [ 8, 10.875, 8.125, 11 ], "texture": "#carrot_on_a_stick" },
				"up": { "uv": [ 8.125, 11, 8.25, 10.875 ], "texture": "#carrot_on_a_stick" },
				"north": { "uv": [ 8.375, 10.875, 8.25, 11 ], "texture": "#carrot_on_a_stick" },
				"south": { "uv": [ 8, 10.75, 8.125, 10.875 ], "texture": "#carrot_on_a_stick" },
				"west": { "uv": [ 8, 10.625, 8.125, 10.75 ], "texture": "#carrot_on_a_stick" },
				"east": { "uv": [ 8.25, 10.75, 8.125, 10.875 ], "texture": "#carrot_on_a_stick" }
			}
		},
		{
			
			"from": [ 8.5, 19, -5 ],
			"to": [ 9, 19.5, -4.5 ],
			"faces": {
				"down": { "uv": [ 8.25, 10.75, 8.375, 10.875 ], "texture": "#carrot_on_a_stick" },
				"up": { "uv": [ 8.125, 10.75, 8.25, 10.625 ], "texture": "#carrot_on_a_stick" },
				"north": { "uv": [ 8.375, 10.625, 8.25, 10.75 ], "texture": "#carrot_on_a_stick" },
				"south": { "uv": [ 15.875, 15.625, 16, 15.75 ], "texture": "#carrot_on_a_stick" },
				"west": { "uv": [ 15.875, 15.5, 16, 15.625 ], "texture": "#carrot_on_a_stick" },
				"east": { "uv": [ 15.625, 14.875, 15.5, 15 ], "texture": "#carrot_on_a_stick" }
			}
		}
	],
	"display": {
		"thirdperson_righthand": {
			"rotation":  [ 49, -14, 0 ],
			"translation":  [ 0, -6.955, 3.4782 ],
			"scale":  [ 0.8, 0.8, 0.8 ]
		},
		"thirdperson_lefthand": {
			"rotation":  [ 49, -14, 0 ],
			"translation":  [ -3.478, -6.954, 3.4782 ],
			"scale":  [ 0.8, 0.8, 0.8 ]
		},
		"firstperson_righthand": {
			"rotation":  [ 0, -30, 0 ],
			"translation":  [ 0, -4.869, 4.8695 ]
		},
		"firstperson_lefthand": {
			"rotation":  [ 0, -30, 0 ],
			"translation":  [ -6.26, -2.086, 4.8695 ]
		},
		"gui": {
			"translation":  [ 2.0869, -6.26, 0 ]
		},
		"head": {
			"rotation":  [ 0, 180, 0 ],
			"translation":  [ -9.041, -15.99, -40.32 ],
			"scale":  [ 4, 4, 4 ]
		},
		"ground": {
			"translation":  [ 3.4782, -5.565, 8.3478 ]
		},
		"fixed": {
			"rotation":  [ 0, 180, 0 ],
			"translation":  [ -2.782, -5.564, -12.51 ]
		}
	}
}
}