{
	"__comment": "brown_dye",
	"textures": {
		"brown_dye": "item/brown_dye"
	},
	"elements": [ 	 
		{
			"__comment": "Voxels",
			"from": [ 8, 10, -11 ],
			"to": [ 20, 11, -10 ],
			"faces": {
				"down": { "uv": [ 5, 15.5, 11, 16 ], "texture": "#brown_dye" },
				"up": { "uv": [ 5, 15.5, 11, 15 ], "texture": "#brown_dye" },
				"north": { "uv": [ 11, 14.5, 5, 15 ], "texture": "#brown_dye" },
				"south": { "uv": [ 5, 14, 11, 14.5 ], "texture": "#brown_dye" },
				"west": { "uv": [ 6, 8, 6.5, 8.5 ], "texture": "#brown_dye" },
				"east": { "uv": [ 7, 8, 6.5, 8.5 ], "texture": "#brown_dye" }
			}
		},
		{
			"__comment": "Voxels",
			"from": [ 8, 10, -10 ],
			"to": [ 9, 11, -1 ],
			"faces": {
				"down": { "uv": [ 5, 9.5, 5.5, 14 ], "texture": "#brown_dye" },
				"up": { "uv": [ 5.5, 14, 6, 9.5 ], "texture": "#brown_dye" },
				"north": { "uv": [ 15.5, 13.5, 15, 14 ], "texture": "#brown_dye" },
				"south": { "uv": [ 15.5, 13.5, 16, 14 ], "texture": "#brown_dye" },
				"west": { "uv": [ 0, 8.5, 4.5, 9 ], "texture": "#brown_dye" },
				"east": { "uv": [ 4.5, 8, 0, 8.5 ], "texture": "#brown_dye" }
			}
		},
		{
			"__comment": "Voxels",
			"from": [ 8, 19, -2 ],
			"to": [ 9, 20, -1 ],
			"faces": {
				"down": { "uv": [ 11.5, 12.5, 12, 13 ], "texture": "#brown_dye" },
				"up": { "uv": [ 12, 13, 12.5, 12.5 ], "texture": "#brown_dye" },
				"north": { "uv": [ 13, 12.5, 12.5, 13 ], "texture": "#brown_dye" },
				"south": { "uv": [ 13, 12.5, 13.5, 13 ], "texture": "#brown_dye" },
				"west": { "uv": [ 14.5, 12.5, 15, 13 ], "texture": "#brown_dye" },
				"east": { "uv": [ 15.5, 12.5, 15, 13 ], "texture": "#brown_dye" }
			}
		},
		{
			"__comment": "Voxels",
			"from": [ 9, 8, -2 ],
			"to": [ 19, 12, -1 ],
			"faces": {
				"down": { "uv": [ 0, 9.5, 5, 10 ], "texture": "#brown_dye" },
				"up": { "uv": [ 0, 9.5, 5, 9 ], "texture": "#brown_dye" },
				"north": { "uv": [ 5, 14, 0, 16 ], "texture": "#brown_dye" },
				"south": { "uv": [ 0, 12, 5, 14 ], "texture": "#brown_dye" },
				"west": { "uv": [ 11, 9, 11.5, 11 ], "texture": "#brown_dye" },
				"east": { "uv": [ 11.5, 11, 11, 13 ], "texture": "#brown_dye" }
			}
		},
		{
			"__comment": "Voxels",
			"from": [ 9, 18, -2 ],
			"to": [ 10, 19, -1 ],
			"faces": {
				"down": { "uv": [ 15.5, 12.5, 16, 13 ], "texture": "#brown_dye" },
				"up": { "uv": [ 11.5, 12.5, 12, 12 ], "texture": "#brown_dye" },
				"north": { "uv": [ 15.5, 12, 15, 12.5 ], "texture": "#brown_dye" },
				"south": { "uv": [ 15.5, 12, 16, 12.5 ], "texture": "#brown_dye" },
				"west": { "uv": [ 11.5, 10.5, 12, 11 ], "texture": "#brown_dye" },
				"east": { "uv": [ 12, 10, 11.5, 10.5 ], "texture": "#brown_dye" }
			}
		},
		{
			"__comment": "Voxels",
			"from": [ 10, 7, -2 ],
			"to": [ 18, 8, -1 ],
			"faces": {
				"down": { "uv": [ 11, 13, 15, 13.5 ], "texture": "#brown_dye" },
				"up": { "uv": [ 7, 13, 11, 12.5 ], "texture": "#brown_dye" },
				"north": { "uv": [ 11, 13, 7, 13.5 ], "texture": "#brown_dye" },
				"south": { "uv": [ 7, 12, 11, 12.5 ], "texture": "#brown_dye" },
				"west": { "uv": [ 4.5, 8.5, 5, 9 ], "texture": "#brown_dye" },
				"east": { "uv": [ 5, 8, 4.5, 8.5 ], "texture": "#brown_dye" }
			}
		},
		{
			"__comment": "Voxels",
			"from": [ 10, 12, -2 ],
			"to": [ 18, 13, -1 ],
			"faces": {
				"down": { "uv": [ 11, 14.5, 15, 15 ], "texture": "#brown_dye" },
				"up": { "uv": [ 11, 14.5, 15, 14 ], "texture": "#brown_dye" },
				"north": { "uv": [ 11, 13.5, 7, 14 ], "texture": "#brown_dye" },
				"south": { "uv": [ 11, 13.5, 15, 14 ], "texture": "#brown_dye" },
				"west": { "uv": [ 15.5, 15.5, 16, 16 ], "texture": "#brown_dye" },
				"east": { "uv": [ 16, 15, 15.5, 15.5 ], "texture": "#brown_dye" }
			}
		},
		{
			"__comment": "Voxels",
			"from": [ 10, 16, -2 ],
			"to": [ 11, 18, -1 ],
			"faces": {
				"down": { "uv": [ 15, 14.5, 15.5, 15 ], "texture": "#brown_dye" },
				"up": { "uv": [ 15.5, 15, 16, 14.5 ], "texture": "#brown_dye" },
				"north": { "uv": [ 9.5, 8, 9, 9 ], "texture": "#brown_dye" },
				"south": { "uv": [ 8.5, 8, 9, 9 ], "texture": "#brown_dye" },
				"west": { "uv": [ 3.5, 11, 4, 12 ], "texture": "#brown_dye" },
				"east": { "uv": [ 3.5, 11, 3, 12 ], "texture": "#brown_dye" }
			}
		},
		{
			"__comment": "Voxels",
			"from": [ 11, 5, -2 ],
			"to": [ 17, 7, -1 ],
			"faces": {
				"down": { "uv": [ 7, 9, 10, 9.5 ], "texture": "#brown_dye" },
				"up": { "uv": [ 7, 10, 10, 9.5 ], "texture": "#brown_dye" },
				"north": { "uv": [ 3, 10, 0, 11 ], "texture": "#brown_dye" },
				"south": { "uv": [ 0, 11, 3, 12 ], "texture": "#brown_dye" },
				"west": { "uv": [ 4, 11, 4.5, 12 ], "texture": "#brown_dye" },
				"east": { "uv": [ 5, 11, 4.5, 12 ], "texture": "#brown_dye" }
			}
		},
		{
			"__comment": "Voxels",
			"from": [ 11, 13, -2 ],
			"to": [ 17, 14, -1 ],
			"faces": {
				"down": { "uv": [ 7, 11.5, 10, 12 ], "texture": "#brown_dye" },
				"up": { "uv": [ 7, 11.5, 10, 11 ], "texture": "#brown_dye" },
				"north": { "uv": [ 10, 10.5, 7, 11 ], "texture": "#brown_dye" },
				"south": { "uv": [ 7, 10, 10, 10.5 ], "texture": "#brown_dye" },
				"west": { "uv": [ 15, 14, 15.5, 14.5 ], "texture": "#brown_dye" },
				"east": { "uv": [ 16, 14, 15.5, 14.5 ], "texture": "#brown_dye" }
			}
		},
		{
			"__comment": "Voxels",
			"from": [ 11, 14, -2 ],
			"to": [ 12, 16, -1 ],
			"faces": {
				"down": { "uv": [ 5, 8, 5.5, 8.5 ], "texture": "#brown_dye" },
				"up": { "uv": [ 5.5, 8.5, 6, 8 ], "texture": "#brown_dye" },
				"north": { "uv": [ 3.5, 10, 3, 11 ], "texture": "#brown_dye" },
				"south": { "uv": [ 3.5, 10, 4, 11 ], "texture": "#brown_dye" },
				"west": { "uv": [ 4, 10, 4.5, 11 ], "texture": "#brown_dye" },
				"east": { "uv": [ 7.5, 8, 7, 9 ], "texture": "#brown_dye" }
			}
		},
		{
			"__comment": "Voxels",
			"from": [ 12, 12, -11 ],
			"to": [ 13, 13, -10 ],
			"faces": {
				"down": { "uv": [ 15, 13, 15.5, 13.5 ], "texture": "#brown_dye" },
				"up": { "uv": [ 15.5, 13.5, 16, 13 ], "texture": "#brown_dye" },
				"north": { "uv": [ 10.5, 11.5, 10, 12 ], "texture": "#brown_dye" },
				"south": { "uv": [ 10.5, 11.5, 11, 12 ], "texture": "#brown_dye" },
				"west": { "uv": [ 10, 11, 10.5, 11.5 ], "texture": "#brown_dye" },
				"east": { "uv": [ 11, 11, 10.5, 11.5 ], "texture": "#brown_dye" }
			}
		},
		{
			"__comment": "Voxels",
			"from": [ 13, 11, -11 ],
			"to": [ 14, 12, -10 ],
			"faces": {
				"down": { "uv": [ 10, 10.5, 10.5, 11 ], "texture": "#brown_dye" },
				"up": { "uv": [ 10.5, 11, 11, 10.5 ], "texture": "#brown_dye" },
				"north": { "uv": [ 10.5, 10, 10, 10.5 ], "texture": "#brown_dye" },
				"south": { "uv": [ 10.5, 10, 11, 10.5 ], "texture": "#brown_dye" },
				"west": { "uv": [ 10, 9.5, 10.5, 10 ], "texture": "#brown_dye" },
				"east": { "uv": [ 11, 9.5, 10.5, 10 ], "texture": "#brown_dye" }
			}
		},
		{
			"__comment": "Voxels",
			"from": [ 14, 12, -11 ],
			"to": [ 15, 13, -10 ],
			"faces": {
				"down": { "uv": [ 10, 9, 10.5, 9.5 ], "texture": "#brown_dye" },
				"up": { "uv": [ 10.5, 9.5, 11, 9 ], "texture": "#brown_dye" },
				"north": { "uv": [ 10.5, 8.5, 10, 9 ], "texture": "#brown_dye" },
				"south": { "uv": [ 10.5, 8.5, 11, 9 ], "texture": "#brown_dye" },
				"west": { "uv": [ 10, 8, 10.5, 8.5 ], "texture": "#brown_dye" },
				"east": { "uv": [ 11, 8, 10.5, 8.5 ], "texture": "#brown_dye" }
			}
		},
		{
			"__comment": "Voxels",
			"from": [ 16, 14, -2 ],
			"to": [ 17, 16, -1 ],
			"faces": {
				"down": { "uv": [ 11, 8.5, 11.5, 9 ], "texture": "#brown_dye" },
				"up": { "uv": [ 11, 8.5, 11.5, 8 ], "texture": "#brown_dye" },
				"north": { "uv": [ 5, 10, 4.5, 11 ], "texture": "#brown_dye" },
				"south": { "uv": [ 5, 8.5, 5.5, 9.5 ], "texture": "#brown_dye" },
				"west": { "uv": [ 5.5, 8.5, 6, 9.5 ], "texture": "#brown_dye" },
				"east": { "uv": [ 6.5, 8.5, 6, 9.5 ], "texture": "#brown_dye" }
			}
		},
		{
			"__comment": "Voxels",
			"from": [ 17, 16, -2 ],
			"to": [ 18, 18, -1 ],
			"faces": {
				"down": { "uv": [ 13.5, 12.5, 14, 13 ], "texture": "#brown_dye" },
				"up": { "uv": [ 14, 13, 14.5, 12.5 ], "texture": "#brown_dye" },
				"north": { "uv": [ 7, 8.5, 6.5, 9.5 ], "texture": "#brown_dye" },
				"south": { "uv": [ 9.5, 8, 10, 9 ], "texture": "#brown_dye" },
				"west": { "uv": [ 7.5, 8, 8, 9 ], "texture": "#brown_dye" },
				"east": { "uv": [ 8.5, 8, 8, 9 ], "texture": "#brown_dye" }
			}
		},
		{
			"__comment": "Voxels",
			"from": [ 18, 18, -2 ],
			"to": [ 19, 19, -1 ],
			"faces": {
				"down": { "uv": [ 12, 12, 12.5, 12.5 ], "texture": "#brown_dye" },
				"up": { "uv": [ 12.5, 12.5, 13, 12 ], "texture": "#brown_dye" },
				"north": { "uv": [ 13.5, 12, 13, 12.5 ], "texture": "#brown_dye" },
				"south": { "uv": [ 13.5, 12, 14, 12.5 ], "texture": "#brown_dye" },
				"west": { "uv": [ 14, 12, 14.5, 12.5 ], "texture": "#brown_dye" },
				"east": { "uv": [ 15, 12, 14.5, 12.5 ], "texture": "#brown_dye" }
			}
		},
		{
			"__comment": "Voxels",
			"from": [ 19, 10, -10 ],
			"to": [ 20, 11, -1 ],
			"faces": {
				"down": { "uv": [ 6, 9.5, 6.5, 14 ], "texture": "#brown_dye" },
				"up": { "uv": [ 6.5, 14, 7, 9.5 ], "texture": "#brown_dye" },
				"north": { "uv": [ 12, 11.5, 11.5, 12 ], "texture": "#brown_dye" },
				"south": { "uv": [ 11.5, 11, 12, 11.5 ], "texture": "#brown_dye" },
				"west": { "uv": [ 11, 15, 15.5, 15.5 ], "texture": "#brown_dye" },
				"east": { "uv": [ 15.5, 15.5, 11, 16 ], "texture": "#brown_dye" }
			}
		},
		{
			"__comment": "Voxels",
			"from": [ 19, 19, -2 ],
			"to": [ 20, 20, -1 ],
			"faces": {
				"down": { "uv": [ 11.5, 9.5, 12, 10 ], "texture": "#brown_dye" },
				"up": { "uv": [ 11.5, 9.5, 12, 9 ], "texture": "#brown_dye" },
				"north": { "uv": [ 12, 8.5, 11.5, 9 ], "texture": "#brown_dye" },
				"south": { "uv": [ 11.5, 8, 12, 8.5 ], "texture": "#brown_dye" },
				"west": { "uv": [ 12, 11.5, 12.5, 12 ], "texture": "#brown_dye" },
				"east": { "uv": [ 13, 11.5, 12.5, 12 ], "texture": "#brown_dye" }
			}
		}
	],
	"display": {
		"thirdperson_righthand": {
			"translation":  [ -6.26, -2.781, 9.7391 ]
		},
		"thirdperson_lefthand": {
			"translation":  [ 6.2617, -2.781, 9.0434 ]
		},
		"firstperson_righthand": {
			"translation":  [ 0, -1.391, 0 ]
		},
		"firstperson_lefthand": {
			"rotation":  [ 0, -27, 0 ],
			"translation":  [ 8.3474, -1.391, 0 ]
		},
		"gui": {
			"translation":  [ -5.565, -4.173, 0 ]
		},
		"head": {
			"rotation":  [ 0, -180, 0 ],
			"translation":  [ 8.3478, -2.781, -21.56 ],
			"scale":  [ 1.39, 1.4, 1.55 ]
		},
		"ground": {
			"translation":  [ -6.955, -0.695, 13.913 ]
		},
		"fixed": {
			"rotation":  [ 0, 180, 0 ],
			"translation":  [ 6.2608, -4.172, -17.38 ]
		}
	}
}