{
  "parent": "minecraft:item/hand_held",
  "textures": {
  "carrot_on_a_stick": "minecraft:item/extralife"
	},
	"elements": [ 	 
		{
			"__comment": "Voxels",
			"from": [ -3, 3, 7 ],
			"to": [ -2.5, 8, 7.5 ],
			"faces": {
				"down": { "uv": [ 6.5, 11, 7, 11.5 ], "texture": "#carrot_on_a_stick" },
				"up": { "uv": [ 8, 12, 8.5, 11.5 ], "texture": "#carrot_on_a_stick" },
				"north": { "uv": [ 0.5, 1, 0, 6 ], "texture": "#carrot_on_a_stick" },
				"south": { "uv": [ 0.5, 11, 1, 16 ], "texture": "#carrot_on_a_stick" },
				"west": { "uv": [ 0.5, 6, 1, 11 ], "texture": "#carrot_on_a_stick" },
				"east": { "uv": [ 1, 1, 0.5, 6 ], "texture": "#carrot_on_a_stick" }
			}
		},
		{
			"__comment": "Voxels",
			"from": [ -3, 3.5, 6.5 ],
			"to": [ -2.5, 8.5, 7 ],
			"faces": {
				"down": { "uv": [ 8.5, 11.5, 9, 12 ], "texture": "#carrot_on_a_stick" },
				"up": { "uv": [ 9.5, 12, 10, 11.5 ], "texture": "#carrot_on_a_stick" },
				"north": { "uv": [ 1.5, 1, 1, 6 ], "texture": "#carrot_on_a_stick" },
				"south": { "uv": [ 1.5, 11, 2, 16 ], "texture": "#carrot_on_a_stick" },
				"west": { "uv": [ 1.5, 6, 2, 11 ], "texture": "#carrot_on_a_stick" },
				"east": { "uv": [ 2, 1, 1.5, 6 ], "texture": "#carrot_on_a_stick" }
			}
		},
		{
			"__comment": "Voxels",
			"from": [ -3, 3.5, 7.5 ],
			"to": [ -2.5, 8.5, 8 ],
			"faces": {
				"down": { "uv": [ 4, 2.5, 4.5, 3 ], "texture": "#carrot_on_a_stick" },
				"up": { "uv": [ 4, 2.5, 4.5, 2 ], "texture": "#carrot_on_a_stick" },
				"north": { "uv": [ 0.5, 11, 0, 16 ], "texture": "#carrot_on_a_stick" },
				"south": { "uv": [ 1, 6, 1.5, 11 ], "texture": "#carrot_on_a_stick" },
				"west": { "uv": [ 2, 11, 2.5, 16 ], "texture": "#carrot_on_a_stick" },
				"east": { "uv": [ 2.5, 6, 2, 11 ], "texture": "#carrot_on_a_stick" }
			}
		},
		{
			"__comment": "Voxels",
			"from": [ -3, 4, 6 ],
			"to": [ -2.5, 9, 6.5 ],
			"faces": {
				"down": { "uv": [ 4, 1, 4.5, 1.5 ], "texture": "#carrot_on_a_stick" },
				"up": { "uv": [ 4, 1, 4.5, 0.5 ], "texture": "#carrot_on_a_stick" },
				"north": { "uv": [ 1.5, 11, 1, 16 ], "texture": "#carrot_on_a_stick" },
				"south": { "uv": [ 0, 6, 0.5, 11 ], "texture": "#carrot_on_a_stick" },
				"west": { "uv": [ 2.5, 11, 3, 16 ], "texture": "#carrot_on_a_stick" },
				"east": { "uv": [ 3, 6, 2.5, 11 ], "texture": "#carrot_on_a_stick" }
			}
		},
		{
			"__comment": "Voxels",
			"from": [ -3, 4, 8 ],
			"to": [ -2.5, 9, 8.5 ],
			"faces": {
				"down": { "uv": [ 5, 11, 5.5, 11.5 ], "texture": "#carrot_on_a_stick" },
				"up": { "uv": [ 6, 11.5, 6.5, 11 ], "texture": "#carrot_on_a_stick" },
				"north": { "uv": [ 3, 1, 2.5, 6 ], "texture": "#carrot_on_a_stick" },
				"south": { "uv": [ 3, 11, 3.5, 16 ], "texture": "#carrot_on_a_stick" },
				"west": { "uv": [ 2, 1, 2.5, 6 ], "texture": "#carrot_on_a_stick" },
				"east": { "uv": [ 3.5, 6, 3, 11 ], "texture": "#carrot_on_a_stick" }
			}
		},
		{
			"__comment": "Voxels",
			"from": [ -3, 4.5, 5.5 ],
			"to": [ -2.5, 9, 6 ],
			"faces": {
				"down": { "uv": [ 0, 0.5, 0.5, 1 ], "texture": "#carrot_on_a_stick" },
				"up": { "uv": [ 0, 0.5, 0.5, 0 ], "texture": "#carrot_on_a_stick" },
				"north": { "uv": [ 4.5, 11.5, 4, 16 ], "texture": "#carrot_on_a_stick" },
				"south": { "uv": [ 4.5, 11.5, 5, 16 ], "texture": "#carrot_on_a_stick" },
				"west": { "uv": [ 5, 11.5, 5.5, 16 ], "texture": "#carrot_on_a_stick" },
				"east": { "uv": [ 6, 11.5, 5.5, 16 ], "texture": "#carrot_on_a_stick" }
			}
		},
		{
			"__comment": "Voxels",
			"from": [ -3, 4.5, 8.5 ],
			"to": [ -2.5, 9, 9 ],
			"faces": {
				"down": { "uv": [ 0.5, 0.5, 1, 1 ], "texture": "#carrot_on_a_stick" },
				"up": { "uv": [ 0.5, 0.5, 1, 0 ], "texture": "#carrot_on_a_stick" },
				"north": { "uv": [ 4, 2.5, 3.5, 7 ], "texture": "#carrot_on_a_stick" },
				"south": { "uv": [ 3, 1.5, 3.5, 6 ], "texture": "#carrot_on_a_stick" },
				"west": { "uv": [ 3.5, 11.5, 4, 16 ], "texture": "#carrot_on_a_stick" },
				"east": { "uv": [ 4, 7, 3.5, 11.5 ], "texture": "#carrot_on_a_stick" }
			}
		},
		{
			"__comment": "Voxels",
			"from": [ -3, 5, -0.5 ],
			"to": [ -2.5, 5.5, 1 ],
			"faces": {
				"down": { "uv": [ 3.5, 1, 4, 2.5 ], "texture": "#carrot_on_a_stick" },
				"up": { "uv": [ 10, 13, 10.5, 11.5 ], "texture": "#carrot_on_a_stick" },
				"north": { "uv": [ 1.5, 0.5, 1, 1 ], "texture": "#carrot_on_a_stick" },
				"south": { "uv": [ 1, 0, 1.5, 0.5 ], "texture": "#carrot_on_a_stick" },
				"west": { "uv": [ 14, 12, 15.5, 12.5 ], "texture": "#carrot_on_a_stick" },
				"east": { "uv": [ 15.5, 12.5, 14, 13 ], "texture": "#carrot_on_a_stick" }
			}
		},
		{
			"__comment": "Voxels",
			"from": [ -3, 5, 5 ],
			"to": [ -2.5, 9, 5.5 ],
			"faces": {
				"down": { "uv": [ 1.5, 0.5, 2, 1 ], "texture": "#carrot_on_a_stick" },
				"up": { "uv": [ 1.5, 0.5, 2, 0 ], "texture": "#carrot_on_a_stick" },
				"north": { "uv": [ 10, 12, 9.5, 16 ], "texture": "#carrot_on_a_stick" },
				"south": { "uv": [ 8.5, 12, 9, 16 ], "texture": "#carrot_on_a_stick" },
				"west": { "uv": [ 6, 12, 6.5, 16 ], "texture": "#carrot_on_a_stick" },
				"east": { "uv": [ 7.5, 12, 7, 16 ], "texture": "#carrot_on_a_stick" }
			}
		},
		{
			"__comment": "Voxels",
			"from": [ -3, 5, 9 ],
			"to": [ -2.5, 9, 9.5 ],
			"faces": {
				"down": { "uv": [ 2, 0.5, 2.5, 1 ], "texture": "#carrot_on_a_stick" },
				"up": { "uv": [ 6, 12, 6.5, 11.5 ], "texture": "#carrot_on_a_stick" },
				"north": { "uv": [ 7, 12, 6.5, 16 ], "texture": "#carrot_on_a_stick" },
				"south": { "uv": [ 8, 12, 8.5, 16 ], "texture": "#carrot_on_a_stick" },
				"west": { "uv": [ 9, 12, 9.5, 16 ], "texture": "#carrot_on_a_stick" },
				"east": { "uv": [ 8, 12, 7.5, 16 ], "texture": "#carrot_on_a_stick" }
			}
		},
		{
			"__comment": "Voxels",
			"from": [ -3, 5.5, 0 ],
			"to": [ -2.5, 8.5, 0.5 ],
			"faces": {
				"down": { "uv": [ 2, 0, 2.5, 0.5 ], "texture": "#carrot_on_a_stick" },
				"up": { "uv": [ 2.5, 0.5, 3, 0 ], "texture": "#carrot_on_a_stick" },
				"north": { "uv": [ 15.5, 13, 15, 16 ], "texture": "#carrot_on_a_stick" },
				"south": { "uv": [ 15.5, 13, 16, 16 ], "texture": "#carrot_on_a_stick" },
				"west": { "uv": [ 10, 13, 10.5, 16 ], "texture": "#carrot_on_a_stick" },
				"east": { "uv": [ 11, 13, 10.5, 16 ], "texture": "#carrot_on_a_stick" }
			}
		},
		{
			"__comment": "Voxels",
			"from": [ -3, 5.5, 4.5 ],
			"to": [ -2.5, 8.5, 5 ],
			"faces": {
				"down": { "uv": [ 3.5, 0.5, 4, 1 ], "texture": "#carrot_on_a_stick" },
				"up": { "uv": [ 3.5, 0.5, 4, 0 ], "texture": "#carrot_on_a_stick" },
				"north": { "uv": [ 11.5, 13, 11, 16 ], "texture": "#carrot_on_a_stick" },
				"south": { "uv": [ 11.5, 13, 12, 16 ], "texture": "#carrot_on_a_stick" },
				"west": { "uv": [ 12, 13, 12.5, 16 ], "texture": "#carrot_on_a_stick" },
				"east": { "uv": [ 15, 13, 14.5, 16 ], "texture": "#carrot_on_a_stick" }
			}
		},
		{
			"__comment": "Voxels",
			"from": [ -3, 5.5, 9.5 ],
			"to": [ -2.5, 8.5, 10 ],
			"faces": {
				"down": { "uv": [ 2.5, 0.5, 3, 1 ], "texture": "#carrot_on_a_stick" },
				"up": { "uv": [ 7.5, 12, 8, 11.5 ], "texture": "#carrot_on_a_stick" },
				"north": { "uv": [ 13, 13, 12.5, 16 ], "texture": "#carrot_on_a_stick" },
				"south": { "uv": [ 13, 13, 13.5, 16 ], "texture": "#carrot_on_a_stick" },
				"west": { "uv": [ 13.5, 13, 14, 16 ], "texture": "#carrot_on_a_stick" },
				"east": { "uv": [ 14.5, 13, 14, 16 ], "texture": "#carrot_on_a_stick" }
			}
		},
		{
			"__comment": "Voxels",
			"from": [ -3, 6, 2 ],
			"to": [ -2.5, 7.5, 2.5 ],
			"faces": {
				"down": { "uv": [ 6.5, 11.5, 7, 12 ], "texture": "#carrot_on_a_stick" },
				"up": { "uv": [ 7, 12, 7.5, 11.5 ], "texture": "#carrot_on_a_stick" },
				"north": { "uv": [ 11, 11.5, 10.5, 13 ], "texture": "#carrot_on_a_stick" },
				"south": { "uv": [ 3, 0, 3.5, 1.5 ], "texture": "#carrot_on_a_stick" },
				"west": { "uv": [ 11, 11.5, 11.5, 13 ], "texture": "#carrot_on_a_stick" },
				"east": { "uv": [ 12, 11.5, 11.5, 13 ], "texture": "#carrot_on_a_stick" }
			}
		},
		{
			"__comment": "Voxels",
			"from": [ -3, 6.5, 1.5 ],
			"to": [ -2.5, 7, 2 ],
			"faces": {
				"down": { "uv": [ 9, 11.5, 9.5, 12 ], "texture": "#carrot_on_a_stick" },
				"up": { "uv": [ 4, 2, 4.5, 1.5 ], "texture": "#carrot_on_a_stick" },
				"north": { "uv": [ 16, 12.5, 15.5, 13 ], "texture": "#carrot_on_a_stick" },
				"south": { "uv": [ 15.5, 12, 16, 12.5 ], "texture": "#carrot_on_a_stick" },
				"west": { "uv": [ 14, 11.5, 14.5, 12 ], "texture": "#carrot_on_a_stick" },
				"east": { "uv": [ 15, 11.5, 14.5, 12 ], "texture": "#carrot_on_a_stick" }
			}
		},
		{
			"__comment": "Voxels",
			"from": [ -3, 6.5, 2.5 ],
			"to": [ -2.5, 7, 3 ],
			"faces": {
				"down": { "uv": [ 15, 11.5, 15.5, 12 ], "texture": "#carrot_on_a_stick" },
				"up": { "uv": [ 15.5, 12, 16, 11.5 ], "texture": "#carrot_on_a_stick" },
				"north": { "uv": [ 4.5, 5, 4, 5.5 ], "texture": "#carrot_on_a_stick" },
				"south": { "uv": [ 4, 4.5, 4.5, 5 ], "texture": "#carrot_on_a_stick" },
				"west": { "uv": [ 4, 4, 4.5, 4.5 ], "texture": "#carrot_on_a_stick" },
				"east": { "uv": [ 4.5, 3.5, 4, 4 ], "texture": "#carrot_on_a_stick" }
			}
		},
		{
			"__comment": "Voxels",
			"from": [ -3, 6.5, 4 ],
			"to": [ -2.5, 8, 4.5 ],
			"faces": {
				"down": { "uv": [ 4, 3, 4.5, 3.5 ], "texture": "#carrot_on_a_stick" },
				"up": { "uv": [ 5.5, 11.5, 6, 11 ], "texture": "#carrot_on_a_stick" },
				"north": { "uv": [ 13.5, 11.5, 13, 13 ], "texture": "#carrot_on_a_stick" },
				"south": { "uv": [ 12, 11.5, 12.5, 13 ], "texture": "#carrot_on_a_stick" },
				"west": { "uv": [ 13.5, 11.5, 14, 13 ], "texture": "#carrot_on_a_stick" },
				"east": { "uv": [ 4.5, 10, 4, 11.5 ], "texture": "#carrot_on_a_stick" }
			}
		},
		{
			"__comment": "Voxels",
			"from": [ -3, 6.5, 10 ],
			"to": [ -2.5, 8, 10.5 ],
			"faces": {
				"down": { "uv": [ 4, 0, 4.5, 0.5 ], "texture": "#carrot_on_a_stick" },
				"up": { "uv": [ 4.5, 11.5, 5, 11 ], "texture": "#carrot_on_a_stick" },
				"north": { "uv": [ 4.5, 8.5, 4, 10 ], "texture": "#carrot_on_a_stick" },
				"south": { "uv": [ 12.5, 11.5, 13, 13 ], "texture": "#carrot_on_a_stick" },
				"west": { "uv": [ 4, 7, 4.5, 8.5 ], "texture": "#carrot_on_a_stick" },
				"east": { "uv": [ 4.5, 5.5, 4, 7 ], "texture": "#carrot_on_a_stick" }
			}
		},
		{
			"__comment": "Voxels",
			"from": [ -3, 7.5, 0.5 ],
			"to": [ -2.5, 8, 1 ],
			"faces": {
				"down": { "uv": [ 7, 11, 7.5, 11.5 ], "texture": "#carrot_on_a_stick" },
				"up": { "uv": [ 7.5, 11.5, 8, 11 ], "texture": "#carrot_on_a_stick" },
				"north": { "uv": [ 8.5, 11, 8, 11.5 ], "texture": "#carrot_on_a_stick" },
				"south": { "uv": [ 8.5, 11, 9, 11.5 ], "texture": "#carrot_on_a_stick" },
				"west": { "uv": [ 9, 11, 9.5, 11.5 ], "texture": "#carrot_on_a_stick" },
				"east": { "uv": [ 10, 11, 9.5, 11.5 ], "texture": "#carrot_on_a_stick" }
			}
		}
	],
	"display": {
		"thirdperson_righthand": {
			"translation":  [ 12.965, -0.695, 9.0449 ]
		},
		"thirdperson_lefthand": {
			"translation":  [ -8.6, -0.695, 9.0449 ]
		},
		"firstperson_righthand": {
			"rotation":  [ 0, -118, 0 ],
			"translation":  [ -2.782, 1.3912, 0 ]
		},
		"firstperson_lefthand": {
			"rotation":  [ 0, 53, 0 ],
			"translation":  [ 2.7832, 0.6956, -1.391 ]
		},
		"gui": {
			"rotation":  [ 0, -90, 0 ],
			"translation":  [ -4.6, 2.345, 16.695 ],
			"scale":  [ 1.5, 1.5, 1.5 ]
		},
		"ground": {
			"translation":  [ 10.434, 4.8695, 2.7826 ]
		},
		"fixed": {
			"rotation":  [ 0, 95, 0 ],
			"translation":  [ 5.5652, 2.7832, -22.94 ],
			"scale":  [ 2, 2, 2 ]
		}
	}
}