{
  "parent": "minecraft:item/hand_held",
  "textures": {
  "carrot_on_a_stick": "minecraft:item/glow"
	},
	"elements": [ 	 
		{
			"__comment": "Voxels",
			"from": [ 4.5, 12.5, -2 ],
			"to": [ 5, 13.5, -1.5 ],
			"faces": {
				"down": { "uv": [ 11, 15, 11.5, 15.5 ], "texture": "#carrot_on_a_stick" },
				"up": { "uv": [ 8.5, 14, 9, 13.5 ], "texture": "#carrot_on_a_stick" },
				"north": { "uv": [ 8.5, 8.5, 8, 9.5 ], "texture": "#carrot_on_a_stick" },
				"south": { "uv": [ 2.5, 8, 3, 9 ], "texture": "#carrot_on_a_stick" },
				"west": { "uv": [ 3, 8, 3.5, 9 ], "texture": "#carrot_on_a_stick" },
				"east": { "uv": [ 8, 8.5, 7.5, 9.5 ], "texture": "#carrot_on_a_stick" }
			}
		},
		{
			"__comment": "Voxels",
			"from": [ 5, 14, -2 ],
			"to": [ 5.5, 15, -1.5 ],
			"faces": {
				"down": { "uv": [ 15.5, 15, 16, 15.5 ], "texture": "#carrot_on_a_stick" },
				"up": { "uv": [ 11.5, 15.5, 12, 15 ], "texture": "#carrot_on_a_stick" },
				"north": { "uv": [ 8.5, 14.5, 8, 15.5 ], "texture": "#carrot_on_a_stick" },
				"south": { "uv": [ 8, 13.5, 8.5, 14.5 ], "texture": "#carrot_on_a_stick" },
				"west": { "uv": [ 8, 12.5, 8.5, 13.5 ], "texture": "#carrot_on_a_stick" },
				"east": { "uv": [ 8.5, 11.5, 8, 12.5 ], "texture": "#carrot_on_a_stick" }
			}
		},
		{
			"__comment": "Voxels",
			"from": [ 5.5, 9, -2 ],
			"to": [ 9, 10.5, -1.5 ],
			"faces": {
				"down": { "uv": [ 6, 15.5, 9.5, 16 ], "texture": "#carrot_on_a_stick" },
				"up": { "uv": [ 9.5, 16, 13, 15.5 ], "texture": "#carrot_on_a_stick" },
				"north": { "uv": [ 3.5, 13, 0, 14.5 ], "texture": "#carrot_on_a_stick" },
				"south": { "uv": [ 0, 14.5, 3.5, 16 ], "texture": "#carrot_on_a_stick" },
				"west": { "uv": [ 6.5, 9.5, 7, 11 ], "texture": "#carrot_on_a_stick" },
				"east": { "uv": [ 6, 13.5, 5.5, 15 ], "texture": "#carrot_on_a_stick" }
			}
		},
		{
			"__comment": "Voxels",
			"from": [ 5.5, 11.5, -2 ],
			"to": [ 6.5, 13, -1.5 ],
			"faces": {
				"down": { "uv": [ 2.5, 9, 3.5, 9.5 ], "texture": "#carrot_on_a_stick" },
				"up": { "uv": [ 14.5, 16, 15.5, 15.5 ], "texture": "#carrot_on_a_stick" },
				"north": { "uv": [ 3.5, 11.5, 2.5, 13 ], "texture": "#carrot_on_a_stick" },
				"south": { "uv": [ 2.5, 9.5, 3.5, 11 ], "texture": "#carrot_on_a_stick" },
				"west": { "uv": [ 6, 8.5, 6.5, 10 ], "texture": "#carrot_on_a_stick" },
				"east": { "uv": [ 4, 8, 3.5, 9.5 ], "texture": "#carrot_on_a_stick" }
			}
		},
		{
			"__comment": "Voxels",
			"from": [ 6, 7, -2 ],
			"to": [ 8.5, 9, -1.5 ],
			"faces": {
				"down": { "uv": [ 3.5, 10, 6, 10.5 ], "texture": "#carrot_on_a_stick" },
				"up": { "uv": [ 3.5, 10, 6, 9.5 ], "texture": "#carrot_on_a_stick" },
				"north": { "uv": [ 2.5, 9, 0, 11 ], "texture": "#carrot_on_a_stick" },
				"south": { "uv": [ 0, 11, 2.5, 13 ], "texture": "#carrot_on_a_stick" },
				"west": { "uv": [ 6, 13.5, 6.5, 15.5 ], "texture": "#carrot_on_a_stick" },
				"east": { "uv": [ 6.5, 11.5, 6, 13.5 ], "texture": "#carrot_on_a_stick" }
			}
		},
		{
			"__comment": "Voxels",
			"from": [ 6, 10.5, -2 ],
			"to": [ 8.5, 11.5, -1.5 ],
			"faces": {
				"down": { "uv": [ 3.5, 13, 6, 13.5 ], "texture": "#carrot_on_a_stick" },
				"up": { "uv": [ 3.5, 13, 6, 12.5 ], "texture": "#carrot_on_a_stick" },
				"north": { "uv": [ 6, 15, 3.5, 16 ], "texture": "#carrot_on_a_stick" },
				"south": { "uv": [ 0, 8, 2.5, 9 ], "texture": "#carrot_on_a_stick" },
				"west": { "uv": [ 8, 10.5, 8.5, 11.5 ], "texture": "#carrot_on_a_stick" },
				"east": { "uv": [ 8.5, 9.5, 8, 10.5 ], "texture": "#carrot_on_a_stick" }
			}
		},
		{
			"__comment": "Voxels",
			"from": [ 6, 13, -2 ],
			"to": [ 8.5, 13.5, -1.5 ],
			"faces": {
				"down": { "uv": [ 3.5, 11, 6, 11.5 ], "texture": "#carrot_on_a_stick" },
				"up": { "uv": [ 3.5, 11, 6, 10.5 ], "texture": "#carrot_on_a_stick" },
				"north": { "uv": [ 6, 12, 3.5, 12.5 ], "texture": "#carrot_on_a_stick" },
				"south": { "uv": [ 3.5, 11.5, 6, 12 ], "texture": "#carrot_on_a_stick" },
				"west": { "uv": [ 7.5, 8, 8, 8.5 ], "texture": "#carrot_on_a_stick" },
				"east": { "uv": [ 9, 12.5, 8.5, 13 ], "texture": "#carrot_on_a_stick" }
			}
		},
		{
			"__comment": "Voxels",
			"from": [ 6, 15, -2 ],
			"to": [ 6.5, 16.5, -1.5 ],
			"faces": {
				"down": { "uv": [ 13.5, 15, 14, 15.5 ], "texture": "#carrot_on_a_stick" },
				"up": { "uv": [ 8.5, 13.5, 9, 13 ], "texture": "#carrot_on_a_stick" },
				"north": { "uv": [ 7, 12.5, 6.5, 14 ], "texture": "#carrot_on_a_stick" },
				"south": { "uv": [ 6.5, 14, 7, 15.5 ], "texture": "#carrot_on_a_stick" },
				"west": { "uv": [ 7, 11, 7.5, 12.5 ], "texture": "#carrot_on_a_stick" },
				"east": { "uv": [ 6.5, 10, 6, 11.5 ], "texture": "#carrot_on_a_stick" }
			}
		},
		{
			"__comment": "Voxels",
			"from": [ 6.5, 6.5, -2 ],
			"to": [ 7, 7, -1.5 ],
			"faces": {
				"down": { "uv": [ 12, 15, 12.5, 15.5 ], "texture": "#carrot_on_a_stick" },
				"up": { "uv": [ 12.5, 15.5, 13, 15 ], "texture": "#carrot_on_a_stick" },
				"north": { "uv": [ 13.5, 15, 13, 15.5 ], "texture": "#carrot_on_a_stick" },
				"south": { "uv": [ 14, 15, 14.5, 15.5 ], "texture": "#carrot_on_a_stick" },
				"west": { "uv": [ 14.5, 15, 15, 15.5 ], "texture": "#carrot_on_a_stick" },
				"east": { "uv": [ 15.5, 15, 15, 15.5 ], "texture": "#carrot_on_a_stick" }
			}
		},
		{
			"__comment": "Voxels",
			"from": [ 6.5, 13.5, -2 ],
			"to": [ 8, 14, -1.5 ],
			"faces": {
				"down": { "uv": [ 4, 8.5, 5.5, 9 ], "texture": "#carrot_on_a_stick" },
				"up": { "uv": [ 4, 9.5, 5.5, 9 ], "texture": "#carrot_on_a_stick" },
				"north": { "uv": [ 5.5, 8, 4, 8.5 ], "texture": "#carrot_on_a_stick" },
				"south": { "uv": [ 13, 15.5, 14.5, 16 ], "texture": "#carrot_on_a_stick" },
				"west": { "uv": [ 5.5, 9, 6, 9.5 ], "texture": "#carrot_on_a_stick" },
				"east": { "uv": [ 6, 8.5, 5.5, 9 ], "texture": "#carrot_on_a_stick" }
			}
		},
		{
			"__comment": "Voxels",
			"from": [ 7.5, 6.5, -2 ],
			"to": [ 8, 7, -1.5 ],
			"faces": {
				"down": { "uv": [ 5.5, 8, 6, 8.5 ], "texture": "#carrot_on_a_stick" },
				"up": { "uv": [ 15.5, 16, 16, 15.5 ], "texture": "#carrot_on_a_stick" },
				"north": { "uv": [ 6.5, 8, 6, 8.5 ], "texture": "#carrot_on_a_stick" },
				"south": { "uv": [ 8.5, 12, 9, 12.5 ], "texture": "#carrot_on_a_stick" },
				"west": { "uv": [ 8, 8, 8.5, 8.5 ], "texture": "#carrot_on_a_stick" },
				"east": { "uv": [ 10, 15, 9.5, 15.5 ], "texture": "#carrot_on_a_stick" }
			}
		},
		{
			"__comment": "Voxels",
			"from": [ 7.5, 14.5, -2 ],
			"to": [ 8, 16, -1.5 ],
			"faces": {
				"down": { "uv": [ 10, 15, 10.5, 15.5 ], "texture": "#carrot_on_a_stick" },
				"up": { "uv": [ 10.5, 15.5, 11, 15 ], "texture": "#carrot_on_a_stick" },
				"north": { "uv": [ 7.5, 9.5, 7, 11 ], "texture": "#carrot_on_a_stick" },
				"south": { "uv": [ 6.5, 8, 7, 9.5 ], "texture": "#carrot_on_a_stick" },
				"west": { "uv": [ 7, 14, 7.5, 15.5 ], "texture": "#carrot_on_a_stick" },
				"east": { "uv": [ 7.5, 12.5, 7, 14 ], "texture": "#carrot_on_a_stick" }
			}
		},
		{
			"__comment": "Voxels",
			"from": [ 8, 11.5, -2 ],
			"to": [ 9, 13, -1.5 ],
			"faces": {
				"down": { "uv": [ 2.5, 11, 3.5, 11.5 ], "texture": "#carrot_on_a_stick" },
				"up": { "uv": [ 8.5, 15.5, 9.5, 15 ], "texture": "#carrot_on_a_stick" },
				"north": { "uv": [ 5.5, 13.5, 4.5, 15 ], "texture": "#carrot_on_a_stick" },
				"south": { "uv": [ 3.5, 13.5, 4.5, 15 ], "texture": "#carrot_on_a_stick" },
				"west": { "uv": [ 7, 8, 7.5, 9.5 ], "texture": "#carrot_on_a_stick" },
				"east": { "uv": [ 8, 14, 7.5, 15.5 ], "texture": "#carrot_on_a_stick" }
			}
		},
		{
			"__comment": "Voxels",
			"from": [ 9, 13, -2 ],
			"to": [ 9.5, 14.5, -1.5 ],
			"faces": {
				"down": { "uv": [ 8.5, 14.5, 9, 15 ], "texture": "#carrot_on_a_stick" },
				"up": { "uv": [ 8.5, 14.5, 9, 14 ], "texture": "#carrot_on_a_stick" },
				"north": { "uv": [ 8, 12.5, 7.5, 14 ], "texture": "#carrot_on_a_stick" },
				"south": { "uv": [ 7.5, 11, 8, 12.5 ], "texture": "#carrot_on_a_stick" },
				"west": { "uv": [ 7.5, 9.5, 8, 11 ], "texture": "#carrot_on_a_stick" },
				"east": { "uv": [ 7, 11, 6.5, 12.5 ], "texture": "#carrot_on_a_stick" }
			}
		}
	],
	"display": {
		"thirdperson_righthand": {
			"rotation":  [ 33, 0, 0 ],
			"translation":  [ 0, -4.868, 9.7383 ]
		},
		"thirdperson_lefthand": {
			"rotation":  [ 33, 0, 0 ],
			"translation":  [ -0.695, -4.868, 9.7383 ]
		},
		"firstperson_righthand": {
			"rotation":  [ 0, -9, 0 ],
			"translation":  [ 2.0869, -0.693, 5.5652 ]
		},
		"firstperson_lefthand": {
			"rotation":  [ 0, -9, 0 ],
			"translation":  [ 2.0869, -0.693, 5.5652 ]
		},
		"gui": {
			"translation":  [ 1.3913, -5.564, 16 ],
			"scale":  [ 1.7, 1.7, 1.7 ]
		},
		"ground": {
			"translation":  [ 2.0882, -0.695, 11.13 ]
		},
		"fixed": {
			"translation":  [ 1.3912, -4.869, 16.695 ],
			"scale":  [ 1.7, 1.7, 1.7 ]
		}
	}
}