{
	"parent": "minecraft:item/hand_held",
    "textures": {
    "carrot_on_a_stick": "minecraft:item/jumpscare"
	},
	"elements": [ 	 
		{
			"__comment": "Voxels",
			"from": [ 2.5, 6.5, 6 ],
			"to": [ 3, 7, 6.5 ],
			"faces": {
				"down": { "uv": [ 5, 12.5, 5.25, 12.75 ], "texture": "#carrot_on_a_stick" },
				"up": { "uv": [ 5.25, 13.5, 5.5, 13.25 ], "texture": "#carrot_on_a_stick" },
				"north": { "uv": [ 5.75, 13.25, 5.5, 13.5 ], "texture": "#carrot_on_a_stick" },
				"south": { "uv": [ 5.75, 13.25, 6, 13.5 ], "texture": "#carrot_on_a_stick" },
				"west": { "uv": [ 6, 13.25, 6.25, 13.5 ], "texture": "#carrot_on_a_stick" },
				"east": { "uv": [ 6.5, 13.25, 6.25, 13.5 ], "texture": "#carrot_on_a_stick" }
			}
		},
		{
			"__comment": "Voxels",
			"from": [ 3, 4, 6 ],
			"to": [ 14, 4.5, 6.5 ],
			"faces": {
				"down": { "uv": [ 6.75, 15.75, 12.25, 16 ], "texture": "#carrot_on_a_stick" },
				"up": { "uv": [ 6.75, 15.75, 12.25, 15.5 ], "texture": "#carrot_on_a_stick" },
				"north": { "uv": [ 12.25, 15.25, 6.75, 15.5 ], "texture": "#carrot_on_a_stick" },
				"south": { "uv": [ 6.75, 15, 12.25, 15.25 ], "texture": "#carrot_on_a_stick" },
				"west": { "uv": [ 3.25, 13, 3.5, 13.25 ], "texture": "#carrot_on_a_stick" },
				"east": { "uv": [ 3.75, 13, 3.5, 13.25 ], "texture": "#carrot_on_a_stick" }
			}
		},
		{
			"__comment": "Voxels",
			"from": [ 3, 4.5, 6 ],
			"to": [ 11.5, 5, 6.5 ],
			"faces": {
				"down": { "uv": [ 6.75, 13.25, 11, 13.5 ], "texture": "#carrot_on_a_stick" },
				"up": { "uv": [ 11.75, 14.25, 16, 14 ], "texture": "#carrot_on_a_stick" },
				"north": { "uv": [ 16, 14.5, 11.75, 14.75 ], "texture": "#carrot_on_a_stick" },
				"south": { "uv": [ 11.75, 14.75, 16, 15 ], "texture": "#carrot_on_a_stick" },
				"west": { "uv": [ 3.75, 13, 4, 13.25 ], "texture": "#carrot_on_a_stick" },
				"east": { "uv": [ 4.25, 13, 4, 13.25 ], "texture": "#carrot_on_a_stick" }
			}
		},
		{
			"__comment": "Voxels",
			"from": [ 3, 6, 6 ],
			"to": [ 3.5, 6.5, 6.5 ],
			"faces": {
				"down": { "uv": [ 4.75, 13, 5, 13.25 ], "texture": "#carrot_on_a_stick" },
				"up": { "uv": [ 5, 13.25, 5.25, 13 ], "texture": "#carrot_on_a_stick" },
				"north": { "uv": [ 5.5, 13, 5.25, 13.25 ], "texture": "#carrot_on_a_stick" },
				"south": { "uv": [ 5.5, 13, 5.75, 13.25 ], "texture": "#carrot_on_a_stick" },
				"west": { "uv": [ 6.5, 13, 6.75, 13.25 ], "texture": "#carrot_on_a_stick" },
				"east": { "uv": [ 3.25, 12.75, 3, 13 ], "texture": "#carrot_on_a_stick" }
			}
		},
		{
			"__comment": "Voxels",
			"from": [ 3.5, 0, 6 ],
			"to": [ 11, 1, 6.5 ],
			"faces": {
				"down": { "uv": [ 3, 13.5, 6.75, 13.75 ], "texture": "#carrot_on_a_stick" },
				"up": { "uv": [ 3, 14.25, 6.75, 14 ], "texture": "#carrot_on_a_stick" },
				"north": { "uv": [ 6.75, 15, 3, 15.5 ], "texture": "#carrot_on_a_stick" },
				"south": { "uv": [ 3, 15.5, 6.75, 16 ], "texture": "#carrot_on_a_stick" },
				"west": { "uv": [ 1, 8, 1.25, 8.5 ], "texture": "#carrot_on_a_stick" },
				"east": { "uv": [ 1.5, 8, 1.25, 8.5 ], "texture": "#carrot_on_a_stick" }
			}
		},
		{
			"__comment": "Voxels",
			"from": [ 3.5, 3.5, 6 ],
			"to": [ 13.5, 4, 6.5 ],
			"faces": {
				"down": { "uv": [ 6.75, 14.75, 11.75, 15 ], "texture": "#carrot_on_a_stick" },
				"up": { "uv": [ 6.75, 14.75, 11.75, 14.5 ], "texture": "#carrot_on_a_stick" },
				"north": { "uv": [ 11.75, 14.25, 6.75, 14.5 ], "texture": "#carrot_on_a_stick" },
				"south": { "uv": [ 6.75, 14, 11.75, 14.25 ], "texture": "#carrot_on_a_stick" },
				"west": { "uv": [ 3.25, 12.75, 3.5, 13 ], "texture": "#carrot_on_a_stick" },
				"east": { "uv": [ 4.25, 12.75, 4, 13 ], "texture": "#carrot_on_a_stick" }
			}
		},
		{
			"__comment": "Voxels",
			"from": [ 3.5, 5, 6 ],
			"to": [ 4.5, 5.5, 6.5 ],
			"faces": {
				"down": { "uv": [ 1, 8.5, 1.5, 8.75 ], "texture": "#carrot_on_a_stick" },
				"up": { "uv": [ 2.5, 9.5, 3, 9.25 ], "texture": "#carrot_on_a_stick" },
				"north": { "uv": [ 0.5, 8.25, 0, 8.5 ], "texture": "#carrot_on_a_stick" },
				"south": { "uv": [ 2, 9, 2.5, 9.25 ], "texture": "#carrot_on_a_stick" },
				"west": { "uv": [ 4.25, 12.75, 4.5, 13 ], "texture": "#carrot_on_a_stick" },
				"east": { "uv": [ 4.75, 12.75, 4.5, 13 ], "texture": "#carrot_on_a_stick" }
			}
		},
		{
			"__comment": "Voxels",
			"from": [ 4, -0.5, 6 ],
			"to": [ 5, 0, 6.5 ],
			"faces": {
				"down": { "uv": [ 2.5, 12, 3, 12.25 ], "texture": "#carrot_on_a_stick" },
				"up": { "uv": [ 2.5, 12.5, 3, 12.25 ], "texture": "#carrot_on_a_stick" },
				"north": { "uv": [ 0.5, 8, 0, 8.25 ], "texture": "#carrot_on_a_stick" },
				"south": { "uv": [ 0.5, 8.25, 1, 8.5 ], "texture": "#carrot_on_a_stick" },
				"west": { "uv": [ 4.75, 12.75, 5, 13 ], "texture": "#carrot_on_a_stick" },
				"east": { "uv": [ 5, 12.5, 4.75, 12.75 ], "texture": "#carrot_on_a_stick" }
			}
		},
		{
			"__comment": "Voxels",
			"from": [ 4, 1, 6 ],
			"to": [ 12.5, 1.5, 6.5 ],
			"faces": {
				"down": { "uv": [ 11, 13, 15.25, 13.25 ], "texture": "#carrot_on_a_stick" },
				"up": { "uv": [ 11.75, 14.5, 16, 14.25 ], "texture": "#carrot_on_a_stick" },
				"north": { "uv": [ 15.25, 13.25, 11, 13.5 ], "texture": "#carrot_on_a_stick" },
				"south": { "uv": [ 6.75, 13, 11, 13.25 ], "texture": "#carrot_on_a_stick" },
				"west": { "uv": [ 5.25, 12.5, 5.5, 12.75 ], "texture": "#carrot_on_a_stick" },
				"east": { "uv": [ 5.75, 12.5, 5.5, 12.75 ], "texture": "#carrot_on_a_stick" }
			}
		},
		{
			"__comment": "Voxels",
			"from": [ 4, 3, 6 ],
			"to": [ 13, 3.5, 6.5 ],
			"faces": {
				"down": { "uv": [ 6.75, 13.75, 11.25, 14 ], "texture": "#carrot_on_a_stick" },
				"up": { "uv": [ 11.25, 14, 15.75, 13.75 ], "texture": "#carrot_on_a_stick" },
				"north": { "uv": [ 11.25, 13.5, 6.75, 13.75 ], "texture": "#carrot_on_a_stick" },
				"south": { "uv": [ 11.25, 13.5, 15.75, 13.75 ], "texture": "#carrot_on_a_stick" },
				"west": { "uv": [ 4, 12.25, 4.25, 12.5 ], "texture": "#carrot_on_a_stick" },
				"east": { "uv": [ 4.5, 12.25, 4.25, 12.5 ], "texture": "#carrot_on_a_stick" }
			}
		},
		{
			"__comment": "Voxels",
			"from": [ 4, 8.5, 6 ],
			"to": [ 4.5, 9, 6.5 ],
			"faces": {
				"down": { "uv": [ 4.5, 12.25, 4.75, 12.5 ], "texture": "#carrot_on_a_stick" },
				"up": { "uv": [ 4.75, 12.5, 5, 12.25 ], "texture": "#carrot_on_a_stick" },
				"north": { "uv": [ 2.25, 8.75, 2, 9 ], "texture": "#carrot_on_a_stick" },
				"south": { "uv": [ 2.25, 8.75, 2.5, 9 ], "texture": "#carrot_on_a_stick" },
				"west": { "uv": [ 2.5, 8.75, 2.75, 9 ], "texture": "#carrot_on_a_stick" },
				"east": { "uv": [ 3, 8.75, 2.75, 9 ], "texture": "#carrot_on_a_stick" }
			}
		},
		{
			"__comment": "Voxels",
			"from": [ 4.5, 1.5, 6 ],
			"to": [ 12.5, 2, 6.5 ],
			"faces": {
				"down": { "uv": [ 6.75, 12, 10.75, 12.25 ], "texture": "#carrot_on_a_stick" },
				"up": { "uv": [ 6.75, 13, 10.75, 12.75 ], "texture": "#carrot_on_a_stick" },
				"north": { "uv": [ 10.75, 12.5, 6.75, 12.75 ], "texture": "#carrot_on_a_stick" },
				"south": { "uv": [ 6.75, 12.25, 10.75, 12.5 ], "texture": "#carrot_on_a_stick" },
				"west": { "uv": [ 2, 8.5, 2.25, 8.75 ], "texture": "#carrot_on_a_stick" },
				"east": { "uv": [ 2.25, 8.25, 2, 8.5 ], "texture": "#carrot_on_a_stick" }
			}
		},
		{
			"__comment": "Voxels",
			"from": [ 4.5, 2.5, 6 ],
			"to": [ 12.5, 3, 6.5 ],
			"faces": {
				"down": { "uv": [ 6.75, 11.5, 10.75, 11.75 ], "texture": "#carrot_on_a_stick" },
				"up": { "uv": [ 6.75, 11.5, 10.75, 11.25 ], "texture": "#carrot_on_a_stick" },
				"north": { "uv": [ 10.75, 11, 6.75, 11.25 ], "texture": "#carrot_on_a_stick" },
				"south": { "uv": [ 6.75, 11.75, 10.75, 12 ], "texture": "#carrot_on_a_stick" },
				"west": { "uv": [ 2, 8, 2.25, 8.25 ], "texture": "#carrot_on_a_stick" },
				"east": { "uv": [ 2.5, 8.5, 2.25, 8.75 ], "texture": "#carrot_on_a_stick" }
			}
		},
		{
			"__comment": "Voxels",
			"from": [ 4.5, 8, 6 ],
			"to": [ 5, 8.5, 6.5 ],
			"faces": {
				"down": { "uv": [ 2.5, 8.5, 2.75, 8.75 ], "texture": "#carrot_on_a_stick" },
				"up": { "uv": [ 2.75, 8.75, 3, 8.5 ], "texture": "#carrot_on_a_stick" },
				"north": { "uv": [ 2.5, 8.25, 2.25, 8.5 ], "texture": "#carrot_on_a_stick" },
				"south": { "uv": [ 2.25, 8, 2.5, 8.25 ], "texture": "#carrot_on_a_stick" },
				"west": { "uv": [ 2.5, 8.25, 2.75, 8.5 ], "texture": "#carrot_on_a_stick" },
				"east": { "uv": [ 3, 8.25, 2.75, 8.5 ], "texture": "#carrot_on_a_stick" }
			}
		},
		{
			"__comment": "Voxels",
			"from": [ 5, 2, 6 ],
			"to": [ 12.5, 2.5, 6.5 ],
			"faces": {
				"down": { "uv": [ 3, 14.75, 6.75, 15 ], "texture": "#carrot_on_a_stick" },
				"up": { "uv": [ 3, 14.75, 6.75, 14.5 ], "texture": "#carrot_on_a_stick" },
				"north": { "uv": [ 6.75, 14.25, 3, 14.5 ], "texture": "#carrot_on_a_stick" },
				"south": { "uv": [ 3, 13.75, 6.75, 14 ], "texture": "#carrot_on_a_stick" },
				"west": { "uv": [ 2.5, 8, 2.75, 8.25 ], "texture": "#carrot_on_a_stick" },
				"east": { "uv": [ 3, 8, 2.75, 8.25 ], "texture": "#carrot_on_a_stick" }
			}
		},
		{
			"__comment": "Voxels",
			"from": [ 5, 7.5, 6 ],
			"to": [ 5.5, 8, 6.5 ],
			"faces": {
				"down": { "uv": [ 3, 13.25, 3.25, 13.5 ], "texture": "#carrot_on_a_stick" },
				"up": { "uv": [ 3.25, 13.5, 3.5, 13.25 ], "texture": "#carrot_on_a_stick" },
				"north": { "uv": [ 3.75, 13.25, 3.5, 13.5 ], "texture": "#carrot_on_a_stick" },
				"south": { "uv": [ 3.75, 13.25, 4, 13.5 ], "texture": "#carrot_on_a_stick" },
				"west": { "uv": [ 4, 13.25, 4.25, 13.5 ], "texture": "#carrot_on_a_stick" },
				"east": { "uv": [ 4.5, 13.25, 4.25, 13.5 ], "texture": "#carrot_on_a_stick" }
			}
		},
		{
			"__comment": "Voxels",
			"from": [ 5.5, 5, 6 ],
			"to": [ 11.5, 6.5, 6.5 ],
			"faces": {
				"down": { "uv": [ 0, 12.5, 3, 12.75 ], "texture": "#carrot_on_a_stick" },
				"up": { "uv": [ 0, 13, 3, 12.75 ], "texture": "#carrot_on_a_stick" },
				"north": { "uv": [ 3, 14.5, 0, 15.25 ], "texture": "#carrot_on_a_stick" },
				"south": { "uv": [ 0, 15.25, 3, 16 ], "texture": "#carrot_on_a_stick" },
				"west": { "uv": [ 2.5, 13.75, 2.75, 14.5 ], "texture": "#carrot_on_a_stick" },
				"east": { "uv": [ 3, 13.75, 2.75, 14.5 ], "texture": "#carrot_on_a_stick" }
			}
		},
		{
			"__comment": "Voxels",
			"from": [ 6, -0.5, 6 ],
			"to": [ 10.5, 0, 6.5 ],
			"faces": {
				"down": { "uv": [ 0, 11.75, 2.25, 12 ], "texture": "#carrot_on_a_stick" },
				"up": { "uv": [ 0, 11.75, 2.25, 11.5 ], "texture": "#carrot_on_a_stick" },
				"north": { "uv": [ 2.25, 11.25, 0, 11.5 ], "texture": "#carrot_on_a_stick" },
				"south": { "uv": [ 0, 11, 2.25, 11.25 ], "texture": "#carrot_on_a_stick" },
				"west": { "uv": [ 4.5, 13.25, 4.75, 13.5 ], "texture": "#carrot_on_a_stick" },
				"east": { "uv": [ 5, 13.25, 4.75, 13.5 ], "texture": "#carrot_on_a_stick" }
			}
		},
		{
			"__comment": "Voxels",
			"from": [ 6, 6.5, 6 ],
			"to": [ 11, 8, 6.5 ],
			"faces": {
				"down": { "uv": [ 0, 12.25, 2.5, 12.5 ], "texture": "#carrot_on_a_stick" },
				"up": { "uv": [ 0, 12.25, 2.5, 12 ], "texture": "#carrot_on_a_stick" },
				"north": { "uv": [ 2.5, 13, 0, 13.75 ], "texture": "#carrot_on_a_stick" },
				"south": { "uv": [ 0, 13.75, 2.5, 14.5 ], "texture": "#carrot_on_a_stick" },
				"west": { "uv": [ 2.5, 13, 2.75, 13.75 ], "texture": "#carrot_on_a_stick" },
				"east": { "uv": [ 3, 13, 2.75, 13.75 ], "texture": "#carrot_on_a_stick" }
			}
		},
		{
			"__comment": "Voxels",
			"from": [ 6.5, -1, 6 ],
			"to": [ 7.5, -0.5, 6.5 ],
			"faces": {
				"down": { "uv": [ 1.5, 9.25, 2, 9.5 ], "texture": "#carrot_on_a_stick" },
				"up": { "uv": [ 2.5, 9.25, 3, 9 ], "texture": "#carrot_on_a_stick" },
				"north": { "uv": [ 1, 8, 0.5, 8.25 ], "texture": "#carrot_on_a_stick" },
				"south": { "uv": [ 1, 9.25, 1.5, 9.5 ], "texture": "#carrot_on_a_stick" },
				"west": { "uv": [ 5, 13.25, 5.25, 13.5 ], "texture": "#carrot_on_a_stick" },
				"east": { "uv": [ 6.5, 13, 6.25, 13.25 ], "texture": "#carrot_on_a_stick" }
			}
		},
		{
			"__comment": "Voxels",
			"from": [ 6.5, 8, 6 ],
			"to": [ 10.5, 8.5, 6.5 ],
			"faces": {
				"down": { "uv": [ 0, 10.75, 2, 11 ], "texture": "#carrot_on_a_stick" },
				"up": { "uv": [ 0, 10.5, 2, 10.25 ], "texture": "#carrot_on_a_stick" },
				"north": { "uv": [ 2, 10.5, 0, 10.75 ], "texture": "#carrot_on_a_stick" },
				"south": { "uv": [ 0, 10, 2, 10.25 ], "texture": "#carrot_on_a_stick" },
				"west": { "uv": [ 6.5, 13.25, 6.75, 13.5 ], "texture": "#carrot_on_a_stick" },
				"east": { "uv": [ 3.25, 13, 3, 13.25 ], "texture": "#carrot_on_a_stick" }
			}
		},
		{
			"__comment": "Voxels",
			"from": [ 7, 8.5, 6 ],
			"to": [ 10, 9, 6.5 ],
			"faces": {
				"down": { "uv": [ 0, 9.75, 1.5, 10 ], "texture": "#carrot_on_a_stick" },
				"up": { "uv": [ 1.5, 10, 3, 9.75 ], "texture": "#carrot_on_a_stick" },
				"north": { "uv": [ 3, 9.5, 1.5, 9.75 ], "texture": "#carrot_on_a_stick" },
				"south": { "uv": [ 0, 9.5, 1.5, 9.75 ], "texture": "#carrot_on_a_stick" },
				"west": { "uv": [ 4.25, 13, 4.5, 13.25 ], "texture": "#carrot_on_a_stick" },
				"east": { "uv": [ 4.75, 13, 4.5, 13.25 ], "texture": "#carrot_on_a_stick" }
			}
		},
		{
			"__comment": "Voxels",
			"from": [ 7.5, 9, 6 ],
			"to": [ 9.5, 9.5, 6.5 ],
			"faces": {
				"down": { "uv": [ 2, 10.75, 3, 11 ], "texture": "#carrot_on_a_stick" },
				"up": { "uv": [ 2, 10.75, 3, 10.5 ], "texture": "#carrot_on_a_stick" },
				"north": { "uv": [ 3, 10.25, 2, 10.5 ], "texture": "#carrot_on_a_stick" },
				"south": { "uv": [ 2, 10, 3, 10.25 ], "texture": "#carrot_on_a_stick" },
				"west": { "uv": [ 5.75, 13, 6, 13.25 ], "texture": "#carrot_on_a_stick" },
				"east": { "uv": [ 6.25, 13, 6, 13.25 ], "texture": "#carrot_on_a_stick" }
			}
		},
		{
			"__comment": "Voxels",
			"from": [ 9, -1, 6 ],
			"to": [ 10, -0.5, 6.5 ],
			"faces": {
				"down": { "uv": [ 2, 9.25, 2.5, 9.5 ], "texture": "#carrot_on_a_stick" },
				"up": { "uv": [ 1, 9.25, 1.5, 9 ], "texture": "#carrot_on_a_stick" },
				"north": { "uv": [ 1.5, 8.75, 1, 9 ], "texture": "#carrot_on_a_stick" },
				"south": { "uv": [ 1.5, 9, 2, 9.25 ], "texture": "#carrot_on_a_stick" },
				"west": { "uv": [ 3.5, 12.75, 3.75, 13 ], "texture": "#carrot_on_a_stick" },
				"east": { "uv": [ 4, 12.75, 3.75, 13 ], "texture": "#carrot_on_a_stick" }
			}
		},
		{
			"__comment": "Voxels",
			"from": [ 11, 0.5, 6 ],
			"to": [ 12.5, 1, 6.5 ],
			"faces": {
				"down": { "uv": [ 2.25, 11.75, 3, 12 ], "texture": "#carrot_on_a_stick" },
				"up": { "uv": [ 2.25, 11.75, 3, 11.5 ], "texture": "#carrot_on_a_stick" },
				"north": { "uv": [ 3, 11.25, 2.25, 11.5 ], "texture": "#carrot_on_a_stick" },
				"south": { "uv": [ 2.25, 11, 3, 11.25 ], "texture": "#carrot_on_a_stick" },
				"west": { "uv": [ 5, 12.75, 5.25, 13 ], "texture": "#carrot_on_a_stick" },
				"east": { "uv": [ 5.5, 12.75, 5.25, 13 ], "texture": "#carrot_on_a_stick" }
			}
		},
		{
			"__comment": "Voxels",
			"from": [ 11.5, 0, 6 ],
			"to": [ 12, 0.5, 6.5 ],
			"faces": {
				"down": { "uv": [ 5.5, 12.75, 5.75, 13 ], "texture": "#carrot_on_a_stick" },
				"up": { "uv": [ 5.75, 13, 6, 12.75 ], "texture": "#carrot_on_a_stick" },
				"north": { "uv": [ 6.25, 12.75, 6, 13 ], "texture": "#carrot_on_a_stick" },
				"south": { "uv": [ 6.25, 12.75, 6.5, 13 ], "texture": "#carrot_on_a_stick" },
				"west": { "uv": [ 6.5, 12.75, 6.75, 13 ], "texture": "#carrot_on_a_stick" },
				"east": { "uv": [ 3.25, 12.5, 3, 12.75 ], "texture": "#carrot_on_a_stick" }
			}
		},
		{
			"__comment": "Voxels",
			"from": [ 11.5, 7.5, 6 ],
			"to": [ 12, 8, 6.5 ],
			"faces": {
				"down": { "uv": [ 3.25, 12.5, 3.5, 12.75 ], "texture": "#carrot_on_a_stick" },
				"up": { "uv": [ 3.5, 12.75, 3.75, 12.5 ], "texture": "#carrot_on_a_stick" },
				"north": { "uv": [ 4, 12.5, 3.75, 12.75 ], "texture": "#carrot_on_a_stick" },
				"south": { "uv": [ 4, 12.5, 4.25, 12.75 ], "texture": "#carrot_on_a_stick" },
				"west": { "uv": [ 4.25, 12.5, 4.5, 12.75 ], "texture": "#carrot_on_a_stick" },
				"east": { "uv": [ 4.75, 12.5, 4.5, 12.75 ], "texture": "#carrot_on_a_stick" }
			}
		},
		{
			"__comment": "Voxels",
			"from": [ 12, 4.5, 6 ],
			"to": [ 14, 5, 6.5 ],
			"faces": {
				"down": { "uv": [ 0, 9, 1, 9.25 ], "texture": "#carrot_on_a_stick" },
				"up": { "uv": [ 0, 9.5, 1, 9.25 ], "texture": "#carrot_on_a_stick" },
				"north": { "uv": [ 1, 8.75, 0, 9 ], "texture": "#carrot_on_a_stick" },
				"south": { "uv": [ 0, 8.5, 1, 8.75 ], "texture": "#carrot_on_a_stick" },
				"west": { "uv": [ 5.75, 12.5, 6, 12.75 ], "texture": "#carrot_on_a_stick" },
				"east": { "uv": [ 6.25, 12.5, 6, 12.75 ], "texture": "#carrot_on_a_stick" }
			}
		},
		{
			"__comment": "Voxels",
			"from": [ 12, 8, 6 ],
			"to": [ 12.5, 8.5, 6.5 ],
			"faces": {
				"down": { "uv": [ 6.25, 12.5, 6.5, 12.75 ], "texture": "#carrot_on_a_stick" },
				"up": { "uv": [ 6.5, 12.75, 6.75, 12.5 ], "texture": "#carrot_on_a_stick" },
				"north": { "uv": [ 3.25, 12.25, 3, 12.5 ], "texture": "#carrot_on_a_stick" },
				"south": { "uv": [ 3.25, 12.25, 3.5, 12.5 ], "texture": "#carrot_on_a_stick" },
				"west": { "uv": [ 3.5, 12.25, 3.75, 12.5 ], "texture": "#carrot_on_a_stick" },
				"east": { "uv": [ 4, 12.25, 3.75, 12.5 ], "texture": "#carrot_on_a_stick" }
			}
		},
		{
			"__comment": "Voxels",
			"from": [ 12.5, 5, 6 ],
			"to": [ 13.5, 5.5, 6.5 ],
			"faces": {
				"down": { "uv": [ 1.5, 8.75, 2, 9 ], "texture": "#carrot_on_a_stick" },
				"up": { "uv": [ 1.5, 8.75, 2, 8.5 ], "texture": "#carrot_on_a_stick" },
				"north": { "uv": [ 2, 8.25, 1.5, 8.5 ], "texture": "#carrot_on_a_stick" },
				"south": { "uv": [ 1.5, 8, 2, 8.25 ], "texture": "#carrot_on_a_stick" },
				"west": { "uv": [ 5, 12.25, 5.25, 12.5 ], "texture": "#carrot_on_a_stick" },
				"east": { "uv": [ 5.5, 12.25, 5.25, 12.5 ], "texture": "#carrot_on_a_stick" }
			}
		},
		{
			"__comment": "Voxels",
			"from": [ 12.5, 8.5, 6 ],
			"to": [ 13, 9, 6.5 ],
			"faces": {
				"down": { "uv": [ 5.5, 12.25, 5.75, 12.5 ], "texture": "#carrot_on_a_stick" },
				"up": { "uv": [ 5.75, 12.5, 6, 12.25 ], "texture": "#carrot_on_a_stick" },
				"north": { "uv": [ 6.25, 12.25, 6, 12.5 ], "texture": "#carrot_on_a_stick" },
				"south": { "uv": [ 6.25, 12.25, 6.5, 12.5 ], "texture": "#carrot_on_a_stick" },
				"west": { "uv": [ 6.5, 12.25, 6.75, 12.5 ], "texture": "#carrot_on_a_stick" },
				"east": { "uv": [ 3.25, 12, 3, 12.25 ], "texture": "#carrot_on_a_stick" }
			}
		},
		{
			"__comment": "Voxels",
			"from": [ 14, 6, 6 ],
			"to": [ 14.5, 6.5, 6.5 ],
			"faces": {
				"down": { "uv": [ 3.25, 12, 3.5, 12.25 ], "texture": "#carrot_on_a_stick" },
				"up": { "uv": [ 3.5, 12.25, 3.75, 12 ], "texture": "#carrot_on_a_stick" },
				"north": { "uv": [ 4, 12, 3.75, 12.25 ], "texture": "#carrot_on_a_stick" },
				"south": { "uv": [ 4, 12, 4.25, 12.25 ], "texture": "#carrot_on_a_stick" },
				"west": { "uv": [ 4.25, 12, 4.5, 12.25 ], "texture": "#carrot_on_a_stick" },
				"east": { "uv": [ 4.75, 12, 4.5, 12.25 ], "texture": "#carrot_on_a_stick" }
			}
		},
		{
			"__comment": "Voxels",
			"from": [ 14.5, 6.5, 6 ],
			"to": [ 15, 7, 6.5 ],
			"faces": {
				"down": { "uv": [ 4.75, 12, 5, 12.25 ], "texture": "#carrot_on_a_stick" },
				"up": { "uv": [ 5, 12.25, 5.25, 12 ], "texture": "#carrot_on_a_stick" },
				"north": { "uv": [ 5.5, 12, 5.25, 12.25 ], "texture": "#carrot_on_a_stick" },
				"south": { "uv": [ 5.5, 12, 5.75, 12.25 ], "texture": "#carrot_on_a_stick" },
				"west": { "uv": [ 5.75, 12, 6, 12.25 ], "texture": "#carrot_on_a_stick" },
				"east": { "uv": [ 6.25, 12, 6, 12.25 ], "texture": "#carrot_on_a_stick" }
			}
		}
	],
	"display": {
		"thirdperson_righthand": {
			"translation":  [ 0, 6.2608, 2.0869 ],
			"scale":  [ 0.7, 0.7, 0.7 ]
		},
		"thirdperson_lefthand": {
			"translation":  [ 0, 6.2608, 2.0869 ],
			"scale":  [ 0.7, 0.7, 0.7 ]
		},
		"firstperson_righthand": {
			"translation":  [ 0, 6.9565, 0 ]
		},
		"firstperson_lefthand": {
			"translation":  [ 0, 6.9565, 0 ]
		},
		"gui": {
			"translation":  [ 0, 3.4782, 2.0875 ]
		},
		"ground": {
			"translation":  [ 0, 4.8695, 0 ]
		},
		"fixed": {
			"translation":  [ 0, 3.4782, 0 ]
		}
	}
}