{
	"textures": {
		"light_blue_dye": "item/light_blue_dye"
	},
	"elements": [ 	 
		{
			"__comment": "Voxels",
			"from": [ 1, 12, 6 ],
			"to": [ 15, 24, 10 ],
			"faces": {
				"down": { "uv": [ 7.5, 15, 11, 16 ], "texture": "#light_blue_dye" },
				"up": { "uv": [ 11, 16, 14.5, 15 ], "texture": "#light_blue_dye" },
				"north": { "uv": [ 3.5, 13, 0, 16 ], "texture": "#light_blue_dye" },
				"south": { "uv": [ 0, 10, 3.5, 13 ], "texture": "#light_blue_dye" },
				"west": { "uv": [ 7.5, 12, 8.5, 15 ], "texture": "#light_blue_dye" },
				"east": { "uv": [ 8.5, 9, 7.5, 12 ], "texture": "#light_blue_dye" }
			}
		},
		{
			"__comment": "Voxels",
			"from": [ 4, 0, 6 ],
			"to": [ 12, 12, 10 ],
			"faces": {
				"down": { "uv": [ 9.5, 14, 11.5, 15 ], "texture": "#light_blue_dye" },
				"up": { "uv": [ 11.5, 15, 13.5, 14 ], "texture": "#light_blue_dye" },
				"north": { "uv": [ 5.5, 13, 3.5, 16 ], "texture": "#light_blue_dye" },
				"south": { "uv": [ 3.5, 10, 5.5, 13 ], "texture": "#light_blue_dye" },
				"west": { "uv": [ 8.5, 12, 9.5, 15 ], "texture": "#light_blue_dye" },
				"east": { "uv": [ 9.5, 9, 8.5, 12 ], "texture": "#light_blue_dye" }
			}
		},
		{
			"__comment": "Voxels",
			"from": [ 4, 24, 4 ],
			"to": [ 12, 32, 12 ],
			"faces": {
				"down": { "uv": [ 0, 8, 2, 10 ], "texture": "#light_blue_dye" },
				"up": { "uv": [ 3.5, 10, 5.5, 8 ], "texture": "#light_blue_dye" },
				"north": { "uv": [ 7.5, 14, 5.5, 16 ], "texture": "#light_blue_dye" },
				"south": { "uv": [ 5.5, 12, 7.5, 14 ], "texture": "#light_blue_dye" },
				"west": { "uv": [ 5.5, 10, 7.5, 12 ], "texture": "#light_blue_dye" },
				"east": { "uv": [ 7.5, 8, 5.5, 10 ], "texture": "#light_blue_dye" }
			}
		}
	],
	"display": {
		"thirdperson_righthand": {
			"rotation":  [ 0, -180, 0 ]
		},
		"thirdperson_lefthand": {
			"rotation":  [ 0, -180, 0 ]
		},
		"firstperson_righthand": {
			"rotation":  [ 0, -180, 0 ],
			"translation":  [ 0, -10.43, 0 ]
		},
		"firstperson_lefthand": {
			"rotation":  [ 0, -180, 0 ],
			"translation":  [ 0, -10.43, 0 ]
		},
		"gui": {
			"rotation":  [ 0, -180, 0 ],
			"translation":  [ 0, -15.29, 0 ]
		},
		"fixed": {
			"translation":  [ 0, 0, -20 ],
			"scale":  [ 4, 4, 4 ]
		}
	}
}