{
  "parent": "minecraft:item/hand_held",
  "textures": {
  "carrot_on_a_stick": "minecraft:item/pos_set"
	},
	"elements": [ 	 
		{
			"__comment": "Voxels",
			"from": [ 1, 11, -2 ],
			"to": [ 10, 12.5, -1.5 ],
			"faces": {
				"down": { "uv": [ 2.75, 14.25, 7.25, 14.5 ], "texture": "#carrot_on_a_stick" },
				"up": { "uv": [ 2.75, 14.25, 7.25, 14 ], "texture": "#carrot_on_a_stick" },
				"north": { "uv": [ 7.25, 15.25, 2.75, 16 ], "texture": "#carrot_on_a_stick" },
				"south": { "uv": [ 2.75, 14.5, 7.25, 15.25 ], "texture": "#carrot_on_a_stick" },
				"west": { "uv": [ 7.25, 9.25, 7.5, 10 ], "texture": "#carrot_on_a_stick" },
				"east": { "uv": [ 7.5, 8.5, 7.25, 9.25 ], "texture": "#carrot_on_a_stick" }
			}
		},
		{
			"__comment": "Voxels",
			"from": [ 1.5, 8, -2 ],
			"to": [ 3, 11, -1.5 ],
			"faces": {
				"down": { "uv": [ 0.75, 8, 1.5, 8.25 ], "texture": "#carrot_on_a_stick" },
				"up": { "uv": [ 1.5, 8.25, 2.25, 8 ], "texture": "#carrot_on_a_stick" },
				"north": { "uv": [ 0.75, 9.5, 0, 11 ], "texture": "#carrot_on_a_stick" },
				"south": { "uv": [ 0, 8, 0.75, 9.5 ], "texture": "#carrot_on_a_stick" },
				"west": { "uv": [ 2.25, 9.5, 2.5, 11 ], "texture": "#carrot_on_a_stick" },
				"east": { "uv": [ 2.75, 9.5, 2.5, 11 ], "texture": "#carrot_on_a_stick" }
			}
		},
		{
			"__comment": "Voxels",
			"from": [ 1.5, 12.5, -2 ],
			"to": [ 10, 13, -1.5 ],
			"faces": {
				"down": { "uv": [ 2.75, 13.25, 7, 13.5 ], "texture": "#carrot_on_a_stick" },
				"up": { "uv": [ 2.75, 13.25, 7, 13 ], "texture": "#carrot_on_a_stick" },
				"north": { "uv": [ 7, 12.75, 2.75, 13 ], "texture": "#carrot_on_a_stick" },
				"south": { "uv": [ 2.75, 12.5, 7, 12.75 ], "texture": "#carrot_on_a_stick" },
				"west": { "uv": [ 7, 8.75, 7.25, 9 ], "texture": "#carrot_on_a_stick" },
				"east": { "uv": [ 14.5, 15, 14.25, 15.25 ], "texture": "#carrot_on_a_stick" }
			}
		},
		{
			"__comment": "Voxels",
			"from": [ 2, 7.5, -2 ],
			"to": [ 2.5, 8, -1.5 ],
			"faces": {
				"down": { "uv": [ 7.5, 14.5, 7.75, 14.75 ], "texture": "#carrot_on_a_stick" },
				"up": { "uv": [ 7, 13.5, 7.25, 13.25 ], "texture": "#carrot_on_a_stick" },
				"north": { "uv": [ 7.75, 14.25, 7.5, 14.5 ], "texture": "#carrot_on_a_stick" },
				"south": { "uv": [ 7, 13, 7.25, 13.25 ], "texture": "#carrot_on_a_stick" },
				"west": { "uv": [ 7, 12.75, 7.25, 13 ], "texture": "#carrot_on_a_stick" },
				"east": { "uv": [ 7.25, 12.5, 7, 12.75 ], "texture": "#carrot_on_a_stick" }
			}
		},
		{
			"__comment": "Voxels",
			"from": [ 2.5, 13, -2 ],
			"to": [ 10, 13.5, -1.5 ],
			"faces": {
				"down": { "uv": [ 2.75, 12.25, 6.5, 12.5 ], "texture": "#carrot_on_a_stick" },
				"up": { "uv": [ 2.75, 11.75, 6.5, 11.5 ], "texture": "#carrot_on_a_stick" },
				"north": { "uv": [ 6.5, 11.75, 2.75, 12 ], "texture": "#carrot_on_a_stick" },
				"south": { "uv": [ 2.75, 12, 6.5, 12.25 ], "texture": "#carrot_on_a_stick" },
				"west": { "uv": [ 7, 9.25, 7.25, 9.5 ], "texture": "#carrot_on_a_stick" },
				"east": { "uv": [ 7.25, 9, 7, 9.25 ], "texture": "#carrot_on_a_stick" }
			}
		},
		{
			"__comment": "Voxels",
			"from": [ 3, 10, -2 ],
			"to": [ 7.5, 11, -1.5 ],
			"faces": {
				"down": { "uv": [ 9.5, 15.25, 11.75, 15.5 ], "texture": "#carrot_on_a_stick" },
				"up": { "uv": [ 11.75, 15.5, 14, 15.25 ], "texture": "#carrot_on_a_stick" },
				"north": { "uv": [ 5, 13.5, 2.75, 14 ], "texture": "#carrot_on_a_stick" },
				"south": { "uv": [ 0, 11, 2.25, 11.5 ], "texture": "#carrot_on_a_stick" },
				"west": { "uv": [ 6.75, 8, 7, 8.5 ], "texture": "#carrot_on_a_stick" },
				"east": { "uv": [ 6.75, 8, 6.5, 8.5 ], "texture": "#carrot_on_a_stick" }
			}
		},
		{
			"__comment": "Voxels",
			"from": [ 3.5, 9.5, -2 ],
			"to": [ 6.5, 10, -1.5 ],
			"faces": {
				"down": { "uv": [ 5.5, 9, 7, 9.25 ], "texture": "#carrot_on_a_stick" },
				"up": { "uv": [ 5.5, 9, 7, 8.75 ], "texture": "#carrot_on_a_stick" },
				"north": { "uv": [ 7, 8.5, 5.5, 8.75 ], "texture": "#carrot_on_a_stick" },
				"south": { "uv": [ 5.5, 9.25, 7, 9.5 ], "texture": "#carrot_on_a_stick" },
				"west": { "uv": [ 15.5, 15.5, 15.75, 15.75 ], "texture": "#carrot_on_a_stick" },
				"east": { "uv": [ 16, 15.5, 15.75, 15.75 ], "texture": "#carrot_on_a_stick" }
			}
		},
		{
			"__comment": "Voxels",
			"from": [ 3.5, 13.5, -2 ],
			"to": [ 10, 14, -1.5 ],
			"faces": {
				"down": { "uv": [ 2.75, 10.5, 6, 10.75 ], "texture": "#carrot_on_a_stick" },
				"up": { "uv": [ 2.75, 11.5, 6, 11.25 ], "texture": "#carrot_on_a_stick" },
				"north": { "uv": [ 6, 10.75, 2.75, 11 ], "texture": "#carrot_on_a_stick" },
				"south": { "uv": [ 2.75, 11, 6, 11.25 ], "texture": "#carrot_on_a_stick" },
				"west": { "uv": [ 15, 15.25, 15.25, 15.5 ], "texture": "#carrot_on_a_stick" },
				"east": { "uv": [ 15.5, 15.5, 15.25, 15.75 ], "texture": "#carrot_on_a_stick" }
			}
		},
		{
			"__comment": "Voxels",
			"from": [ 3.5, 17.5, -2 ],
			"to": [ 9, 20, -1.5 ],
			"faces": {
				"down": { "uv": [ 2.75, 9.75, 5.5, 10 ], "texture": "#carrot_on_a_stick" },
				"up": { "uv": [ 2.75, 10.25, 5.5, 10 ], "texture": "#carrot_on_a_stick" },
				"north": { "uv": [ 2.75, 14.75, 0, 16 ], "texture": "#carrot_on_a_stick" },
				"south": { "uv": [ 0, 13.5, 2.75, 14.75 ], "texture": "#carrot_on_a_stick" },
				"west": { "uv": [ 7.25, 12.5, 7.5, 13.75 ], "texture": "#carrot_on_a_stick" },
				"east": { "uv": [ 7.5, 13.75, 7.25, 15 ], "texture": "#carrot_on_a_stick" }
			}
		},
		{
			"__comment": "Voxels",
			"from": [ 4, 16.5, -2 ],
			"to": [ 9.5, 17, -1.5 ],
			"faces": {
				"down": { "uv": [ 2.75, 8.75, 5.5, 9 ], "texture": "#carrot_on_a_stick" },
				"up": { "uv": [ 2.75, 8.25, 5.5, 8 ], "texture": "#carrot_on_a_stick" },
				"north": { "uv": [ 5.5, 9, 2.75, 9.25 ], "texture": "#carrot_on_a_stick" },
				"south": { "uv": [ 7.25, 15.75, 10, 16 ], "texture": "#carrot_on_a_stick" },
				"west": { "uv": [ 15.75, 15.25, 16, 15.5 ], "texture": "#carrot_on_a_stick" },
				"east": { "uv": [ 14.75, 15, 14.5, 15.25 ], "texture": "#carrot_on_a_stick" }
			}
		},
		{
			"__comment": "Voxels",
			"from": [ 4, 17, -2 ],
			"to": [ 8.5, 17.5, -1.5 ],
			"faces": {
				"down": { "uv": [ 9.5, 15, 11.75, 15.25 ], "texture": "#carrot_on_a_stick" },
				"up": { "uv": [ 11.75, 15.25, 14, 15 ], "texture": "#carrot_on_a_stick" },
				"north": { "uv": [ 7.25, 13.75, 5, 14 ], "texture": "#carrot_on_a_stick" },
				"south": { "uv": [ 5, 13.5, 7.25, 13.75 ], "texture": "#carrot_on_a_stick" },
				"west": { "uv": [ 15, 15, 15.25, 15.25 ], "texture": "#carrot_on_a_stick" },
				"east": { "uv": [ 15.5, 15, 15.25, 15.25 ], "texture": "#carrot_on_a_stick" }
			}
		},
		{
			"__comment": "Voxels",
			"from": [ 4, 20, -2 ],
			"to": [ 8.5, 20.5, -1.5 ],
			"faces": {
				"down": { "uv": [ 9.75, 15.5, 12, 15.75 ], "texture": "#carrot_on_a_stick" },
				"up": { "uv": [ 12, 15.75, 14.25, 15.5 ], "texture": "#carrot_on_a_stick" },
				"north": { "uv": [ 9.5, 15.25, 7.25, 15.5 ], "texture": "#carrot_on_a_stick" },
				"south": { "uv": [ 7.25, 15, 9.5, 15.25 ], "texture": "#carrot_on_a_stick" },
				"west": { "uv": [ 7, 8.5, 7.25, 8.75 ], "texture": "#carrot_on_a_stick" },
				"east": { "uv": [ 7.75, 14, 7.5, 14.25 ], "texture": "#carrot_on_a_stick" }
			}
		},
		{
			"__comment": "Voxels",
			"from": [ 4.5, 6.5, -2 ],
			"to": [ 6, 9.5, -1.5 ],
			"faces": {
				"down": { "uv": [ 6.5, 11.5, 7.25, 11.75 ], "texture": "#carrot_on_a_stick" },
				"up": { "uv": [ 6.5, 12, 7.25, 11.75 ], "texture": "#carrot_on_a_stick" },
				"north": { "uv": [ 1.5, 9.5, 0.75, 11 ], "texture": "#carrot_on_a_stick" },
				"south": { "uv": [ 1.5, 9.5, 2.25, 11 ], "texture": "#carrot_on_a_stick" },
				"west": { "uv": [ 2.25, 8, 2.5, 9.5 ], "texture": "#carrot_on_a_stick" },
				"east": { "uv": [ 2.75, 8, 2.5, 9.5 ], "texture": "#carrot_on_a_stick" }
			}
		},
		{
			"__comment": "Voxels",
			"from": [ 4.5, 14, -2 ],
			"to": [ 10, 14.5, -1.5 ],
			"faces": {
				"down": { "uv": [ 2.75, 10.25, 5.5, 10.5 ], "texture": "#carrot_on_a_stick" },
				"up": { "uv": [ 10, 16, 12.75, 15.75 ], "texture": "#carrot_on_a_stick" },
				"north": { "uv": [ 5.5, 8.5, 2.75, 8.75 ], "texture": "#carrot_on_a_stick" },
				"south": { "uv": [ 2.75, 8.25, 5.5, 8.5 ], "texture": "#carrot_on_a_stick" },
				"west": { "uv": [ 15.5, 15.25, 15.75, 15.5 ], "texture": "#carrot_on_a_stick" },
				"east": { "uv": [ 15.5, 15.25, 15.25, 15.5 ], "texture": "#carrot_on_a_stick" }
			}
		},
		{
			"__comment": "Voxels",
			"from": [ 4.5, 15.5, -2 ],
			"to": [ 10, 16.5, -1.5 ],
			"faces": {
				"down": { "uv": [ 2.75, 9.5, 5.5, 9.75 ], "texture": "#carrot_on_a_stick" },
				"up": { "uv": [ 2.75, 9.5, 5.5, 9.25 ], "texture": "#carrot_on_a_stick" },
				"north": { "uv": [ 2.75, 12.5, 0, 13 ], "texture": "#carrot_on_a_stick" },
				"south": { "uv": [ 0, 13, 2.75, 13.5 ], "texture": "#carrot_on_a_stick" },
				"west": { "uv": [ 2.25, 11, 2.5, 11.5 ], "texture": "#carrot_on_a_stick" },
				"east": { "uv": [ 2.75, 11.5, 2.5, 12 ], "texture": "#carrot_on_a_stick" }
			}
		},
		{
			"__comment": "Voxels",
			"from": [ 4.5, 20.5, -2 ],
			"to": [ 8, 21, -1.5 ],
			"faces": {
				"down": { "uv": [ 5.5, 10, 7.25, 10.25 ], "texture": "#carrot_on_a_stick" },
				"up": { "uv": [ 5.5, 10, 7.25, 9.75 ], "texture": "#carrot_on_a_stick" },
				"north": { "uv": [ 7.25, 9.5, 5.5, 9.75 ], "texture": "#carrot_on_a_stick" },
				"south": { "uv": [ 5.5, 10.25, 7.25, 10.5 ], "texture": "#carrot_on_a_stick" },
				"west": { "uv": [ 7.25, 8.25, 7.5, 8.5 ], "texture": "#carrot_on_a_stick" },
				"east": { "uv": [ 7.5, 8, 7.25, 8.25 ], "texture": "#carrot_on_a_stick" }
			}
		},
		{
			"__comment": "Voxels",
			"from": [ 5, 6, -2 ],
			"to": [ 5.5, 6.5, -1.5 ],
			"faces": {
				"down": { "uv": [ 7, 8.25, 7.25, 8.5 ], "texture": "#carrot_on_a_stick" },
				"up": { "uv": [ 7, 8.25, 7.25, 8 ], "texture": "#carrot_on_a_stick" },
				"north": { "uv": [ 15.5, 15.75, 15.25, 16 ], "texture": "#carrot_on_a_stick" },
				"south": { "uv": [ 14.75, 15, 15, 15.25 ], "texture": "#carrot_on_a_stick" },
				"west": { "uv": [ 15.5, 15.75, 15.75, 16 ], "texture": "#carrot_on_a_stick" },
				"east": { "uv": [ 16, 15.75, 15.75, 16 ], "texture": "#carrot_on_a_stick" }
			}
		},
		{
			"__comment": "Voxels",
			"from": [ 5, 14.5, -2 ],
			"to": [ 10, 15.5, -1.5 ],
			"faces": {
				"down": { "uv": [ 12.75, 15.75, 15.25, 16 ], "texture": "#carrot_on_a_stick" },
				"up": { "uv": [ 7.25, 15.75, 9.75, 15.5 ], "texture": "#carrot_on_a_stick" },
				"north": { "uv": [ 2.5, 11.5, 0, 12 ], "texture": "#carrot_on_a_stick" },
				"south": { "uv": [ 0, 12, 2.5, 12.5 ], "texture": "#carrot_on_a_stick" },
				"west": { "uv": [ 2.5, 11, 2.75, 11.5 ], "texture": "#carrot_on_a_stick" },
				"east": { "uv": [ 2.75, 12, 2.5, 12.5 ], "texture": "#carrot_on_a_stick" }
			}
		},
		{
			"__comment": "Voxels",
			"from": [ 5, 21, -2 ],
			"to": [ 7.5, 21.5, -1.5 ],
			"faces": {
				"down": { "uv": [ 6, 10.5, 7.25, 10.75 ], "texture": "#carrot_on_a_stick" },
				"up": { "uv": [ 6, 11, 7.25, 10.75 ], "texture": "#carrot_on_a_stick" },
				"north": { "uv": [ 7.25, 11, 6, 11.25 ], "texture": "#carrot_on_a_stick" },
				"south": { "uv": [ 6, 11.25, 7.25, 11.5 ], "texture": "#carrot_on_a_stick" },
				"west": { "uv": [ 14, 15, 14.25, 15.25 ], "texture": "#carrot_on_a_stick" },
				"east": { "uv": [ 7.75, 14.75, 7.5, 15 ], "texture": "#carrot_on_a_stick" }
			}
		},
		{
			"__comment": "Voxels",
			"from": [ 7.5, 10.5, -2 ],
			"to": [ 9.5, 11, -1.5 ],
			"faces": {
				"down": { "uv": [ 5.5, 8.25, 6.5, 8.5 ], "texture": "#carrot_on_a_stick" },
				"up": { "uv": [ 5.5, 8.25, 6.5, 8 ], "texture": "#carrot_on_a_stick" },
				"north": { "uv": [ 15, 15.25, 14, 15.5 ], "texture": "#carrot_on_a_stick" },
				"south": { "uv": [ 14.25, 15.5, 15.25, 15.75 ], "texture": "#carrot_on_a_stick" },
				"west": { "uv": [ 15.5, 15, 15.75, 15.25 ], "texture": "#carrot_on_a_stick" },
				"east": { "uv": [ 16, 15, 15.75, 15.25 ], "texture": "#carrot_on_a_stick" }
			}
		},
		{
			"__comment": "Voxels",
			"from": [ 8, 8, -2 ],
			"to": [ 9.5, 10.5, -1.5 ],
			"faces": {
				"down": { "uv": [ 6.5, 12.25, 7.25, 12.5 ], "texture": "#carrot_on_a_stick" },
				"up": { "uv": [ 6.5, 12.25, 7.25, 12 ], "texture": "#carrot_on_a_stick" },
				"north": { "uv": [ 2.25, 8.25, 1.5, 9.5 ], "texture": "#carrot_on_a_stick" },
				"south": { "uv": [ 0.75, 8.25, 1.5, 9.5 ], "texture": "#carrot_on_a_stick" },
				"west": { "uv": [ 7.25, 10, 7.5, 11.25 ], "texture": "#carrot_on_a_stick" },
				"east": { "uv": [ 7.5, 11.25, 7.25, 12.5 ], "texture": "#carrot_on_a_stick" }
			}
		},
		{
			"__comment": "Voxels",
			"from": [ 8.5, 7.5, -2 ],
			"to": [ 9, 8, -1.5 ],
			"faces": {
				"down": { "uv": [ 7.5, 13.75, 7.75, 14 ], "texture": "#carrot_on_a_stick" },
				"up": { "uv": [ 7.5, 13.75, 7.75, 13.5 ], "texture": "#carrot_on_a_stick" },
				"north": { "uv": [ 7.75, 13.25, 7.5, 13.5 ], "texture": "#carrot_on_a_stick" },
				"south": { "uv": [ 7.5, 13, 7.75, 13.25 ], "texture": "#carrot_on_a_stick" },
				"west": { "uv": [ 7.5, 12.75, 7.75, 13 ], "texture": "#carrot_on_a_stick" },
				"east": { "uv": [ 7.75, 12.5, 7.5, 12.75 ], "texture": "#carrot_on_a_stick" }
			}
		}
	],
	"display": {
		"thirdperson_righthand": {
			"translation":  [ 0, -2, 7 ],
			"scale":  [ 0.7, 0.7, 0.7 ]
		},
		"thirdperson_lefthand": {
			"translation":  [ 0, -2, 7 ],
			"scale":  [ 0.7, 0.7, 0.7 ]
		},
		"firstperson_righthand": {
			"rotation":  [ 0, -14, 0 ],
			"translation":  [ 17, -7.781, -8.347 ],
			"scale":  [ 1.2, 1.2, 1.2 ]
		},
		"firstperson_lefthand": {
			"rotation":  [ 0, -14, 0 ],
			"translation":  [ 8, -7.476, -8.347 ],
			"scale":  [ 1.2, 1.2, 1.2 ]
		},
		"gui": {
			"translation":  [ 2, -3.5, 0 ],
			"scale":  [ 0.8, 0.8, 0.8 ]
		},
		"head": {
			"rotation":  [ 0, -180, 0 ],
			"translation":  [ 2.0872, 9.0434, -4.173 ]
		},
		"ground": {
			"rotation":  [ -90, 0, 0 ],
			"translation":  [ -2.782, 1.3919, 3.4782 ]
		},
		"fixed": {
			"rotation":  [ 0, -180, 0 ],
			"translation":  [ 2.0869, -3.477, -5.564 ]
		}
	}
}