{
	"parent": "minecraft:item/hand_held",
    "textures": {
    "carrot_on_a_stick": "minecraft:item/sulae_glow"
	},
	"elements": [ 	 
		{
			"__comment": "Voxels",
			"from": [ 13, 9, 3 ],
			"to": [ 13.5, 10.5, 3.5 ],
			"faces": {
				"down": { "uv": [ 14, 15, 14.5, 15.5 ], "texture": "#carrot_on_a_stick" },
				"up": { "uv": [ 11.5, 15, 12, 14.5 ], "texture": "#carrot_on_a_stick" },
				"north": { "uv": [ 6.5, 10, 6, 11.5 ], "texture": "#carrot_on_a_stick" },
				"south": { "uv": [ 6, 8.5, 6.5, 10 ], "texture": "#carrot_on_a_stick" },
				"west": { "uv": [ 6.5, 11, 7, 12.5 ], "texture": "#carrot_on_a_stick" },
				"east": { "uv": [ 7.5, 11, 7, 12.5 ], "texture": "#carrot_on_a_stick" }
			}
		},
		{
			"__comment": "Voxels",
			"from": [ 13.5, 4.5, 3.5 ],
			"to": [ 14.5, 5.5, 4.5 ],
			"faces": {
				"down": { "uv": [ 6.5, 13.5, 7.5, 14.5 ], "texture": "#carrot_on_a_stick" },
				"up": { "uv": [ 2.5, 9, 3.5, 8 ], "texture": "#carrot_on_a_stick" },
				"north": { "uv": [ 4.5, 8.5, 3.5, 9.5 ], "texture": "#carrot_on_a_stick" },
				"south": { "uv": [ 4.5, 8.5, 5.5, 9.5 ], "texture": "#carrot_on_a_stick" },
				"west": { "uv": [ 6.5, 12.5, 7.5, 13.5 ], "texture": "#carrot_on_a_stick" },
				"east": { "uv": [ 7.5, 14.5, 6.5, 15.5 ], "texture": "#carrot_on_a_stick" }
			}
		},
		{
			"__comment": "Voxels",
			"from": [ 13.5, 5, 3 ],
			"to": [ 17, 6.5, 3.5 ],
			"faces": {
				"down": { "uv": [ 6, 15.5, 9.5, 16 ], "texture": "#carrot_on_a_stick" },
				"up": { "uv": [ 9.5, 16, 13, 15.5 ], "texture": "#carrot_on_a_stick" },
				"north": { "uv": [ 3.5, 14.5, 0, 16 ], "texture": "#carrot_on_a_stick" },
				"south": { "uv": [ 0, 13, 3.5, 14.5 ], "texture": "#carrot_on_a_stick" },
				"west": { "uv": [ 7.5, 14, 8, 15.5 ], "texture": "#carrot_on_a_stick" },
				"east": { "uv": [ 7.5, 8, 7, 9.5 ], "texture": "#carrot_on_a_stick" }
			}
		},
		{
			"__comment": "Voxels",
			"from": [ 13.5, 5.5, 3.5 ],
			"to": [ 14, 6.5, 4 ],
			"faces": {
				"down": { "uv": [ 11, 14.5, 11.5, 15 ], "texture": "#carrot_on_a_stick" },
				"up": { "uv": [ 14.5, 15.5, 15, 15 ], "texture": "#carrot_on_a_stick" },
				"north": { "uv": [ 6, 8.5, 5.5, 9.5 ], "texture": "#carrot_on_a_stick" },
				"south": { "uv": [ 8, 8, 8.5, 9 ], "texture": "#carrot_on_a_stick" },
				"west": { "uv": [ 8.5, 14, 9, 15 ], "texture": "#carrot_on_a_stick" },
				"east": { "uv": [ 9, 13, 8.5, 14 ], "texture": "#carrot_on_a_stick" }
			}
		},
		{
			"__comment": "Voxels",
			"from": [ 13.5, 7.5, 3 ],
			"to": [ 14.5, 9, 3.5 ],
			"faces": {
				"down": { "uv": [ 9.5, 15, 10.5, 15.5 ], "texture": "#carrot_on_a_stick" },
				"up": { "uv": [ 3.5, 8.5, 4.5, 8 ], "texture": "#carrot_on_a_stick" },
				"north": { "uv": [ 3.5, 9.5, 2.5, 11 ], "texture": "#carrot_on_a_stick" },
				"south": { "uv": [ 3.5, 13.5, 4.5, 15 ], "texture": "#carrot_on_a_stick" },
				"west": { "uv": [ 6.5, 9.5, 7, 11 ], "texture": "#carrot_on_a_stick" },
				"east": { "uv": [ 7.5, 9.5, 7, 11 ], "texture": "#carrot_on_a_stick" }
			}
		},
		{
			"__comment": "Voxels",
			"from": [ 14, 3, 3 ],
			"to": [ 16.5, 5, 3.5 ],
			"faces": {
				"down": { "uv": [ 3.5, 9.5, 6, 10 ], "texture": "#carrot_on_a_stick" },
				"up": { "uv": [ 3.5, 11, 6, 10.5 ], "texture": "#carrot_on_a_stick" },
				"north": { "uv": [ 2.5, 9, 0, 11 ], "texture": "#carrot_on_a_stick" },
				"south": { "uv": [ 0, 11, 2.5, 13 ], "texture": "#carrot_on_a_stick" },
				"west": { "uv": [ 6, 13.5, 6.5, 15.5 ], "texture": "#carrot_on_a_stick" },
				"east": { "uv": [ 6.5, 11.5, 6, 13.5 ], "texture": "#carrot_on_a_stick" }
			}
		},
		{
			"__comment": "Voxels",
			"from": [ 14, 6.5, 3 ],
			"to": [ 16.5, 7.5, 3.5 ],
			"faces": {
				"down": { "uv": [ 3.5, 13, 6, 13.5 ], "texture": "#carrot_on_a_stick" },
				"up": { "uv": [ 3.5, 10.5, 6, 10 ], "texture": "#carrot_on_a_stick" },
				"north": { "uv": [ 2.5, 8, 0, 9 ], "texture": "#carrot_on_a_stick" },
				"south": { "uv": [ 3.5, 15, 6, 16 ], "texture": "#carrot_on_a_stick" },
				"west": { "uv": [ 8.5, 12, 9, 13 ], "texture": "#carrot_on_a_stick" },
				"east": { "uv": [ 9, 11, 8.5, 12 ], "texture": "#carrot_on_a_stick" }
			}
		},
		{
			"__comment": "Voxels",
			"from": [ 14, 9, 3 ],
			"to": [ 16.5, 9.5, 3.5 ],
			"faces": {
				"down": { "uv": [ 3.5, 12, 6, 12.5 ], "texture": "#carrot_on_a_stick" },
				"up": { "uv": [ 3.5, 12, 6, 11.5 ], "texture": "#carrot_on_a_stick" },
				"north": { "uv": [ 6, 11, 3.5, 11.5 ], "texture": "#carrot_on_a_stick" },
				"south": { "uv": [ 3.5, 12.5, 6, 13 ], "texture": "#carrot_on_a_stick" },
				"west": { "uv": [ 13.5, 15, 14, 15.5 ], "texture": "#carrot_on_a_stick" },
				"east": { "uv": [ 13.5, 15, 13, 15.5 ], "texture": "#carrot_on_a_stick" }
			}
		},
		{
			"__comment": "Voxels",
			"from": [ 14.5, 2.5, 3 ],
			"to": [ 15, 3, 3.5 ],
			"faces": {
				"down": { "uv": [ 9, 8, 9.5, 8.5 ], "texture": "#carrot_on_a_stick" },
				"up": { "uv": [ 12, 15, 12.5, 14.5 ], "texture": "#carrot_on_a_stick" },
				"north": { "uv": [ 14, 14.5, 13.5, 15 ], "texture": "#carrot_on_a_stick" },
				"south": { "uv": [ 11.5, 15, 12, 15.5 ], "texture": "#carrot_on_a_stick" },
				"west": { "uv": [ 12, 15, 12.5, 15.5 ], "texture": "#carrot_on_a_stick" },
				"east": { "uv": [ 13, 15, 12.5, 15.5 ], "texture": "#carrot_on_a_stick" }
			}
		},
		{
			"__comment": "Voxels",
			"from": [ 14.5, 9.5, 3 ],
			"to": [ 16, 10, 3.5 ],
			"faces": {
				"down": { "uv": [ 14.5, 15.5, 16, 16 ], "texture": "#carrot_on_a_stick" },
				"up": { "uv": [ 8, 15.5, 9.5, 15 ], "texture": "#carrot_on_a_stick" },
				"north": { "uv": [ 6, 8, 4.5, 8.5 ], "texture": "#carrot_on_a_stick" },
				"south": { "uv": [ 13, 15.5, 14.5, 16 ], "texture": "#carrot_on_a_stick" },
				"west": { "uv": [ 9, 9.5, 9.5, 10 ], "texture": "#carrot_on_a_stick" },
				"east": { "uv": [ 9.5, 9, 9, 9.5 ], "texture": "#carrot_on_a_stick" }
			}
		},
		{
			"__comment": "Voxels",
			"from": [ 14.5, 10.5, 3 ],
			"to": [ 15, 12, 3.5 ],
			"faces": {
				"down": { "uv": [ 9, 8.5, 9.5, 9 ], "texture": "#carrot_on_a_stick" },
				"up": { "uv": [ 10.5, 15, 11, 14.5 ], "texture": "#carrot_on_a_stick" },
				"north": { "uv": [ 7, 8, 6.5, 9.5 ], "texture": "#carrot_on_a_stick" },
				"south": { "uv": [ 5.5, 13.5, 6, 15 ], "texture": "#carrot_on_a_stick" },
				"west": { "uv": [ 7.5, 12.5, 8, 14 ], "texture": "#carrot_on_a_stick" },
				"east": { "uv": [ 8, 11, 7.5, 12.5 ], "texture": "#carrot_on_a_stick" }
			}
		},
		{
			"__comment": "Voxels",
			"from": [ 15.5, 2.5, 3 ],
			"to": [ 16, 3, 3.5 ],
			"faces": {
				"down": { "uv": [ 14, 14.5, 14.5, 15 ], "texture": "#carrot_on_a_stick" },
				"up": { "uv": [ 14.5, 15, 15, 14.5 ], "texture": "#carrot_on_a_stick" },
				"north": { "uv": [ 6.5, 8, 6, 8.5 ], "texture": "#carrot_on_a_stick" },
				"south": { "uv": [ 10.5, 15, 11, 15.5 ], "texture": "#carrot_on_a_stick" },
				"west": { "uv": [ 11, 15, 11.5, 15.5 ], "texture": "#carrot_on_a_stick" },
				"east": { "uv": [ 15.5, 14.5, 15, 15 ], "texture": "#carrot_on_a_stick" }
			}
		},
		{
			"__comment": "Voxels",
			"from": [ 16, 7.5, 3 ],
			"to": [ 17, 9, 3.5 ],
			"faces": {
				"down": { "uv": [ 2.5, 11, 3.5, 11.5 ], "texture": "#carrot_on_a_stick" },
				"up": { "uv": [ 2.5, 9.5, 3.5, 9 ], "texture": "#carrot_on_a_stick" },
				"north": { "uv": [ 3.5, 11.5, 2.5, 13 ], "texture": "#carrot_on_a_stick" },
				"south": { "uv": [ 4.5, 13.5, 5.5, 15 ], "texture": "#carrot_on_a_stick" },
				"west": { "uv": [ 7.5, 8, 8, 9.5 ], "texture": "#carrot_on_a_stick" },
				"east": { "uv": [ 8.5, 13.5, 8, 15 ], "texture": "#carrot_on_a_stick" }
			}
		},
		{
			"__comment": "Voxels",
			"from": [ 16, 11, 3 ],
			"to": [ 16.5, 12.5, 3.5 ],
			"faces": {
				"down": { "uv": [ 15, 15, 15.5, 15.5 ], "texture": "#carrot_on_a_stick" },
				"up": { "uv": [ 15.5, 15.5, 16, 15 ], "texture": "#carrot_on_a_stick" },
				"north": { "uv": [ 8.5, 12, 8, 13.5 ], "texture": "#carrot_on_a_stick" },
				"south": { "uv": [ 8, 10.5, 8.5, 12 ], "texture": "#carrot_on_a_stick" },
				"west": { "uv": [ 8, 9, 8.5, 10.5 ], "texture": "#carrot_on_a_stick" },
				"east": { "uv": [ 8, 9.5, 7.5, 11 ], "texture": "#carrot_on_a_stick" }
			}
		},
		{
			"__comment": "Voxels",
			"from": [ 17, 10, 3 ],
			"to": [ 17.5, 11, 3.5 ],
			"faces": {
				"down": { "uv": [ 9.5, 14.5, 10, 15 ], "texture": "#carrot_on_a_stick" },
				"up": { "uv": [ 10, 15, 10.5, 14.5 ], "texture": "#carrot_on_a_stick" },
				"north": { "uv": [ 9, 9, 8.5, 10 ], "texture": "#carrot_on_a_stick" },
				"south": { "uv": [ 8.5, 8, 9, 9 ], "texture": "#carrot_on_a_stick" },
				"west": { "uv": [ 9, 14, 9.5, 15 ], "texture": "#carrot_on_a_stick" },
				"east": { "uv": [ 9.5, 13, 9, 14 ], "texture": "#carrot_on_a_stick" }
			}
		},
		{
			"__comment": "Voxels",
			"from": [ 17.5, 8.5, 3 ],
			"to": [ 18, 9.5, 3.5 ],
			"faces": {
				"down": { "uv": [ 12.5, 14.5, 13, 15 ], "texture": "#carrot_on_a_stick" },
				"up": { "uv": [ 13, 15, 13.5, 14.5 ], "texture": "#carrot_on_a_stick" },
				"north": { "uv": [ 9.5, 12, 9, 13 ], "texture": "#carrot_on_a_stick" },
				"south": { "uv": [ 9, 11, 9.5, 12 ], "texture": "#carrot_on_a_stick" },
				"west": { "uv": [ 9, 10, 9.5, 11 ], "texture": "#carrot_on_a_stick" },
				"east": { "uv": [ 9, 10, 8.5, 11 ], "texture": "#carrot_on_a_stick" }
			}
		}
	],
	"display": {
		"thirdperson_righthand": {
			"rotation":  [ 34, 0, 0 ],
			"translation":  [ -7.651, 1.3912, 7.6521 ]
		},
		"thirdperson_lefthand": {
			"rotation":  [ 34, 0, 0 ],
			"translation":  [ 6.9565, 0.6956, 6.9565 ]
		},
		"firstperson_righthand": {
			"rotation":  [ 0, -20, 0 ],
			"translation":  [ -8.341, 6.2608, 1.3912 ]
		},
		"firstperson_lefthand": {
			"rotation":  [ 0, -20, 0 ],
			"translation":  [ 13.911, 4.8695, 2.7826 ],
			"scale":  [ 1.5, 1.5, 1.5 ]
		},
		"gui": {
			"translation":  [ -11.12, 0.7979, 6.9562 ],
			"scale":  [ 1.5, 1.5, 1.5 ]
		},
		"ground": {
			"translation":  [ -6.956, 0.6956, 4.1739 ]
		},
		"fixed": {
			"rotation":  [ 0, 180, 0 ],
			"translation":  [ 12.521, 1.3913, -8.346 ],
			"scale":  [ 1.7, 1.7, 1.7 ]
		}
	}
}