{
  "parent": "minecraft:item/hand_held",
  "textures": {
  "carrot_on_a_stick": "minecraft:item/swap_pos"
	},
	"elements": [ 	 
		{
			"__comment": "Voxels",
			"from": [ 4.5, 4, 3 ],
			"to": [ 9.5, 6.5, 3.5 ],
			"faces": {
				"down": { "uv": [ 7.75, 15.75, 10.25, 16 ], "texture": "#carrot_on_a_stick" },
				"up": { "uv": [ 10.25, 16, 12.75, 15.75 ], "texture": "#carrot_on_a_stick" },
				"north": { "uv": [ 2.5, 14.75, 0, 16 ], "texture": "#carrot_on_a_stick" },
				"south": { "uv": [ 0, 13.5, 2.5, 14.75 ], "texture": "#carrot_on_a_stick" },
				"west": { "uv": [ 4.75, 10.75, 5, 12 ], "texture": "#carrot_on_a_stick" },
				"east": { "uv": [ 4.5, 10.75, 4.25, 12 ], "texture": "#carrot_on_a_stick" }
			}
		},
		{
			"__comment": "Voxels",
			"from": [ 5, 0.5, 3 ],
			"to": [ 9, 1.5, 3.5 ],
			"faces": {
				"down": { "uv": [ 5.75, 9.75, 7.75, 10 ], "texture": "#carrot_on_a_stick" },
				"up": { "uv": [ 5.75, 12.5, 7.75, 12.25 ], "texture": "#carrot_on_a_stick" },
				"north": { "uv": [ 7.75, 15.5, 5.75, 16 ], "texture": "#carrot_on_a_stick" },
				"south": { "uv": [ 5.75, 15, 7.75, 15.5 ], "texture": "#carrot_on_a_stick" },
				"west": { "uv": [ 7.75, 14.5, 8, 15 ], "texture": "#carrot_on_a_stick" },
				"east": { "uv": [ 5.75, 8.25, 5.5, 8.75 ], "texture": "#carrot_on_a_stick" }
			}
		},
		{
			"__comment": "Voxels",
			"from": [ 5, 3.5, 3 ],
			"to": [ 9, 4, 3.5 ],
			"faces": {
				"down": { "uv": [ 5.75, 8.75, 7.75, 9 ], "texture": "#carrot_on_a_stick" },
				"up": { "uv": [ 5.75, 8.75, 7.75, 8.5 ], "texture": "#carrot_on_a_stick" },
				"north": { "uv": [ 7.75, 8.25, 5.75, 8.5 ], "texture": "#carrot_on_a_stick" },
				"south": { "uv": [ 5.75, 13.75, 7.75, 14 ], "texture": "#carrot_on_a_stick" },
				"west": { "uv": [ 13.25, 15.5, 13.5, 15.75 ], "texture": "#carrot_on_a_stick" },
				"east": { "uv": [ 14.25, 15.5, 14, 15.75 ], "texture": "#carrot_on_a_stick" }
			}
		},
		{
			"__comment": "Voxels",
			"from": [ 5, 6.5, 3 ],
			"to": [ 9, 7, 3.5 ],
			"faces": {
				"down": { "uv": [ 5.75, 13.5, 7.75, 13.75 ], "texture": "#carrot_on_a_stick" },
				"up": { "uv": [ 5.75, 13.5, 7.75, 13.25 ], "texture": "#carrot_on_a_stick" },
				"north": { "uv": [ 7.75, 13, 5.75, 13.25 ], "texture": "#carrot_on_a_stick" },
				"south": { "uv": [ 5.75, 12.75, 7.75, 13 ], "texture": "#carrot_on_a_stick" },
				"west": { "uv": [ 7.75, 13, 8, 13.25 ], "texture": "#carrot_on_a_stick" },
				"east": { "uv": [ 13.25, 15.5, 13, 15.75 ], "texture": "#carrot_on_a_stick" }
			}
		},
		{
			"__comment": "Voxels",
			"from": [ 5.5, 1.5, 3 ],
			"to": [ 8.5, 3.5, 3.5 ],
			"faces": {
				"down": { "uv": [ 2.5, 9.5, 4, 9.75 ], "texture": "#carrot_on_a_stick" },
				"up": { "uv": [ 2.5, 8.5, 4, 8.25 ], "texture": "#carrot_on_a_stick" },
				"north": { "uv": [ 1.5, 10, 0, 11 ], "texture": "#carrot_on_a_stick" },
				"south": { "uv": [ 0, 9, 1.5, 10 ], "texture": "#carrot_on_a_stick" },
				"west": { "uv": [ 2.25, 9, 2.5, 10 ], "texture": "#carrot_on_a_stick" },
				"east": { "uv": [ 2.25, 9, 2, 10 ], "texture": "#carrot_on_a_stick" }
			}
		},
		{
			"__comment": "Voxels",
			"from": [ 5.5, 7, 3 ],
			"to": [ 8.5, 7.5, 3.5 ],
			"faces": {
				"down": { "uv": [ 2.5, 8, 4, 8.25 ], "texture": "#carrot_on_a_stick" },
				"up": { "uv": [ 2.5, 12, 4, 11.75 ], "texture": "#carrot_on_a_stick" },
				"north": { "uv": [ 4, 11.5, 2.5, 11.75 ], "texture": "#carrot_on_a_stick" },
				"south": { "uv": [ 2.5, 11.25, 4, 11.5 ], "texture": "#carrot_on_a_stick" },
				"west": { "uv": [ 7.75, 12.75, 8, 13 ], "texture": "#carrot_on_a_stick" },
				"east": { "uv": [ 8, 12.5, 7.75, 12.75 ], "texture": "#carrot_on_a_stick" }
			}
		},
		{
			"__comment": "Voxels",
			"from": [ 5.5, 8, 3 ],
			"to": [ 8.5, 9.5, 3.5 ],
			"faces": {
				"down": { "uv": [ 2.5, 11, 4, 11.25 ], "texture": "#carrot_on_a_stick" },
				"up": { "uv": [ 2.5, 11, 4, 10.75 ], "texture": "#carrot_on_a_stick" },
				"north": { "uv": [ 4, 12.75, 2.5, 13.5 ], "texture": "#carrot_on_a_stick" },
				"south": { "uv": [ 2.5, 14.25, 4, 15 ], "texture": "#carrot_on_a_stick" },
				"west": { "uv": [ 5, 11.25, 5.25, 12 ], "texture": "#carrot_on_a_stick" },
				"east": { "uv": [ 4.5, 8, 4.25, 8.75 ], "texture": "#carrot_on_a_stick" }
			}
		},
		{
			"__comment": "Voxels",
			"from": [ 6, 7.5, 3 ],
			"to": [ 8, 8, 3.5 ],
			"faces": {
				"down": { "uv": [ 4, 9.5, 5, 9.75 ], "texture": "#carrot_on_a_stick" },
				"up": { "uv": [ 4, 10, 5, 9.75 ], "texture": "#carrot_on_a_stick" },
				"north": { "uv": [ 5, 10, 4, 10.25 ], "texture": "#carrot_on_a_stick" },
				"south": { "uv": [ 4, 10.25, 5, 10.5 ], "texture": "#carrot_on_a_stick" },
				"west": { "uv": [ 7.75, 12, 8, 12.25 ], "texture": "#carrot_on_a_stick" },
				"east": { "uv": [ 8, 10.75, 7.75, 11 ], "texture": "#carrot_on_a_stick" }
			}
		},
		{
			"__comment": "Voxels",
			"from": [ 6, 9.5, 3 ],
			"to": [ 8, 10, 3.5 ],
			"faces": {
				"down": { "uv": [ 1.5, 8.25, 2.5, 8.5 ], "texture": "#carrot_on_a_stick" },
				"up": { "uv": [ 1.5, 8.75, 2.5, 8.5 ], "texture": "#carrot_on_a_stick" },
				"north": { "uv": [ 2.5, 8.75, 1.5, 9 ], "texture": "#carrot_on_a_stick" },
				"south": { "uv": [ 1.5, 10.25, 2.5, 10.5 ], "texture": "#carrot_on_a_stick" },
				"west": { "uv": [ 7.75, 10.5, 8, 10.75 ], "texture": "#carrot_on_a_stick" },
				"east": { "uv": [ 8, 10.25, 7.75, 10.5 ], "texture": "#carrot_on_a_stick" }
			}
		},
		{
			"__comment": "Voxels",
			"from": [ 9, 2.5, 3 ],
			"to": [ 13, 3, 3.5 ],
			"faces": {
				"down": { "uv": [ 5.75, 12.5, 7.75, 12.75 ], "texture": "#carrot_on_a_stick" },
				"up": { "uv": [ 5.75, 12, 7.75, 11.75 ], "texture": "#carrot_on_a_stick" },
				"north": { "uv": [ 7.75, 11.5, 5.75, 11.75 ], "texture": "#carrot_on_a_stick" },
				"south": { "uv": [ 5.75, 11.25, 7.75, 11.5 ], "texture": "#carrot_on_a_stick" },
				"west": { "uv": [ 7.75, 10, 8, 10.25 ], "texture": "#carrot_on_a_stick" },
				"east": { "uv": [ 5.75, 10, 5.5, 10.25 ], "texture": "#carrot_on_a_stick" }
			}
		},
		{
			"__comment": "Voxels",
			"from": [ 9.5, 2, 3 ],
			"to": [ 13, 2.5, 3.5 ],
			"faces": {
				"down": { "uv": [ 4, 12, 5.75, 12.25 ], "texture": "#carrot_on_a_stick" },
				"up": { "uv": [ 4, 14.5, 5.75, 14.25 ], "texture": "#carrot_on_a_stick" },
				"north": { "uv": [ 5.75, 12.25, 4, 12.5 ], "texture": "#carrot_on_a_stick" },
				"south": { "uv": [ 4, 13.5, 5.75, 13.75 ], "texture": "#carrot_on_a_stick" },
				"west": { "uv": [ 5.5, 9.75, 5.75, 10 ], "texture": "#carrot_on_a_stick" },
				"east": { "uv": [ 5.75, 9.5, 5.5, 9.75 ], "texture": "#carrot_on_a_stick" }
			}
		},
		{
			"__comment": "Voxels",
			"from": [ 9.5, 3, 3 ],
			"to": [ 13, 3.5, 3.5 ],
			"faces": {
				"down": { "uv": [ 4, 12.75, 5.75, 13 ], "texture": "#carrot_on_a_stick" },
				"up": { "uv": [ 4, 14.25, 5.75, 14 ], "texture": "#carrot_on_a_stick" },
				"north": { "uv": [ 5.75, 13, 4, 13.25 ], "texture": "#carrot_on_a_stick" },
				"south": { "uv": [ 4, 13.25, 5.75, 13.5 ], "texture": "#carrot_on_a_stick" },
				"west": { "uv": [ 7.75, 12.25, 8, 12.5 ], "texture": "#carrot_on_a_stick" },
				"east": { "uv": [ 5.75, 9.25, 5.5, 9.5 ], "texture": "#carrot_on_a_stick" }
			}
		},
		{
			"__comment": "Voxels",
			"from": [ 10, 1, 3 ],
			"to": [ 10.5, 2, 3.5 ],
			"faces": {
				"down": { "uv": [ 5.5, 9, 5.75, 9.25 ], "texture": "#carrot_on_a_stick" },
				"up": { "uv": [ 5.5, 9, 5.75, 8.75 ], "texture": "#carrot_on_a_stick" },
				"north": { "uv": [ 8, 13.5, 7.75, 14 ], "texture": "#carrot_on_a_stick" },
				"south": { "uv": [ 4.75, 8.25, 5, 8.75 ], "texture": "#carrot_on_a_stick" },
				"west": { "uv": [ 7.75, 15, 8, 15.5 ], "texture": "#carrot_on_a_stick" },
				"east": { "uv": [ 8, 14, 7.75, 14.5 ], "texture": "#carrot_on_a_stick" }
			}
		},
		{
			"__comment": "Voxels",
			"from": [ 10, 3.5, 3 ],
			"to": [ 11, 4, 3.5 ],
			"faces": {
				"down": { "uv": [ 5, 9.25, 5.5, 9.5 ], "texture": "#carrot_on_a_stick" },
				"up": { "uv": [ 5, 9.75, 5.5, 9.5 ], "texture": "#carrot_on_a_stick" },
				"north": { "uv": [ 5.5, 8.75, 5, 9 ], "texture": "#carrot_on_a_stick" },
				"south": { "uv": [ 15.25, 15.75, 15.75, 16 ], "texture": "#carrot_on_a_stick" },
				"west": { "uv": [ 11, 15.5, 11.25, 15.75 ], "texture": "#carrot_on_a_stick" },
				"east": { "uv": [ 11.5, 15.5, 11.25, 15.75 ], "texture": "#carrot_on_a_stick" }
			}
		},
		{
			"__comment": "Voxels",
			"from": [ 10, 4, 3 ],
			"to": [ 10.5, 4.5, 3.5 ],
			"faces": {
				"down": { "uv": [ 11.5, 15.5, 11.75, 15.75 ], "texture": "#carrot_on_a_stick" },
				"up": { "uv": [ 11.75, 15.75, 12, 15.5 ], "texture": "#carrot_on_a_stick" },
				"north": { "uv": [ 12.25, 15.5, 12, 15.75 ], "texture": "#carrot_on_a_stick" },
				"south": { "uv": [ 12.25, 15.5, 12.5, 15.75 ], "texture": "#carrot_on_a_stick" },
				"west": { "uv": [ 12.5, 15.5, 12.75, 15.75 ], "texture": "#carrot_on_a_stick" },
				"east": { "uv": [ 13, 15.5, 12.75, 15.75 ], "texture": "#carrot_on_a_stick" }
			}
		},
		{
			"__comment": "Voxels",
			"from": [ 10, 7, 3 ],
			"to": [ 13.5, 8.5, 3.5 ],
			"faces": {
				"down": { "uv": [ 4, 12.5, 5.75, 12.75 ], "texture": "#carrot_on_a_stick" },
				"up": { "uv": [ 4, 14, 5.75, 13.75 ], "texture": "#carrot_on_a_stick" },
				"north": { "uv": [ 5.75, 14.5, 4, 15.25 ], "texture": "#carrot_on_a_stick" },
				"south": { "uv": [ 4, 15.25, 5.75, 16 ], "texture": "#carrot_on_a_stick" },
				"west": { "uv": [ 4.5, 8, 4.75, 8.75 ], "texture": "#carrot_on_a_stick" },
				"east": { "uv": [ 5.5, 11.25, 5.25, 12 ], "texture": "#carrot_on_a_stick" }
			}
		},
		{
			"__comment": "Voxels",
			"from": [ 10.5, 1.5, 3 ],
			"to": [ 11, 2, 3.5 ],
			"faces": {
				"down": { "uv": [ 14.25, 15.5, 14.5, 15.75 ], "texture": "#carrot_on_a_stick" },
				"up": { "uv": [ 14.5, 15.75, 14.75, 15.5 ], "texture": "#carrot_on_a_stick" },
				"north": { "uv": [ 15, 15.5, 14.75, 15.75 ], "texture": "#carrot_on_a_stick" },
				"south": { "uv": [ 15.5, 15.5, 15.75, 15.75 ], "texture": "#carrot_on_a_stick" },
				"west": { "uv": [ 15.75, 15.5, 16, 15.75 ], "texture": "#carrot_on_a_stick" },
				"east": { "uv": [ 8, 13.25, 7.75, 13.5 ], "texture": "#carrot_on_a_stick" }
			}
		},
		{
			"__comment": "Voxels",
			"from": [ 12, 6.5, 3 ],
			"to": [ 13, 7, 3.5 ],
			"faces": {
				"down": { "uv": [ 5, 9, 5.5, 9.25 ], "texture": "#carrot_on_a_stick" },
				"up": { "uv": [ 5.25, 8.25, 5.75, 8 ], "texture": "#carrot_on_a_stick" },
				"north": { "uv": [ 5.5, 11, 5, 11.25 ], "texture": "#carrot_on_a_stick" },
				"south": { "uv": [ 5, 10.75, 5.5, 11 ], "texture": "#carrot_on_a_stick" },
				"west": { "uv": [ 7.75, 11.75, 8, 12 ], "texture": "#carrot_on_a_stick" },
				"east": { "uv": [ 8, 11.5, 7.75, 11.75 ], "texture": "#carrot_on_a_stick" }
			}
		},
		{
			"__comment": "Voxels",
			"from": [ 12, 8.5, 3 ],
			"to": [ 13, 9, 3.5 ],
			"faces": {
				"down": { "uv": [ 5, 10.5, 5.5, 10.75 ], "texture": "#carrot_on_a_stick" },
				"up": { "uv": [ 5, 10.5, 5.5, 10.25 ], "texture": "#carrot_on_a_stick" },
				"north": { "uv": [ 5.5, 10, 5, 10.25 ], "texture": "#carrot_on_a_stick" },
				"south": { "uv": [ 5, 9.75, 5.5, 10 ], "texture": "#carrot_on_a_stick" },
				"west": { "uv": [ 7.75, 9.75, 8, 10 ], "texture": "#carrot_on_a_stick" },
				"east": { "uv": [ 8, 9.5, 7.75, 9.75 ], "texture": "#carrot_on_a_stick" }
			}
		},
		{
			"__comment": "Voxels",
			"from": [ 12.5, 6, 3 ],
			"to": [ 13, 6.5, 3.5 ],
			"faces": {
				"down": { "uv": [ 7.75, 9.25, 8, 9.5 ], "texture": "#carrot_on_a_stick" },
				"up": { "uv": [ 7.75, 9.25, 8, 9 ], "texture": "#carrot_on_a_stick" },
				"north": { "uv": [ 8, 8.75, 7.75, 9 ], "texture": "#carrot_on_a_stick" },
				"south": { "uv": [ 7.75, 8.5, 8, 8.75 ], "texture": "#carrot_on_a_stick" },
				"west": { "uv": [ 8, 15.25, 8.25, 15.5 ], "texture": "#carrot_on_a_stick" },
				"east": { "uv": [ 8.25, 15, 8, 15.25 ], "texture": "#carrot_on_a_stick" }
			}
		},
		{
			"__comment": "Voxels",
			"from": [ 12.5, 9, 3 ],
			"to": [ 13, 9.5, 3.5 ],
			"faces": {
				"down": { "uv": [ 8, 14.75, 8.25, 15 ], "texture": "#carrot_on_a_stick" },
				"up": { "uv": [ 8, 14.75, 8.25, 14.5 ], "texture": "#carrot_on_a_stick" },
				"north": { "uv": [ 5.75, 11, 5.5, 11.25 ], "texture": "#carrot_on_a_stick" },
				"south": { "uv": [ 5.5, 10.75, 5.75, 11 ], "texture": "#carrot_on_a_stick" },
				"west": { "uv": [ 5.5, 10.5, 5.75, 10.75 ], "texture": "#carrot_on_a_stick" },
				"east": { "uv": [ 5.75, 10.25, 5.5, 10.5 ], "texture": "#carrot_on_a_stick" }
			}
		},
		{
			"__comment": "Voxels",
			"from": [ 13.5, 4, 3 ],
			"to": [ 18.5, 6.5, 3.5 ],
			"faces": {
				"down": { "uv": [ 7.75, 15.5, 10.25, 15.75 ], "texture": "#carrot_on_a_stick" },
				"up": { "uv": [ 12.75, 16, 15.25, 15.75 ], "texture": "#carrot_on_a_stick" },
				"north": { "uv": [ 2.5, 12.25, 0, 13.5 ], "texture": "#carrot_on_a_stick" },
				"south": { "uv": [ 0, 11, 2.5, 12.25 ], "texture": "#carrot_on_a_stick" },
				"west": { "uv": [ 4.5, 10.75, 4.75, 12 ], "texture": "#carrot_on_a_stick" },
				"east": { "uv": [ 4.25, 10.75, 4, 12 ], "texture": "#carrot_on_a_stick" }
			}
		},
		{
			"__comment": "Voxels",
			"from": [ 13.5, 7.5, 3 ],
			"to": [ 14, 8, 3.5 ],
			"faces": {
				"down": { "uv": [ 4.75, 8, 5, 8.25 ], "texture": "#carrot_on_a_stick" },
				"up": { "uv": [ 5, 8.25, 5.25, 8 ], "texture": "#carrot_on_a_stick" },
				"north": { "uv": [ 16, 15.75, 15.75, 16 ], "texture": "#carrot_on_a_stick" },
				"south": { "uv": [ 10.25, 15.5, 10.5, 15.75 ], "texture": "#carrot_on_a_stick" },
				"west": { "uv": [ 10.5, 15.5, 10.75, 15.75 ], "texture": "#carrot_on_a_stick" },
				"east": { "uv": [ 11, 15.5, 10.75, 15.75 ], "texture": "#carrot_on_a_stick" }
			}
		},
		{
			"__comment": "Voxels",
			"from": [ 14, 0.5, 3 ],
			"to": [ 18, 1.5, 3.5 ],
			"faces": {
				"down": { "uv": [ 5.75, 10, 7.75, 10.25 ], "texture": "#carrot_on_a_stick" },
				"up": { "uv": [ 5.75, 10.5, 7.75, 10.25 ], "texture": "#carrot_on_a_stick" },
				"north": { "uv": [ 7.75, 14, 5.75, 14.5 ], "texture": "#carrot_on_a_stick" },
				"south": { "uv": [ 5.75, 14.5, 7.75, 15 ], "texture": "#carrot_on_a_stick" },
				"west": { "uv": [ 5, 8.25, 5.25, 8.75 ], "texture": "#carrot_on_a_stick" },
				"east": { "uv": [ 5.5, 8.25, 5.25, 8.75 ], "texture": "#carrot_on_a_stick" }
			}
		},
		{
			"__comment": "Voxels",
			"from": [ 14, 3.5, 3 ],
			"to": [ 18, 4, 3.5 ],
			"faces": {
				"down": { "uv": [ 5.75, 8, 7.75, 8.25 ], "texture": "#carrot_on_a_stick" },
				"up": { "uv": [ 5.75, 11.25, 7.75, 11 ], "texture": "#carrot_on_a_stick" },
				"north": { "uv": [ 7.75, 12, 5.75, 12.25 ], "texture": "#carrot_on_a_stick" },
				"south": { "uv": [ 5.75, 9.5, 7.75, 9.75 ], "texture": "#carrot_on_a_stick" },
				"west": { "uv": [ 13.5, 15.5, 13.75, 15.75 ], "texture": "#carrot_on_a_stick" },
				"east": { "uv": [ 14, 15.5, 13.75, 15.75 ], "texture": "#carrot_on_a_stick" }
			}
		},
		{
			"__comment": "Voxels",
			"from": [ 14, 6.5, 3 ],
			"to": [ 18, 7, 3.5 ],
			"faces": {
				"down": { "uv": [ 5.75, 9, 7.75, 9.25 ], "texture": "#carrot_on_a_stick" },
				"up": { "uv": [ 5.75, 9.5, 7.75, 9.25 ], "texture": "#carrot_on_a_stick" },
				"north": { "uv": [ 7.75, 10.5, 5.75, 10.75 ], "texture": "#carrot_on_a_stick" },
				"south": { "uv": [ 5.75, 10.75, 7.75, 11 ], "texture": "#carrot_on_a_stick" },
				"west": { "uv": [ 15, 15.5, 15.25, 15.75 ], "texture": "#carrot_on_a_stick" },
				"east": { "uv": [ 15.5, 15.5, 15.25, 15.75 ], "texture": "#carrot_on_a_stick" }
			}
		},
		{
			"__comment": "Voxels",
			"from": [ 14.5, 1.5, 3 ],
			"to": [ 17.5, 3.5, 3.5 ],
			"faces": {
				"down": { "uv": [ 2.5, 10.25, 4, 10.5 ], "texture": "#carrot_on_a_stick" },
				"up": { "uv": [ 2.5, 10.25, 4, 10 ], "texture": "#carrot_on_a_stick" },
				"north": { "uv": [ 1.5, 8, 0, 9 ], "texture": "#carrot_on_a_stick" },
				"south": { "uv": [ 2.5, 15, 4, 16 ], "texture": "#carrot_on_a_stick" },
				"west": { "uv": [ 1.75, 9, 2, 10 ], "texture": "#carrot_on_a_stick" },
				"east": { "uv": [ 1.75, 9, 1.5, 10 ], "texture": "#carrot_on_a_stick" }
			}
		},
		{
			"__comment": "Voxels",
			"from": [ 14.5, 7, 3 ],
			"to": [ 17.5, 7.5, 3.5 ],
			"faces": {
				"down": { "uv": [ 2.5, 9.75, 4, 10 ], "texture": "#carrot_on_a_stick" },
				"up": { "uv": [ 2.5, 9.5, 4, 9.25 ], "texture": "#carrot_on_a_stick" },
				"north": { "uv": [ 4, 10.5, 2.5, 10.75 ], "texture": "#carrot_on_a_stick" },
				"south": { "uv": [ 2.5, 9, 4, 9.25 ], "texture": "#carrot_on_a_stick" },
				"west": { "uv": [ 7.75, 11.25, 8, 11.5 ], "texture": "#carrot_on_a_stick" },
				"east": { "uv": [ 8, 11, 7.75, 11.25 ], "texture": "#carrot_on_a_stick" }
			}
		},
		{
			"__comment": "Voxels",
			"from": [ 14.5, 8, 3 ],
			"to": [ 17.5, 9.5, 3.5 ],
			"faces": {
				"down": { "uv": [ 2.5, 8.75, 4, 9 ], "texture": "#carrot_on_a_stick" },
				"up": { "uv": [ 2.5, 8.75, 4, 8.5 ], "texture": "#carrot_on_a_stick" },
				"north": { "uv": [ 4, 12, 2.5, 12.75 ], "texture": "#carrot_on_a_stick" },
				"south": { "uv": [ 2.5, 13.5, 4, 14.25 ], "texture": "#carrot_on_a_stick" },
				"west": { "uv": [ 5.5, 11.25, 5.75, 12 ], "texture": "#carrot_on_a_stick" },
				"east": { "uv": [ 4.25, 8, 4, 8.75 ], "texture": "#carrot_on_a_stick" }
			}
		},
		{
			"__comment": "Voxels",
			"from": [ 15, 7.5, 3 ],
			"to": [ 17, 8, 3.5 ],
			"faces": {
				"down": { "uv": [ 1.5, 8, 2.5, 8.25 ], "texture": "#carrot_on_a_stick" },
				"up": { "uv": [ 1.5, 10.25, 2.5, 10 ], "texture": "#carrot_on_a_stick" },
				"north": { "uv": [ 5, 10.5, 4, 10.75 ], "texture": "#carrot_on_a_stick" },
				"south": { "uv": [ 4, 9.25, 5, 9.5 ], "texture": "#carrot_on_a_stick" },
				"west": { "uv": [ 7.75, 8.25, 8, 8.5 ], "texture": "#carrot_on_a_stick" },
				"east": { "uv": [ 8, 8, 7.75, 8.25 ], "texture": "#carrot_on_a_stick" }
			}
		},
		{
			"__comment": "Voxels",
			"from": [ 15, 9.5, 3 ],
			"to": [ 17, 10, 3.5 ],
			"faces": {
				"down": { "uv": [ 4, 9, 5, 9.25 ], "texture": "#carrot_on_a_stick" },
				"up": { "uv": [ 4, 9, 5, 8.75 ], "texture": "#carrot_on_a_stick" },
				"north": { "uv": [ 2.5, 10.75, 1.5, 11 ], "texture": "#carrot_on_a_stick" },
				"south": { "uv": [ 1.5, 10.5, 2.5, 10.75 ], "texture": "#carrot_on_a_stick" },
				"west": { "uv": [ 8, 14.25, 8.25, 14.5 ], "texture": "#carrot_on_a_stick" },
				"east": { "uv": [ 8.25, 14, 8, 14.25 ], "texture": "#carrot_on_a_stick" }
			}
		}
	],
	"display": {
		"thirdperson_righthand": {
			"translation":  [ -2.086, 3.4782, 4.1739 ],
			"scale":  [ 0.5, 0.5, 0.5 ]
		},
		"thirdperson_lefthand": {
			"translation":  [ 2.0879, 3.4782, 4.1739 ],
			"scale":  [ 0.5, 0.5, 0.5 ]
		},
		"firstperson_righthand": {
			"translation":  [ -3.476, 6.2608, 1.3912 ]
		},
		"firstperson_lefthand": {
			"translation":  [ 4.1761, 6.2608, 1.3912 ]
		},
		"gui": {
			"translation":  [ -3.478, 2.0869, 5.5652 ]
		},
		"head": {
			"translation":  [ -6.956, 9.0434, 6.9565 ],
			"scale":  [ 2, 2, 2 ]
		},
		"ground": {
			"translation":  [ -1.391, 1.3913, 2.7826 ],
			"scale":  [ 0.5, 0.5, 0.5 ]
		},
		"fixed": {
			"translation":  [ -3.477, 2.7826, 3.4782 ]
		}
	}
}