{
  "parent": "minecraft:item/hand_held",
  "textures": {
  "carrot_on_a_stick": "minecraft:item/timebomb"
	},
	"elements": [ 	 
		{
			"__comment": "Voxels",
			"from": [ 1.5, 6.5, 2.5 ],
			"to": [ 18.5, 14, 5.5 ],
			"faces": {
				"down": { "uv": [ 8, 11.5, 12.25, 12.25 ], "texture": "#carrot_on_a_stick" },
				"up": { "uv": [ 3.75, 12.25, 8, 11.5 ], "texture": "#carrot_on_a_stick" },
				"north": { "uv": [ 4.25, 14.125, 0, 16 ], "texture": "#carrot_on_a_stick" },
				"south": { "uv": [ 4.25, 14.125, 8.5, 16 ], "texture": "#carrot_on_a_stick" },
				"west": { "uv": [ 15.25, 14.125, 16, 16 ], "texture": "#carrot_on_a_stick" },
				"east": { "uv": [ 4.5, 6.5, 3.75, 8.375 ], "texture": "#carrot_on_a_stick" }
			}
		},
		{
			"__comment": "Voxels",
			"from": [ 1.5, 14, 3 ],
			"to": [ 18.5, 14.5, 5 ],
			"faces": {
				"down": { "uv": [ 11.75, 11, 16, 11.5 ], "texture": "#carrot_on_a_stick" },
				"up": { "uv": [ 3.75, 10.75, 8, 10.25 ], "texture": "#carrot_on_a_stick" },
				"north": { "uv": [ 14, 7.75, 9.75, 7.875 ], "texture": "#carrot_on_a_stick" },
				"south": { "uv": [ 9.75, 7.625, 14, 7.75 ], "texture": "#carrot_on_a_stick" },
				"west": { "uv": [ 3.25, 2.25, 3.75, 2.375 ], "texture": "#carrot_on_a_stick" },
				"east": { "uv": [ 5.875, 8.25, 5.375, 8.375 ], "texture": "#carrot_on_a_stick" }
			}
		},
		{
			"__comment": "Voxels",
			"from": [ 2, 6, 2.5 ],
			"to": [ 18, 6.5, 5.5 ],
			"faces": {
				"down": { "uv": [ 3.75, 10.75, 7.75, 11.5 ], "texture": "#carrot_on_a_stick" },
				"up": { "uv": [ 7.75, 11.5, 11.75, 10.75 ], "texture": "#carrot_on_a_stick" },
				"north": { "uv": [ 10.5, 7.375, 6.5, 7.5 ], "texture": "#carrot_on_a_stick" },
				"south": { "uv": [ 10.5, 7.375, 14.5, 7.5 ], "texture": "#carrot_on_a_stick" },
				"west": { "uv": [ 3, 2.125, 3.75, 2.25 ], "texture": "#carrot_on_a_stick" },
				"east": { "uv": [ 3.75, 2, 3, 2.125 ], "texture": "#carrot_on_a_stick" }
			}
		},
		{
			"__comment": "Voxels",
			"from": [ 2, 6.5, 2 ],
			"to": [ 18, 14, 2.5 ],
			"faces": {
				"down": { "uv": [ 6.5, 7.25, 10.5, 7.375 ], "texture": "#carrot_on_a_stick" },
				"up": { "uv": [ 10.5, 7.375, 14.5, 7.25 ], "texture": "#carrot_on_a_stick" },
				"north": { "uv": [ 12, 12.25, 8, 14.125 ], "texture": "#carrot_on_a_stick" },
				"south": { "uv": [ 8.5, 14.125, 12.5, 16 ], "texture": "#carrot_on_a_stick" },
				"west": { "uv": [ 15.75, 12.25, 15.875, 14.125 ], "texture": "#carrot_on_a_stick" },
				"east": { "uv": [ 4.75, 6.5, 4.625, 8.375 ], "texture": "#carrot_on_a_stick" }
			}
		},
		{
			"__comment": "Voxels",
			"from": [ 2, 6.5, 5.5 ],
			"to": [ 18, 14, 6 ],
			"faces": {
				"down": { "uv": [ 6.5, 7.125, 10.5, 7.25 ], "texture": "#carrot_on_a_stick" },
				"up": { "uv": [ 10.5, 7.25, 14.5, 7.125 ], "texture": "#carrot_on_a_stick" },
				"north": { "uv": [ 4, 12.25, 0, 14.125 ], "texture": "#carrot_on_a_stick" },
				"south": { "uv": [ 4, 12.25, 8, 14.125 ], "texture": "#carrot_on_a_stick" },
				"west": { "uv": [ 4.5, 6.5, 4.625, 8.375 ], "texture": "#carrot_on_a_stick" },
				"east": { "uv": [ 5.25, 6.5, 5.125, 8.375 ], "texture": "#carrot_on_a_stick" }
			}
		},
		{
			"__comment": "Voxels",
			"from": [ 2, 14, 2.5 ],
			"to": [ 18, 14.5, 3 ],
			"faces": {
				"down": { "uv": [ 10.5, 7, 14.5, 7.125 ], "texture": "#carrot_on_a_stick" },
				"up": { "uv": [ 6.5, 7, 10.5, 6.875 ], "texture": "#carrot_on_a_stick" },
				"north": { "uv": [ 14.5, 6.875, 10.5, 7 ], "texture": "#carrot_on_a_stick" },
				"south": { "uv": [ 6.5, 6.75, 10.5, 6.875 ], "texture": "#carrot_on_a_stick" },
				"west": { "uv": [ 6.375, 4.75, 6.5, 4.875 ], "texture": "#carrot_on_a_stick" },
				"east": { "uv": [ 3.875, 4.625, 3.75, 4.75 ], "texture": "#carrot_on_a_stick" }
			}
		},
		{
			"__comment": "Voxels",
			"from": [ 2, 14, 5 ],
			"to": [ 18, 14.5, 5.5 ],
			"faces": {
				"down": { "uv": [ 6.5, 6.625, 10.5, 6.75 ], "texture": "#carrot_on_a_stick" },
				"up": { "uv": [ 10.5, 6.75, 14.5, 6.625 ], "texture": "#carrot_on_a_stick" },
				"north": { "uv": [ 10.5, 7.5, 6.5, 7.625 ], "texture": "#carrot_on_a_stick" },
				"south": { "uv": [ 10.5, 7.5, 14.5, 7.625 ], "texture": "#carrot_on_a_stick" },
				"west": { "uv": [ 3.875, 4.625, 4, 4.75 ], "texture": "#carrot_on_a_stick" },
				"east": { "uv": [ 5, 4.625, 4.875, 4.75 ], "texture": "#carrot_on_a_stick" }
			}
		},
		{
			"__comment": "Voxels",
			"from": [ 2, 14.5, 3 ],
			"to": [ 18, 15, 5 ],
			"faces": {
				"down": { "uv": [ 8, 10.25, 12, 10.75 ], "texture": "#carrot_on_a_stick" },
				"up": { "uv": [ 12, 10.75, 16, 10.25 ], "texture": "#carrot_on_a_stick" },
				"north": { "uv": [ 10.5, 7, 6.5, 7.125 ], "texture": "#carrot_on_a_stick" },
				"south": { "uv": [ 10.5, 6.75, 14.5, 6.875 ], "texture": "#carrot_on_a_stick" },
				"west": { "uv": [ 15.5, 10.75, 16, 10.875 ], "texture": "#carrot_on_a_stick" },
				"east": { "uv": [ 3.75, 2.375, 3.25, 2.5 ], "texture": "#carrot_on_a_stick" }
			}
		},
		{
			"__comment": "Voxels",
			"from": [ 2.5, 5.5, 2.5 ],
			"to": [ 17.5, 6, 5.5 ],
			"faces": {
				"down": { "uv": [ 0, 3.75, 3.75, 4.5 ], "texture": "#carrot_on_a_stick" },
				"up": { "uv": [ 0, 5.25, 3.75, 4.5 ], "texture": "#carrot_on_a_stick" },
				"north": { "uv": [ 10.25, 5.375, 6.5, 5.5 ], "texture": "#carrot_on_a_stick" },
				"south": { "uv": [ 10.25, 6.125, 14, 6.25 ], "texture": "#carrot_on_a_stick" },
				"west": { "uv": [ 3, 1.625, 3.75, 1.75 ], "texture": "#carrot_on_a_stick" },
				"east": { "uv": [ 3.75, 1.5, 3, 1.625 ], "texture": "#carrot_on_a_stick" }
			}
		},
		{
			"__comment": "Voxels",
			"from": [ 2.5, 6, 2 ],
			"to": [ 17.5, 6.5, 2.5 ],
			"faces": {
				"down": { "uv": [ 6.5, 6.25, 10.25, 6.375 ], "texture": "#carrot_on_a_stick" },
				"up": { "uv": [ 10.25, 6.5, 14, 6.375 ], "texture": "#carrot_on_a_stick" },
				"north": { "uv": [ 10.25, 6.375, 6.5, 6.5 ], "texture": "#carrot_on_a_stick" },
				"south": { "uv": [ 10.25, 6.5, 14, 6.625 ], "texture": "#carrot_on_a_stick" },
				"west": { "uv": [ 5.75, 4.625, 5.875, 4.75 ], "texture": "#carrot_on_a_stick" },
				"east": { "uv": [ 6, 4.625, 5.875, 4.75 ], "texture": "#carrot_on_a_stick" }
			}
		},
		{
			"__comment": "Voxels",
			"from": [ 2.5, 6, 5.5 ],
			"to": [ 17.5, 6.5, 6 ],
			"faces": {
				"down": { "uv": [ 6.5, 6.5, 10.25, 6.625 ], "texture": "#carrot_on_a_stick" },
				"up": { "uv": [ 6.5, 4.625, 10.25, 4.5 ], "texture": "#carrot_on_a_stick" },
				"north": { "uv": [ 10.25, 4.25, 6.5, 4.375 ], "texture": "#carrot_on_a_stick" },
				"south": { "uv": [ 6.5, 4.375, 10.25, 4.5 ], "texture": "#carrot_on_a_stick" },
				"west": { "uv": [ 6.25, 4.625, 6.375, 4.75 ], "texture": "#carrot_on_a_stick" },
				"east": { "uv": [ 5.625, 4.5, 5.5, 4.625 ], "texture": "#carrot_on_a_stick" }
			}
		},
		{
			"__comment": "Voxels",
			"from": [ 2.5, 6.5, 1.5 ],
			"to": [ 17.5, 14, 2 ],
			"faces": {
				"down": { "uv": [ 6.5, 6, 10.25, 6.125 ], "texture": "#carrot_on_a_stick" },
				"up": { "uv": [ 6.5, 6, 10.25, 5.875 ], "texture": "#carrot_on_a_stick" },
				"north": { "uv": [ 15.75, 12.25, 12, 14.125 ], "texture": "#carrot_on_a_stick" },
				"south": { "uv": [ 0, 8.5, 3.75, 10.375 ], "texture": "#carrot_on_a_stick" },
				"west": { "uv": [ 4.75, 6.5, 4.875, 8.375 ], "texture": "#carrot_on_a_stick" },
				"east": { "uv": [ 16, 12.25, 15.875, 14.125 ], "texture": "#carrot_on_a_stick" }
			}
		},
		{
			"__comment": "Voxels",
			"from": [ 2.5, 6.5, 6 ],
			"to": [ 17.5, 14, 6.5 ],
			"faces": {
				"down": { "uv": [ 6.5, 6.125, 10.25, 6.25 ], "texture": "#carrot_on_a_stick" },
				"up": { "uv": [ 10.25, 6.125, 14, 6 ], "texture": "#carrot_on_a_stick" },
				"north": { "uv": [ 3.75, 10.375, 0, 12.25 ], "texture": "#carrot_on_a_stick" },
				"south": { "uv": [ 0, 6.625, 3.75, 8.5 ], "texture": "#carrot_on_a_stick" },
				"west": { "uv": [ 5, 6.5, 5.125, 8.375 ], "texture": "#carrot_on_a_stick" },
				"east": { "uv": [ 5, 6.5, 4.875, 8.375 ], "texture": "#carrot_on_a_stick" }
			}
		},
		{
			"__comment": "Voxels",
			"from": [ 2.5, 14, 2 ],
			"to": [ 17.5, 14.5, 2.5 ],
			"faces": {
				"down": { "uv": [ 10.25, 5.875, 14, 6 ], "texture": "#carrot_on_a_stick" },
				"up": { "uv": [ 6.5, 5.875, 10.25, 5.75 ], "texture": "#carrot_on_a_stick" },
				"north": { "uv": [ 14, 5.75, 10.25, 5.875 ], "texture": "#carrot_on_a_stick" },
				"south": { "uv": [ 6.5, 5.625, 10.25, 5.75 ], "texture": "#carrot_on_a_stick" },
				"west": { "uv": [ 5.625, 4.5, 5.75, 4.625 ], "texture": "#carrot_on_a_stick" },
				"east": { "uv": [ 5.875, 4.5, 5.75, 4.625 ], "texture": "#carrot_on_a_stick" }
			}
		},
		{
			"__comment": "Voxels",
			"from": [ 2.5, 14, 5.5 ],
			"to": [ 17.5, 14.5, 6 ],
			"faces": {
				"down": { "uv": [ 6.5, 5.25, 10.25, 5.375 ], "texture": "#carrot_on_a_stick" },
				"up": { "uv": [ 6.5, 5.25, 10.25, 5.125 ], "texture": "#carrot_on_a_stick" },
				"north": { "uv": [ 14, 6.25, 10.25, 6.375 ], "texture": "#carrot_on_a_stick" },
				"south": { "uv": [ 6.5, 5, 10.25, 5.125 ], "texture": "#carrot_on_a_stick" },
				"west": { "uv": [ 3, 0, 3.125, 0.125 ], "texture": "#carrot_on_a_stick" },
				"east": { "uv": [ 3.25, 0, 3.125, 0.125 ], "texture": "#carrot_on_a_stick" }
			}
		},
		{
			"__comment": "Voxels",
			"from": [ 2.5, 14.5, 2.5 ],
			"to": [ 17.5, 15, 3 ],
			"faces": {
				"down": { "uv": [ 6.5, 4.875, 10.25, 5 ], "texture": "#carrot_on_a_stick" },
				"up": { "uv": [ 6.5, 4.875, 10.25, 4.75 ], "texture": "#carrot_on_a_stick" },
				"north": { "uv": [ 10.25, 4.625, 6.5, 4.75 ], "texture": "#carrot_on_a_stick" },
				"south": { "uv": [ 6.5, 5.5, 10.25, 5.625 ], "texture": "#carrot_on_a_stick" },
				"west": { "uv": [ 3.25, 0, 3.375, 0.125 ], "texture": "#carrot_on_a_stick" },
				"east": { "uv": [ 3.5, 0, 3.375, 0.125 ], "texture": "#carrot_on_a_stick" }
			}
		},
		{
			"__comment": "Voxels",
			"from": [ 2.5, 14.5, 5 ],
			"to": [ 17.5, 15, 5.5 ],
			"faces": {
				"down": { "uv": [ 6.5, 4.125, 10.25, 4.25 ], "texture": "#carrot_on_a_stick" },
				"up": { "uv": [ 6.5, 4.125, 10.25, 4 ], "texture": "#carrot_on_a_stick" },
				"north": { "uv": [ 10.25, 3.875, 6.5, 4 ], "texture": "#carrot_on_a_stick" },
				"south": { "uv": [ 6.5, 3.75, 10.25, 3.875 ], "texture": "#carrot_on_a_stick" },
				"west": { "uv": [ 15.5, 11.5, 15.625, 11.625 ], "texture": "#carrot_on_a_stick" },
				"east": { "uv": [ 15.75, 11.5, 15.625, 11.625 ], "texture": "#carrot_on_a_stick" }
			}
		},
		{
			"__comment": "Voxels",
			"from": [ 3.5, 15, 2.5 ],
			"to": [ 16.5, 17, 3.5 ],
			"faces": {
				"down": { "uv": [ 9.75, 7.875, 13, 8.125 ], "texture": "#carrot_on_a_stick" },
				"up": { "uv": [ 6.5, 7.875, 9.75, 7.625 ], "texture": "#carrot_on_a_stick" },
				"north": { "uv": [ 13, 9.125, 9.75, 9.625 ], "texture": "#carrot_on_a_stick" },
				"south": { "uv": [ 6.5, 9.125, 9.75, 9.625 ], "texture": "#carrot_on_a_stick" },
				"west": { "uv": [ 3.5, 2.5, 3.75, 3 ], "texture": "#carrot_on_a_stick" },
				"east": { "uv": [ 3.5, 2.5, 3.25, 3 ], "texture": "#carrot_on_a_stick" }
			}
		},
		{
			"__comment": "Voxels",
			"from": [ 3.5, 15, 3.5 ],
			"to": [ 17.5, 15.5, 4 ],
			"faces": {
				"down": { "uv": [ 6.5, 3.625, 10, 3.75 ], "texture": "#carrot_on_a_stick" },
				"up": { "uv": [ 6.5, 3.375, 10, 3.25 ], "texture": "#carrot_on_a_stick" },
				"north": { "uv": [ 10, 3.5, 6.5, 3.625 ], "texture": "#carrot_on_a_stick" },
				"south": { "uv": [ 6.5, 3.375, 10, 3.5 ], "texture": "#carrot_on_a_stick" },
				"west": { "uv": [ 6.375, 8.25, 6.5, 8.375 ], "texture": "#carrot_on_a_stick" },
				"east": { "uv": [ 6.5, 8.125, 6.375, 8.25 ], "texture": "#carrot_on_a_stick" }
			}
		},
		{
			"__comment": "Voxels",
			"from": [ 3.5, 15, 4 ],
			"to": [ 16.5, 15.5, 5.5 ],
			"faces": {
				"down": { "uv": [ 9.75, 8.375, 13, 8.75 ], "texture": "#carrot_on_a_stick" },
				"up": { "uv": [ 6.5, 8.75, 9.75, 8.375 ], "texture": "#carrot_on_a_stick" },
				"north": { "uv": [ 9.75, 3.125, 6.5, 3.25 ], "texture": "#carrot_on_a_stick" },
				"south": { "uv": [ 6.5, 2.75, 9.75, 2.875 ], "texture": "#carrot_on_a_stick" },
				"west": { "uv": [ 5.875, 7.625, 6.25, 7.75 ], "texture": "#carrot_on_a_stick" },
				"east": { "uv": [ 5.875, 7.5, 5.5, 7.625 ], "texture": "#carrot_on_a_stick" }
			}
		},
		{
			"__comment": "Voxels",
			"from": [ 3.5, 15.5, 4.5 ],
			"to": [ 16.5, 17, 5.5 ],
			"faces": {
				"down": { "uv": [ 6.5, 7.875, 9.75, 8.125 ], "texture": "#carrot_on_a_stick" },
				"up": { "uv": [ 11.75, 11, 15, 10.75 ], "texture": "#carrot_on_a_stick" },
				"north": { "uv": [ 13, 8.75, 9.75, 9.125 ], "texture": "#carrot_on_a_stick" },
				"south": { "uv": [ 6.5, 8.75, 9.75, 9.125 ], "texture": "#carrot_on_a_stick" },
				"west": { "uv": [ 2.75, 1.875, 3, 2.25 ], "texture": "#carrot_on_a_stick" },
				"east": { "uv": [ 3, 1.5, 2.75, 1.875 ], "texture": "#carrot_on_a_stick" }
			}
		},
		{
			"__comment": "Voxels",
			"from": [ 3.5, 16.5, 3.5 ],
			"to": [ 16.5, 17, 4.5 ],
			"faces": {
				"down": { "uv": [ 6.5, 8.125, 9.75, 8.375 ], "texture": "#carrot_on_a_stick" },
				"up": { "uv": [ 9.75, 8.375, 13, 8.125 ], "texture": "#carrot_on_a_stick" },
				"north": { "uv": [ 9.75, 2.875, 6.5, 3 ], "texture": "#carrot_on_a_stick" },
				"south": { "uv": [ 6.5, 3, 9.75, 3.125 ], "texture": "#carrot_on_a_stick" },
				"west": { "uv": [ 6, 5, 6.25, 5.125 ], "texture": "#carrot_on_a_stick" },
				"east": { "uv": [ 6.5, 5, 6.25, 5.125 ], "texture": "#carrot_on_a_stick" }
			}
		},
		{
			"__comment": "Voxels",
			"from": [ 4, 14.5, 2 ],
			"to": [ 16, 17, 2.5 ],
			"faces": {
				"down": { "uv": [ 13, 8.25, 16, 8.375 ], "texture": "#carrot_on_a_stick" },
				"up": { "uv": [ 13, 8.5, 16, 8.375 ], "texture": "#carrot_on_a_stick" },
				"north": { "uv": [ 6.75, 9.625, 3.75, 10.25 ], "texture": "#carrot_on_a_stick" },
				"south": { "uv": [ 12.25, 11.625, 15.25, 12.25 ], "texture": "#carrot_on_a_stick" },
				"west": { "uv": [ 15.875, 11.625, 16, 12.25 ], "texture": "#carrot_on_a_stick" },
				"east": { "uv": [ 3.375, 0.125, 3.25, 0.75 ], "texture": "#carrot_on_a_stick" }
			}
		},
		{
			"__comment": "Voxels",
			"from": [ 4, 14.5, 5.5 ],
			"to": [ 16, 17, 6 ],
			"faces": {
				"down": { "uv": [ 12.25, 11.5, 15.25, 11.625 ], "texture": "#carrot_on_a_stick" },
				"up": { "uv": [ 13, 8.875, 16, 8.75 ], "texture": "#carrot_on_a_stick" },
				"north": { "uv": [ 9.75, 9.625, 6.75, 10.25 ], "texture": "#carrot_on_a_stick" },
				"south": { "uv": [ 9.75, 9.625, 12.75, 10.25 ], "texture": "#carrot_on_a_stick" },
				"west": { "uv": [ 3.375, 0.125, 3.5, 0.75 ], "texture": "#carrot_on_a_stick" },
				"east": { "uv": [ 3.625, 0.125, 3.5, 0.75 ], "texture": "#carrot_on_a_stick" }
			}
		},
		{
			"__comment": "Voxels",
			"from": [ 4, 15.5, 3.5 ],
			"to": [ 16, 16.5, 4.5 ],
			"faces": {
				"down": { "uv": [ 13, 9.375, 16, 9.625 ], "texture": "#carrot_on_a_stick" },
				"up": { "uv": [ 13, 9.375, 16, 9.125 ], "texture": "#carrot_on_a_stick" },
				"north": { "uv": [ 16, 8.5, 13, 8.75 ], "texture": "#carrot_on_a_stick" },
				"south": { "uv": [ 13, 8.875, 16, 9.125 ], "texture": "#carrot_on_a_stick" },
				"west": { "uv": [ 15, 10.75, 15.25, 11 ], "texture": "#carrot_on_a_stick" },
				"east": { "uv": [ 15.5, 10.75, 15.25, 11 ], "texture": "#carrot_on_a_stick" }
			}
		},
		{
			"__comment": "Voxels",
			"from": [ 4, 17, 2.5 ],
			"to": [ 16, 17.5, 5.5 ],
			"faces": {
				"down": { "uv": [ 0, 3, 3, 3.75 ], "texture": "#carrot_on_a_stick" },
				"up": { "uv": [ 0, 3, 3, 2.25 ], "texture": "#carrot_on_a_stick" },
				"north": { "uv": [ 16, 8, 13, 8.125 ], "texture": "#carrot_on_a_stick" },
				"south": { "uv": [ 13, 8.125, 16, 8.25 ], "texture": "#carrot_on_a_stick" },
				"west": { "uv": [ 3, 1.875, 3.75, 2 ], "texture": "#carrot_on_a_stick" },
				"east": { "uv": [ 3.75, 1.75, 3, 1.875 ], "texture": "#carrot_on_a_stick" }
			}
		},
		{
			"__comment": "Voxels",
			"from": [ 4.5, 7.5, 6.5 ],
			"to": [ 15.5, 13, 7 ],
			"faces": {
				"down": { "uv": [ 3.75, 5.375, 6.5, 5.5 ], "texture": "#carrot_on_a_stick" },
				"up": { "uv": [ 3.75, 5.625, 6.5, 5.5 ], "texture": "#carrot_on_a_stick" },
				"north": { "uv": [ 15.25, 14.625, 12.5, 16 ], "texture": "#carrot_on_a_stick" },
				"south": { "uv": [ 0, 5.25, 2.75, 6.625 ], "texture": "#carrot_on_a_stick" },
				"west": { "uv": [ 2.75, 0.125, 2.875, 1.5 ], "texture": "#carrot_on_a_stick" },
				"east": { "uv": [ 3, 0.125, 2.875, 1.5 ], "texture": "#carrot_on_a_stick" }
			}
		},
		{
			"__comment": "Voxels",
			"from": [ 4.5, 14.5, 1.5 ],
			"to": [ 15.5, 17, 2 ],
			"faces": {
				"down": { "uv": [ 3.75, 6.125, 6.5, 6.25 ], "texture": "#carrot_on_a_stick" },
				"up": { "uv": [ 3.75, 6, 6.5, 5.875 ], "texture": "#carrot_on_a_stick" },
				"north": { "uv": [ 6.5, 8.375, 3.75, 9 ], "texture": "#carrot_on_a_stick" },
				"south": { "uv": [ 0, 0.125, 2.75, 0.75 ], "texture": "#carrot_on_a_stick" },
				"west": { "uv": [ 15.375, 11.625, 15.5, 12.25 ], "texture": "#carrot_on_a_stick" },
				"east": { "uv": [ 15.375, 11.625, 15.25, 12.25 ], "texture": "#carrot_on_a_stick" }
			}
		},
		{
			"__comment": "Voxels",
			"from": [ 4.5, 14.5, 6 ],
			"to": [ 15.5, 17, 6.5 ],
			"faces": {
				"down": { "uv": [ 3.75, 5.75, 6.5, 5.875 ], "texture": "#carrot_on_a_stick" },
				"up": { "uv": [ 3.75, 5.75, 6.5, 5.625 ], "texture": "#carrot_on_a_stick" },
				"north": { "uv": [ 15.5, 9.625, 12.75, 10.25 ], "texture": "#carrot_on_a_stick" },
				"south": { "uv": [ 3.75, 9, 6.5, 9.625 ], "texture": "#carrot_on_a_stick" },
				"west": { "uv": [ 15.75, 9.625, 15.875, 10.25 ], "texture": "#carrot_on_a_stick" },
				"east": { "uv": [ 15.875, 11.625, 15.75, 12.25 ], "texture": "#carrot_on_a_stick" }
			}
		},
		{
			"__comment": "Voxels",
			"from": [ 4.5, 17, 2 ],
			"to": [ 15.5, 17.5, 2.5 ],
			"faces": {
				"down": { "uv": [ 12.5, 14.375, 15.25, 14.5 ], "texture": "#carrot_on_a_stick" },
				"up": { "uv": [ 12.5, 14.375, 15.25, 14.25 ], "texture": "#carrot_on_a_stick" },
				"north": { "uv": [ 6.5, 5.25, 3.75, 5.375 ], "texture": "#carrot_on_a_stick" },
				"south": { "uv": [ 3.75, 6, 6.5, 6.125 ], "texture": "#carrot_on_a_stick" },
				"west": { "uv": [ 6.375, 7.875, 6.5, 8 ], "texture": "#carrot_on_a_stick" },
				"east": { "uv": [ 5.375, 6.5, 5.25, 6.625 ], "texture": "#carrot_on_a_stick" }
			}
		},
		{
			"__comment": "Voxels",
			"from": [ 4.5, 17, 5.5 ],
			"to": [ 15.5, 17.5, 6 ],
			"faces": {
				"down": { "uv": [ 3.75, 6.25, 6.5, 6.375 ], "texture": "#carrot_on_a_stick" },
				"up": { "uv": [ 12.5, 14.25, 15.25, 14.125 ], "texture": "#carrot_on_a_stick" },
				"north": { "uv": [ 2.75, 0, 0, 0.125 ], "texture": "#carrot_on_a_stick" },
				"south": { "uv": [ 3.75, 6.375, 6.5, 6.5 ], "texture": "#carrot_on_a_stick" },
				"west": { "uv": [ 5.375, 7, 5.5, 7.125 ], "texture": "#carrot_on_a_stick" },
				"east": { "uv": [ 5.5, 6.875, 5.375, 7 ], "texture": "#carrot_on_a_stick" }
			}
		},
		{
			"__comment": "Voxels",
			"from": [ 4.5, 17.5, 2.5 ],
			"to": [ 15.5, 18, 5.5 ],
			"faces": {
				"down": { "uv": [ 0, 0.75, 2.75, 1.5 ], "texture": "#carrot_on_a_stick" },
				"up": { "uv": [ 0, 2.25, 2.75, 1.5 ], "texture": "#carrot_on_a_stick" },
				"north": { "uv": [ 6.5, 5.125, 3.75, 5.25 ], "texture": "#carrot_on_a_stick" },
				"south": { "uv": [ 12.5, 14.5, 15.25, 14.625 ], "texture": "#carrot_on_a_stick" },
				"west": { "uv": [ 3, 1.125, 3.75, 1.25 ], "texture": "#carrot_on_a_stick" },
				"east": { "uv": [ 3.75, 1, 3, 1.125 ], "texture": "#carrot_on_a_stick" }
			}
		},
		{
			"__comment": "Voxels",
			"from": [ 7.5, 14, 1.5 ],
			"to": [ 8.5, 14.5, 2 ],
			"faces": {
				"down": { "uv": [ 4.75, 5, 5, 5.125 ], "texture": "#carrot_on_a_stick" },
				"up": { "uv": [ 5, 5.125, 5.25, 5 ], "texture": "#carrot_on_a_stick" },
				"north": { "uv": [ 4, 5, 3.75, 5.125 ], "texture": "#carrot_on_a_stick" },
				"south": { "uv": [ 4, 5, 4.25, 5.125 ], "texture": "#carrot_on_a_stick" },
				"west": { "uv": [ 5.375, 6.75, 5.5, 6.875 ], "texture": "#carrot_on_a_stick" },
				"east": { "uv": [ 4.125, 4.75, 4, 4.875 ], "texture": "#carrot_on_a_stick" }
			}
		},
		{
			"__comment": "Voxels",
			"from": [ 7.5, 14, 6 ],
			"to": [ 8.5, 14.5, 6.5 ],
			"faces": {
				"down": { "uv": [ 4.5, 4.875, 4.75, 5 ], "texture": "#carrot_on_a_stick" },
				"up": { "uv": [ 4.75, 5, 5, 4.875 ], "texture": "#carrot_on_a_stick" },
				"north": { "uv": [ 5.25, 4.875, 5, 5 ], "texture": "#carrot_on_a_stick" },
				"south": { "uv": [ 5.25, 4.875, 5.5, 5 ], "texture": "#carrot_on_a_stick" },
				"west": { "uv": [ 4.125, 4.75, 4.25, 4.875 ], "texture": "#carrot_on_a_stick" },
				"east": { "uv": [ 4.375, 4.75, 4.25, 4.875 ], "texture": "#carrot_on_a_stick" }
			}
		},
		{
			"__comment": "Voxels",
			"from": [ 7.5, 14.5, 1 ],
			"to": [ 8.5, 17, 1.5 ],
			"faces": {
				"down": { "uv": [ 6, 4.875, 6.25, 5 ], "texture": "#carrot_on_a_stick" },
				"up": { "uv": [ 6.25, 5, 6.5, 4.875 ], "texture": "#carrot_on_a_stick" },
				"north": { "uv": [ 3.25, 3.125, 3, 3.75 ], "texture": "#carrot_on_a_stick" },
				"south": { "uv": [ 3.5, 3.125, 3.75, 3.75 ], "texture": "#carrot_on_a_stick" },
				"west": { "uv": [ 3, 0.125, 3.125, 0.75 ], "texture": "#carrot_on_a_stick" },
				"east": { "uv": [ 16, 9.625, 15.875, 10.25 ], "texture": "#carrot_on_a_stick" }
			}
		},
		{
			"__comment": "Voxels",
			"from": [ 7.5, 14.5, 6.5 ],
			"to": [ 8.5, 17, 7 ],
			"faces": {
				"down": { "uv": [ 3.5, 3, 3.75, 3.125 ], "texture": "#carrot_on_a_stick" },
				"up": { "uv": [ 3, 2.375, 3.25, 2.25 ], "texture": "#carrot_on_a_stick" },
				"north": { "uv": [ 3.5, 3.125, 3.25, 3.75 ], "texture": "#carrot_on_a_stick" },
				"south": { "uv": [ 2.75, 5.25, 3, 5.875 ], "texture": "#carrot_on_a_stick" },
				"west": { "uv": [ 15.5, 11.625, 15.625, 12.25 ], "texture": "#carrot_on_a_stick" },
				"east": { "uv": [ 15.75, 11.625, 15.625, 12.25 ], "texture": "#carrot_on_a_stick" }
			}
		},
		{
			"__comment": "Voxels",
			"from": [ 7.5, 17, 1.5 ],
			"to": [ 8.5, 17.5, 2 ],
			"faces": {
				"down": { "uv": [ 6.25, 7.5, 6.5, 7.625 ], "texture": "#carrot_on_a_stick" },
				"up": { "uv": [ 5.5, 7.5, 5.75, 7.375 ], "texture": "#carrot_on_a_stick" },
				"north": { "uv": [ 6, 7.375, 5.75, 7.5 ], "texture": "#carrot_on_a_stick" },
				"south": { "uv": [ 6, 7.375, 6.25, 7.5 ], "texture": "#carrot_on_a_stick" },
				"west": { "uv": [ 4.375, 4.75, 4.5, 4.875 ], "texture": "#carrot_on_a_stick" },
				"east": { "uv": [ 4.625, 4.75, 4.5, 4.875 ], "texture": "#carrot_on_a_stick" }
			}
		},
		{
			"__comment": "Voxels",
			"from": [ 7.5, 17, 6 ],
			"to": [ 8.5, 17.5, 6.5 ],
			"faces": {
				"down": { "uv": [ 5.75, 7.25, 6, 7.375 ], "texture": "#carrot_on_a_stick" },
				"up": { "uv": [ 6, 7.375, 6.25, 7.25 ], "texture": "#carrot_on_a_stick" },
				"north": { "uv": [ 6.5, 7.25, 6.25, 7.375 ], "texture": "#carrot_on_a_stick" },
				"south": { "uv": [ 5.5, 7.125, 5.75, 7.25 ], "texture": "#carrot_on_a_stick" },
				"west": { "uv": [ 4.625, 4.75, 4.75, 4.875 ], "texture": "#carrot_on_a_stick" },
				"east": { "uv": [ 4.875, 4.75, 4.75, 4.875 ], "texture": "#carrot_on_a_stick" }
			}
		},
		{
			"__comment": "Voxels",
			"from": [ 7.5, 17.5, 2 ],
			"to": [ 8.5, 18, 2.5 ],
			"faces": {
				"down": { "uv": [ 15.75, 11.5, 16, 11.625 ], "texture": "#carrot_on_a_stick" },
				"up": { "uv": [ 6.25, 7.875, 6.5, 7.75 ], "texture": "#carrot_on_a_stick" },
				"north": { "uv": [ 6.5, 7.625, 6.25, 7.75 ], "texture": "#carrot_on_a_stick" },
				"south": { "uv": [ 5.5, 6.75, 5.75, 6.875 ], "texture": "#carrot_on_a_stick" },
				"west": { "uv": [ 4.875, 4.75, 5, 4.875 ], "texture": "#carrot_on_a_stick" },
				"east": { "uv": [ 6.375, 4.75, 6.25, 4.875 ], "texture": "#carrot_on_a_stick" }
			}
		},
		{
			"__comment": "Voxels",
			"from": [ 7.5, 17.5, 5.5 ],
			"to": [ 8.5, 18, 6 ],
			"faces": {
				"down": { "uv": [ 3, 3, 3.25, 3.125 ], "texture": "#carrot_on_a_stick" },
				"up": { "uv": [ 5.5, 6.75, 5.75, 6.625 ], "texture": "#carrot_on_a_stick" },
				"north": { "uv": [ 5.75, 6.5, 5.5, 6.625 ], "texture": "#carrot_on_a_stick" },
				"south": { "uv": [ 5.75, 7.125, 6, 7.25 ], "texture": "#carrot_on_a_stick" },
				"west": { "uv": [ 5, 4.75, 5.125, 4.875 ], "texture": "#carrot_on_a_stick" },
				"east": { "uv": [ 5.25, 4.75, 5.125, 4.875 ], "texture": "#carrot_on_a_stick" }
			}
		},
		{
			"__comment": "Voxels",
			"from": [ 7.5, 18, 2.5 ],
			"to": [ 8.5, 18.5, 5.5 ],
			"faces": {
				"down": { "uv": [ 3.25, 5.875, 3.5, 6.625 ], "texture": "#carrot_on_a_stick" },
				"up": { "uv": [ 3.5, 6.625, 3.75, 5.875 ], "texture": "#carrot_on_a_stick" },
				"north": { "uv": [ 5.5, 5, 5.25, 5.125 ], "texture": "#carrot_on_a_stick" },
				"south": { "uv": [ 5.5, 5, 5.75, 5.125 ], "texture": "#carrot_on_a_stick" },
				"west": { "uv": [ 3, 1.375, 3.75, 1.5 ], "texture": "#carrot_on_a_stick" },
				"east": { "uv": [ 3.75, 1.25, 3, 1.375 ], "texture": "#carrot_on_a_stick" }
			}
		},
		{
			"__comment": "Voxels",
			"from": [ 11.5, 14, 1.5 ],
			"to": [ 12.5, 14.5, 2 ],
			"faces": {
				"down": { "uv": [ 5.75, 5, 6, 5.125 ], "texture": "#carrot_on_a_stick" },
				"up": { "uv": [ 3.75, 5, 4, 4.875 ], "texture": "#carrot_on_a_stick" },
				"north": { "uv": [ 4.25, 4.875, 4, 5 ], "texture": "#carrot_on_a_stick" },
				"south": { "uv": [ 4.25, 4.875, 4.5, 5 ], "texture": "#carrot_on_a_stick" },
				"west": { "uv": [ 5.5, 4.75, 5.625, 4.875 ], "texture": "#carrot_on_a_stick" },
				"east": { "uv": [ 5.75, 4.75, 5.625, 4.875 ], "texture": "#carrot_on_a_stick" }
			}
		},
		{
			"__comment": "Voxels",
			"from": [ 11.5, 14, 6 ],
			"to": [ 12.5, 14.5, 6.5 ],
			"faces": {
				"down": { "uv": [ 6.25, 7.375, 6.5, 7.5 ], "texture": "#carrot_on_a_stick" },
				"up": { "uv": [ 5.5, 7.375, 5.75, 7.25 ], "texture": "#carrot_on_a_stick" },
				"north": { "uv": [ 3.5, 3, 3.25, 3.125 ], "texture": "#carrot_on_a_stick" },
				"south": { "uv": [ 3.5, 0, 3.75, 0.125 ], "texture": "#carrot_on_a_stick" },
				"west": { "uv": [ 5.75, 4.75, 5.875, 4.875 ], "texture": "#carrot_on_a_stick" },
				"east": { "uv": [ 6, 4.75, 5.875, 4.875 ], "texture": "#carrot_on_a_stick" }
			}
		},
		{
			"__comment": "Voxels",
			"from": [ 11.5, 14.5, 1 ],
			"to": [ 12.5, 17, 1.5 ],
			"faces": {
				"down": { "uv": [ 6, 6.875, 6.25, 7 ], "texture": "#carrot_on_a_stick" },
				"up": { "uv": [ 5.5, 5, 5.75, 4.875 ], "texture": "#carrot_on_a_stick" },
				"north": { "uv": [ 3.25, 2.375, 3, 3 ], "texture": "#carrot_on_a_stick" },
				"south": { "uv": [ 3.25, 5.25, 3.5, 5.875 ], "texture": "#carrot_on_a_stick" },
				"west": { "uv": [ 3.125, 0.125, 3.25, 0.75 ], "texture": "#carrot_on_a_stick" },
				"east": { "uv": [ 3.75, 0.125, 3.625, 0.75 ], "texture": "#carrot_on_a_stick" }
			}
		},
		{
			"__comment": "Voxels",
			"from": [ 11.5, 14.5, 6.5 ],
			"to": [ 12.5, 17, 7 ],
			"faces": {
				"down": { "uv": [ 5.5, 7, 5.75, 7.125 ], "texture": "#carrot_on_a_stick" },
				"up": { "uv": [ 5.5, 7, 5.75, 6.875 ], "texture": "#carrot_on_a_stick" },
				"north": { "uv": [ 3.75, 5.25, 3.5, 5.875 ], "texture": "#carrot_on_a_stick" },
				"south": { "uv": [ 3, 5.25, 3.25, 5.875 ], "texture": "#carrot_on_a_stick" },
				"west": { "uv": [ 15.5, 9.625, 15.625, 10.25 ], "texture": "#carrot_on_a_stick" },
				"east": { "uv": [ 15.75, 9.625, 15.625, 10.25 ], "texture": "#carrot_on_a_stick" }
			}
		},
		{
			"__comment": "Voxels",
			"from": [ 11.5, 17, 1.5 ],
			"to": [ 12.5, 17.5, 2 ],
			"faces": {
				"down": { "uv": [ 6, 7.125, 6.25, 7.25 ], "texture": "#carrot_on_a_stick" },
				"up": { "uv": [ 6.25, 7.25, 6.5, 7.125 ], "texture": "#carrot_on_a_stick" },
				"north": { "uv": [ 6, 7, 5.75, 7.125 ], "texture": "#carrot_on_a_stick" },
				"south": { "uv": [ 6, 7, 6.25, 7.125 ], "texture": "#carrot_on_a_stick" },
				"west": { "uv": [ 2.75, 0, 2.875, 0.125 ], "texture": "#carrot_on_a_stick" },
				"east": { "uv": [ 3, 0, 2.875, 0.125 ], "texture": "#carrot_on_a_stick" }
			}
		},
		{
			"__comment": "Voxels",
			"from": [ 11.5, 17, 6 ],
			"to": [ 12.5, 17.5, 6.5 ],
			"faces": {
				"down": { "uv": [ 6.25, 7, 6.5, 7.125 ], "texture": "#carrot_on_a_stick" },
				"up": { "uv": [ 5.75, 7, 6, 6.875 ], "texture": "#carrot_on_a_stick" },
				"north": { "uv": [ 6, 6.75, 5.75, 6.875 ], "texture": "#carrot_on_a_stick" },
				"south": { "uv": [ 5.75, 6.625, 6, 6.75 ], "texture": "#carrot_on_a_stick" },
				"west": { "uv": [ 15.25, 11.5, 15.375, 11.625 ], "texture": "#carrot_on_a_stick" },
				"east": { "uv": [ 15.5, 11.5, 15.375, 11.625 ], "texture": "#carrot_on_a_stick" }
			}
		},
		{
			"__comment": "Voxels",
			"from": [ 11.5, 17.5, 2 ],
			"to": [ 12.5, 18, 2.5 ],
			"faces": {
				"down": { "uv": [ 5.75, 6.5, 6, 6.625 ], "texture": "#carrot_on_a_stick" },
				"up": { "uv": [ 3.75, 4.875, 4, 4.75 ], "texture": "#carrot_on_a_stick" },
				"north": { "uv": [ 6.5, 6.875, 6.25, 7 ], "texture": "#carrot_on_a_stick" },
				"south": { "uv": [ 6, 6.75, 6.25, 6.875 ], "texture": "#carrot_on_a_stick" },
				"west": { "uv": [ 6.375, 8, 6.5, 8.125 ], "texture": "#carrot_on_a_stick" },
				"east": { "uv": [ 6.5, 4.625, 6.375, 4.75 ], "texture": "#carrot_on_a_stick" }
			}
		},
		{
			"__comment": "Voxels",
			"from": [ 11.5, 17.5, 5.5 ],
			"to": [ 12.5, 18, 6 ],
			"faces": {
				"down": { "uv": [ 6, 6.625, 6.25, 6.75 ], "texture": "#carrot_on_a_stick" },
				"up": { "uv": [ 6, 6.625, 6.25, 6.5 ], "texture": "#carrot_on_a_stick" },
				"north": { "uv": [ 6.5, 6.625, 6.25, 6.75 ], "texture": "#carrot_on_a_stick" },
				"south": { "uv": [ 6.25, 6.5, 6.5, 6.625 ], "texture": "#carrot_on_a_stick" },
				"west": { "uv": [ 5.375, 6.625, 5.5, 6.75 ], "texture": "#carrot_on_a_stick" },
				"east": { "uv": [ 5.5, 6.5, 5.375, 6.625 ], "texture": "#carrot_on_a_stick" }
			}
		},
		{
			"__comment": "Voxels",
			"from": [ 11.5, 18, 2.5 ],
			"to": [ 12.5, 18.5, 5.5 ],
			"faces": {
				"down": { "uv": [ 2.75, 5.875, 3, 6.625 ], "texture": "#carrot_on_a_stick" },
				"up": { "uv": [ 3, 6.625, 3.25, 5.875 ], "texture": "#carrot_on_a_stick" },
				"north": { "uv": [ 4.5, 5, 4.25, 5.125 ], "texture": "#carrot_on_a_stick" },
				"south": { "uv": [ 4.5, 5, 4.75, 5.125 ], "texture": "#carrot_on_a_stick" },
				"west": { "uv": [ 3, 0.75, 3.75, 0.875 ], "texture": "#carrot_on_a_stick" },
				"east": { "uv": [ 3.75, 0.875, 3, 1 ], "texture": "#carrot_on_a_stick" }
			}
		},
		{
			"__comment": "Voxels",
			"from": [ 16, 17.5, 3.5 ],
			"to": [ 18, 18, 4 ],
			"faces": {
				"down": { "uv": [ 5.375, 8.125, 5.875, 8.25 ], "texture": "#carrot_on_a_stick" },
				"up": { "uv": [ 5.375, 8.125, 5.875, 8 ], "texture": "#carrot_on_a_stick" },
				"north": { "uv": [ 16, 10.875, 15.5, 11 ], "texture": "#carrot_on_a_stick" },
				"south": { "uv": [ 5.375, 7.875, 5.875, 8 ], "texture": "#carrot_on_a_stick" },
				"west": { "uv": [ 5.25, 4.75, 5.375, 4.875 ], "texture": "#carrot_on_a_stick" },
				"east": { "uv": [ 5.5, 4.75, 5.375, 4.875 ], "texture": "#carrot_on_a_stick" }
			}
		},
		{
			"__comment": "Voxels",
			"from": [ 17, 15.5, 3.5 ],
			"to": [ 19, 16, 4 ],
			"faces": {
				"down": { "uv": [ 5.875, 8.25, 6.375, 8.375 ], "texture": "#carrot_on_a_stick" },
				"up": { "uv": [ 5.875, 8.25, 6.375, 8.125 ], "texture": "#carrot_on_a_stick" },
				"north": { "uv": [ 6.375, 8, 5.875, 8.125 ], "texture": "#carrot_on_a_stick" },
				"south": { "uv": [ 5.875, 7.875, 6.375, 8 ], "texture": "#carrot_on_a_stick" },
				"west": { "uv": [ 6, 4.75, 6.125, 4.875 ], "texture": "#carrot_on_a_stick" },
				"east": { "uv": [ 6.25, 4.75, 6.125, 4.875 ], "texture": "#carrot_on_a_stick" }
			}
		},
		{
			"__comment": "Voxels",
			"from": [ 17.5, 18, 3.5 ],
			"to": [ 19, 18.5, 4 ],
			"faces": {
				"down": { "uv": [ 5.875, 7.5, 6.25, 7.625 ], "texture": "#carrot_on_a_stick" },
				"up": { "uv": [ 5.5, 7.875, 5.875, 7.75 ], "texture": "#carrot_on_a_stick" },
				"north": { "uv": [ 6.25, 7.75, 5.875, 7.875 ], "texture": "#carrot_on_a_stick" },
				"south": { "uv": [ 5.5, 7.625, 5.875, 7.75 ], "texture": "#carrot_on_a_stick" },
				"west": { "uv": [ 4, 4.625, 4.125, 4.75 ], "texture": "#carrot_on_a_stick" },
				"east": { "uv": [ 4.25, 4.625, 4.125, 4.75 ], "texture": "#carrot_on_a_stick" }
			}
		},
		{
			"__comment": "Voxels",
			"from": [ 18, 18.5, 3 ],
			"to": [ 18.5, 19, 3.5 ],
			"faces": {
				"down": { "uv": [ 4.25, 4.625, 4.375, 4.75 ], "texture": "#carrot_on_a_stick" },
				"up": { "uv": [ 4.375, 4.75, 4.5, 4.625 ], "texture": "#carrot_on_a_stick" },
				"north": { "uv": [ 4.625, 4.625, 4.5, 4.75 ], "texture": "#carrot_on_a_stick" },
				"south": { "uv": [ 4.625, 4.625, 4.75, 4.75 ], "texture": "#carrot_on_a_stick" },
				"west": { "uv": [ 4.75, 4.625, 4.875, 4.75 ], "texture": "#carrot_on_a_stick" },
				"east": { "uv": [ 6, 4.5, 5.875, 4.625 ], "texture": "#carrot_on_a_stick" }
			}
		},
		{
			"__comment": "Voxels",
			"from": [ 18, 19, 3.5 ],
			"to": [ 18.5, 19.5, 4 ],
			"faces": {
				"down": { "uv": [ 5, 4.625, 5.125, 4.75 ], "texture": "#carrot_on_a_stick" },
				"up": { "uv": [ 5.125, 4.75, 5.25, 4.625 ], "texture": "#carrot_on_a_stick" },
				"north": { "uv": [ 5.375, 4.625, 5.25, 4.75 ], "texture": "#carrot_on_a_stick" },
				"south": { "uv": [ 5.375, 4.625, 5.5, 4.75 ], "texture": "#carrot_on_a_stick" },
				"west": { "uv": [ 5.5, 4.625, 5.625, 4.75 ], "texture": "#carrot_on_a_stick" },
				"east": { "uv": [ 5.75, 4.625, 5.625, 4.75 ], "texture": "#carrot_on_a_stick" }
			}
		},
		{
			"__comment": "Voxels",
			"from": [ 18.5, 17.5, 3 ],
			"to": [ 19, 18, 4 ],
			"faces": {
				"down": { "uv": [ 5.25, 6.625, 5.375, 6.875 ], "texture": "#carrot_on_a_stick" },
				"up": { "uv": [ 5.375, 7.375, 5.5, 7.125 ], "texture": "#carrot_on_a_stick" },
				"north": { "uv": [ 6.125, 4.625, 6, 4.75 ], "texture": "#carrot_on_a_stick" },
				"south": { "uv": [ 6.125, 4.625, 6.25, 4.75 ], "texture": "#carrot_on_a_stick" },
				"west": { "uv": [ 5.75, 4.875, 6, 5 ], "texture": "#carrot_on_a_stick" },
				"east": { "uv": [ 6.5, 6.75, 6.25, 6.875 ], "texture": "#carrot_on_a_stick" }
			}
		},
		{
			"__comment": "Voxels",
			"from": [ 18.5, 18, 4 ],
			"to": [ 19, 18.5, 4.5 ],
			"faces": {
				"down": { "uv": [ 3.75, 4.5, 3.875, 4.625 ], "texture": "#carrot_on_a_stick" },
				"up": { "uv": [ 3.875, 4.625, 4, 4.5 ], "texture": "#carrot_on_a_stick" },
				"north": { "uv": [ 4.125, 4.5, 4, 4.625 ], "texture": "#carrot_on_a_stick" },
				"south": { "uv": [ 4.125, 4.5, 4.25, 4.625 ], "texture": "#carrot_on_a_stick" },
				"west": { "uv": [ 4.25, 4.5, 4.375, 4.625 ], "texture": "#carrot_on_a_stick" },
				"east": { "uv": [ 4.5, 4.5, 4.375, 4.625 ], "texture": "#carrot_on_a_stick" }
			}
		},
		{
			"__comment": "Voxels",
			"from": [ 18.5, 19.5, 3.5 ],
			"to": [ 19, 20, 4 ],
			"faces": {
				"down": { "uv": [ 4.5, 4.5, 4.625, 4.625 ], "texture": "#carrot_on_a_stick" },
				"up": { "uv": [ 4.625, 4.625, 4.75, 4.5 ], "texture": "#carrot_on_a_stick" },
				"north": { "uv": [ 4.875, 4.5, 4.75, 4.625 ], "texture": "#carrot_on_a_stick" },
				"south": { "uv": [ 4.875, 4.5, 5, 4.625 ], "texture": "#carrot_on_a_stick" },
				"west": { "uv": [ 5, 4.5, 5.125, 4.625 ], "texture": "#carrot_on_a_stick" },
				"east": { "uv": [ 5.25, 4.5, 5.125, 4.625 ], "texture": "#carrot_on_a_stick" }
			}
		},
		{
			"__comment": "Voxels",
			"from": [ 19, 16, 3.5 ],
			"to": [ 19.5, 18, 4 ],
			"faces": {
				"down": { "uv": [ 5.25, 4.5, 5.375, 4.625 ], "texture": "#carrot_on_a_stick" },
				"up": { "uv": [ 5.375, 4.625, 5.5, 4.5 ], "texture": "#carrot_on_a_stick" },
				"north": { "uv": [ 5.375, 6.875, 5.25, 7.375 ], "texture": "#carrot_on_a_stick" },
				"south": { "uv": [ 5.375, 7.375, 5.5, 7.875 ], "texture": "#carrot_on_a_stick" },
				"west": { "uv": [ 5.25, 7.875, 5.375, 8.375 ], "texture": "#carrot_on_a_stick" },
				"east": { "uv": [ 5.375, 7.375, 5.25, 7.875 ], "texture": "#carrot_on_a_stick" }
			}
		},
		{
			"__comment": "Voxels",
			"from": [ 19, 17.5, 2.5 ],
			"to": [ 19.5, 18, 3 ],
			"faces": {
				"down": { "uv": [ 6, 4.5, 6.125, 4.625 ], "texture": "#carrot_on_a_stick" },
				"up": { "uv": [ 6.125, 4.625, 6.25, 4.5 ], "texture": "#carrot_on_a_stick" },
				"north": { "uv": [ 6.375, 4.5, 6.25, 4.625 ], "texture": "#carrot_on_a_stick" },
				"south": { "uv": [ 6.375, 4.5, 6.5, 4.625 ], "texture": "#carrot_on_a_stick" },
				"west": { "uv": [ 3.75, 4.375, 3.875, 4.5 ], "texture": "#carrot_on_a_stick" },
				"east": { "uv": [ 4, 4.375, 3.875, 4.5 ], "texture": "#carrot_on_a_stick" }
			}
		},
		{
			"__comment": "Voxels",
			"from": [ 19, 18.5, 3.5 ],
			"to": [ 19.5, 19, 4 ],
			"faces": {
				"down": { "uv": [ 4, 4.375, 4.125, 4.5 ], "texture": "#carrot_on_a_stick" },
				"up": { "uv": [ 4.125, 4.5, 4.25, 4.375 ], "texture": "#carrot_on_a_stick" },
				"north": { "uv": [ 4.375, 4.375, 4.25, 4.5 ], "texture": "#carrot_on_a_stick" },
				"south": { "uv": [ 4.375, 4.375, 4.5, 4.5 ], "texture": "#carrot_on_a_stick" },
				"west": { "uv": [ 4.5, 4.375, 4.625, 4.5 ], "texture": "#carrot_on_a_stick" },
				"east": { "uv": [ 4.75, 4.375, 4.625, 4.5 ], "texture": "#carrot_on_a_stick" }
			}
		},
		{
			"__comment": "Voxels",
			"from": [ 19, 18.5, 4.5 ],
			"to": [ 19.5, 19, 5 ],
			"faces": {
				"down": { "uv": [ 4.75, 4.375, 4.875, 4.5 ], "texture": "#carrot_on_a_stick" },
				"up": { "uv": [ 4.875, 4.5, 5, 4.375 ], "texture": "#carrot_on_a_stick" },
				"north": { "uv": [ 5.125, 4.375, 5, 4.5 ], "texture": "#carrot_on_a_stick" },
				"south": { "uv": [ 5.125, 4.375, 5.25, 4.5 ], "texture": "#carrot_on_a_stick" },
				"west": { "uv": [ 5.25, 4.375, 5.375, 4.5 ], "texture": "#carrot_on_a_stick" },
				"east": { "uv": [ 5.5, 4.375, 5.375, 4.5 ], "texture": "#carrot_on_a_stick" }
			}
		},
		{
			"__comment": "Voxels",
			"from": [ 19.5, 17, 3.5 ],
			"to": [ 20, 17.5, 4 ],
			"faces": {
				"down": { "uv": [ 5.5, 4.375, 5.625, 4.5 ], "texture": "#carrot_on_a_stick" },
				"up": { "uv": [ 5.625, 4.5, 5.75, 4.375 ], "texture": "#carrot_on_a_stick" },
				"north": { "uv": [ 5.875, 4.375, 5.75, 4.5 ], "texture": "#carrot_on_a_stick" },
				"south": { "uv": [ 5.875, 4.375, 6, 4.5 ], "texture": "#carrot_on_a_stick" },
				"west": { "uv": [ 6, 4.375, 6.125, 4.5 ], "texture": "#carrot_on_a_stick" },
				"east": { "uv": [ 6.25, 4.375, 6.125, 4.5 ], "texture": "#carrot_on_a_stick" }
			}
		},
		{
			"__comment": "Voxels",
			"from": [ 19.5, 19, 3.5 ],
			"to": [ 20, 19.5, 4 ],
			"faces": {
				"down": { "uv": [ 6.25, 4.375, 6.375, 4.5 ], "texture": "#carrot_on_a_stick" },
				"up": { "uv": [ 6.375, 4.5, 6.5, 4.375 ], "texture": "#carrot_on_a_stick" },
				"north": { "uv": [ 3.875, 4.25, 3.75, 4.375 ], "texture": "#carrot_on_a_stick" },
				"south": { "uv": [ 3.875, 4.25, 4, 4.375 ], "texture": "#carrot_on_a_stick" },
				"west": { "uv": [ 4, 4.25, 4.125, 4.375 ], "texture": "#carrot_on_a_stick" },
				"east": { "uv": [ 4.25, 4.25, 4.125, 4.375 ], "texture": "#carrot_on_a_stick" }
			}
		}
	],
	"display": {
		"thirdperson_righthand": {
			"translation":  [ -1.391, 0.0006, 2.0868 ],
			"scale":  [ 0.7, 0.7, 0.7 ]
		},
		"thirdperson_lefthand": {
			"translation":  [ 1.3913, -0.695, 2.0869 ],
			"scale":  [ 0.7, 0.7, 0.7 ]
		},
		"firstperson_righthand": {
			"rotation":  [ 0, -14, 0 ],
			"translation":  [ 1.3913, -2.781, -8.347 ]
		},
		"firstperson_lefthand": {
			"rotation":  [ 0, -14, 0 ],
			"translation":  [ 7.6521, -3.476, -8.347 ]
		},
		"gui": {
			"translation":  [ -1.391, -2.782, 0 ],
			"scale":  [ 0.7, 0.7, 0.7 ]
		},
		"head": {
			"rotation":  [ 0, -180, 0 ],
			"translation":  [ 2.0872, 9.0434, -4.173 ]
		},
		"ground": {
			"rotation":  [ -90, 0, 0 ],
			"translation":  [ -2.782, 1.3919, 3.4782 ]
		},
		"fixed": {
			"rotation":  [ 0, -180, 0 ],
			"translation":  [ 2.0869, -3.477, -5.564 ]
		}
	}
}